id,name,group,course,grade,averageGrade
1,"Студент 1","ББМО-01-23",1,3.7,3.4
2,"Студент 2","ББМО-01-23",1,3.5,3.3
3,"Студент 3","ББМО-01-23",2,3.9,4
7,"Студент 7","ББМО-01-23",4,3.2,4.6
8,"Студент 8","ББМО-01-23",3,3.1,4
10,"Студент 10","ББМО-01-23",3,4.4,4.7
14,"Студент 14","ББМО-01-23",1,4.5,3.8
15,"Студент 15","ББМО-01-23",4,3.2,4.6
17,"Студент 17","ББМО-01-23",1,3.7,3.4
18,"Студент 18","ББМО-01-23",4,4.8,5.4
20,"Студент 20","ББМО-01-23",4,3.2,4.6
21,"Студент 21","ББМО-01-23",4,4.4,5.2
23,"Студент 23","ББМО-01-23",4,4.6,5.3
24,"Студент 24","ББМО-01-23",3,3.8,4.4
26,"Студент 26","ББМО-01-23",1,4.2,3.6
28,"Студент 28","ББМО-01-23",2,5,4.5
29,"Студент 29","ББМО-01-23",4,4.3,5.2
30,"Студент 30","ББМО-01-23",4,4.2,5.1
32,"Студент 32","ББМО-01-23",1,4.5,3.8
33,"Студент 33","ББМО-01-23",4,4.8,5.4
35,"Студент 35","ББМО-01-23",2,4.7,4.3
36,"Студент 36","ББМО-01-23",1,3.8,3.4
37,"Студент 37","ББМО-01-23",2,4.9,4.5
38,"Студент 38","ББМО-01-23",2,3.7,3.9
39,"Студент 39","ББМО-01-23",2,3.8,3.9
41,"Студент 41","ББМО-01-23",4,3.5,4.8
43,"Студент 43","ББМО-01-23",2,3.7,3.9
44,"Студент 44","ББМО-01-23",4,4.1,5
45,"Студент 45","ББМО-01-23",4,4,5
46,"Студент 46","ББМО-01-23",4,4,5
50,"Студент 50","ББМО-01-23",1,5,4
51,"Студент 51","ББМО-01-23",2,3.8,3.9
53,"Студент 53","ББМО-01-23",4,4.6,5.3
54,"Студент 54","ББМО-01-23",3,3.2,4.1
55,"Студент 55","ББМО-01-23",2,4.9,4.5
56,"Студент 56","ББМО-01-23",2,4.9,4.5
57,"Студент 57","ББМО-01-23",3,4.1,4.5
59,"Студент 59","ББМО-01-23",4,3.7,4.8
60,"Студент 60","ББМО-01-23",3,3.7,4.3
62,"Студент 62","ББМО-01-23",1,4.9,4
63,"Студент 63","ББМО-01-23",2,3.6,3.8
64,"Студент 64","ББМО-01-23",2,4.6,4.3
65,"Студент 65","ББМО-01-23",1,4.4,3.7
66,"Студент 66","ББМО-01-23",3,4.5,4.8
68,"Студент 68","ББМО-01-23",3,4,4.5
69,"Студент 69","ББМО-01-23",4,4.3,5.2
71,"Студент 71","ББМО-01-23",1,3.4,3.2
72,"Студент 72","ББМО-01-23",3,4.3,4.7
73,"Студент 73","ББМО-01-23",4,4.7,5.3
74,"Студент 74","ББМО-01-23",3,4.3,4.7
75,"Студент 75","ББМО-01-23",1,4.6,3.8
76,"Студент 76","ББМО-01-23",3,3.6,4.3
77,"Студент 77","ББМО-01-23",3,3.2,4.1
78,"Студент 78","ББМО-01-23",4,3.7,4.8
79,"Студент 79","ББМО-01-23",3,4.4,4.7
80,"Студент 80","ББМО-01-23",2,3.9,4
81,"Студент 81","ББМО-01-23",4,4.2,5.1
82,"Студент 82","ББМО-01-23",3,3.3,4.2
83,"Студент 83","ББМО-01-23",2,4.5,4.3
84,"Студент 84","ББМО-01-23",1,4.1,3.5
85,"Студент 85","ББМО-01-23",2,4.8,4.4
86,"Студент 86","ББМО-01-23",3,3.9,4.5
87,"Студент 87","ББМО-01-23",1,4.8,3.9
88,"Студент 88","ББМО-01-23",4,3.2,4.6
89,"Студент 89","ББМО-01-23",1,3.9,3.5
90,"Студент 90","ББМО-01-23",2,3.4,3.7
91,"Студент 91","ББМО-01-23",1,3.3,3.1
93,"Студент 93","ББМО-01-23",4,3.7,4.8
94,"Студент 94","ББМО-01-23",1,4.7,3.9
97,"Студент 97","ББМО-01-23",1,4.4,3.7
98,"Студент 98","ББМО-01-23",1,3.6,3.3
99,"Студент 99","ББМО-01-23",2,3.8,3.9
100,"Студент 100","ББМО-01-23",2,4.7,4.3
101,"Студент 101","ББМО-01-23",2,3.3,3.6
102,"Студент 102","ББМО-01-23",4,3.4,4.7
103,"Студент 103","ББМО-01-23",1,3.4,3.2
105,"Студент 105","ББМО-01-23",1,4.9,4
106,"Студент 106","ББМО-01-23",4,3.6,4.8
107,"Студент 107","ББМО-01-23",2,4.3,4.2
108,"Студент 108","ББМО-01-23",2,3.8,3.9
109,"Студент 109","ББМО-01-23",3,3.4,4.2
112,"Студент 112","ББМО-01-23",3,4.3,4.7
113,"Студент 113","ББМО-01-23",3,4.6,4.8
115,"Студент 115","ББМО-01-23",2,5,4.5
116,"Студент 116","ББМО-01-23",2,4,4
117,"Студент 117","ББМО-01-23",3,4,4.5
118,"Студент 118","ББМО-01-23",2,4.6,4.3
119,"Студент 119","ББМО-01-23",3,3.1,4
122,"Студент 122","ББМО-01-23",3,4,4.5
124,"Студент 124","ББМО-01-23",4,4.5,5.3
125,"Студент 125","ББМО-01-23",3,3.2,4.1
127,"Студент 127","ББМО-01-23",2,4.2,4.1
131,"Студент 131","ББМО-01-23",3,4.8,4.9
132,"Студент 132","ББМО-01-23",1,4.9,4
133,"Студент 133","ББМО-01-23",1,3.7,3.4
134,"Студент 134","ББМО-01-23",3,3.7,4.3
135,"Студент 135","ББМО-01-23",4,4,5
136,"Студент 136","ББМО-01-23",2,3.1,3.5
138,"Студент 138","ББМО-01-23",2,3.2,3.6
139,"Студент 139","ББМО-01-23",2,3.2,3.6
140,"Студент 140","ББМО-01-23",1,3.2,3.1
142,"Студент 142","ББМО-01-23",2,4.4,4.2
143,"Студент 143","ББМО-01-23",4,4.5,5.3
144,"Студент 144","ББМО-01-23",3,4.3,4.7
146,"Студент 146","ББМО-01-23",4,4.7,5.3
149,"Студент 149","ББМО-01-23",3,3.8,4.4
150,"Студент 150","ББМО-01-23",2,3.6,3.8
152,"Студент 152","ББМО-01-23",1,3.8,3.4
154,"Студент 154","ББМО-01-23",3,4.5,4.8
155,"Студент 155","ББМО-01-23",2,3.2,3.6
158,"Студент 158","ББМО-01-23",4,3.3,4.7
159,"Студент 159","ББМО-01-23",3,4.8,4.9
161,"Студент 161","ББМО-01-23",4,4,5
162,"Студент 162","ББМО-01-23",4,4.4,5.2
166,"Студент 166","ББМО-01-23",1,3.3,3.1
167,"Студент 167","ББМО-01-23",3,3.1,4
168,"Студент 168","ББМО-01-23",3,4,4.5
169,"Студент 169","ББМО-01-23",2,4.8,4.4
172,"Студент 172","ББМО-01-23",1,4.2,3.6
175,"Студент 175","ББМО-01-23",4,3.6,4.8
176,"Студент 176","ББМО-01-23",1,4.8,3.9
178,"Студент 178","ББМО-01-23",4,4.4,5.2
182,"Студент 182","ББМО-01-23",2,4.1,4
184,"Студент 184","ББМО-01-23",1,3.9,3.5
186,"Студент 186","ББМО-01-23",2,3.4,3.7
188,"Студент 188","ББМО-01-23",4,3.5,4.8
194,"Студент 194","ББМО-01-23",4,4.9,5.5
195,"Студент 195","ББМО-01-23",4,4.5,5.3
196,"Студент 196","ББМО-01-23",2,4.9,4.5
199,"Студент 199","ББМО-01-23",4,3.6,4.8
200,"Студент 200","ББМО-01-23",3,3.8,4.4
201,"Студент 201","ББМО-01-23",3,3.6,4.3
202,"Студент 202","ББМО-01-23",4,3.5,4.8
203,"Студент 203","ББМО-01-23",2,3.1,3.5
204,"Студент 204","ББМО-01-23",4,3.4,4.7
205,"Студент 205","ББМО-01-23",1,4.2,3.6
208,"Студент 208","ББМО-01-23",3,4,4.5
209,"Студент 209","ББМО-01-23",4,4.8,5.4
210,"Студент 210","ББМО-01-23",3,3.7,4.3
211,"Студент 211","ББМО-01-23",3,4.2,4.6
213,"Студент 213","ББМО-01-23",2,4.4,4.2
215,"Студент 215","ББМО-01-23",2,4.8,4.4
216,"Студент 216","ББМО-01-23",1,4.9,4
217,"Студент 217","ББМО-01-23",3,4.5,4.8
219,"Студент 219","ББМО-01-23",2,3.1,3.5
220,"Студент 220","ББМО-01-23",3,4.6,4.8
221,"Студент 221","ББМО-01-23",4,4.6,5.3
222,"Студент 222","ББМО-01-23",1,3.3,3.1
223,"Студент 223","ББМО-01-23",2,3.4,3.7
225,"Студент 225","ББМО-01-23",1,3.1,3
226,"Студент 226","ББМО-01-23",2,3.5,3.8
227,"Студент 227","ББМО-01-23",3,3.3,4.2
231,"Студент 231","ББМО-01-23",4,4.3,5.2
233,"Студент 233","ББМО-01-23",2,3.3,3.6
234,"Студент 234","ББМО-01-23",1,5,4
235,"Студент 235","ББМО-01-23",2,3.5,3.8
236,"Студент 236","ББМО-01-23",2,3.7,3.9
241,"Студент 241","ББМО-01-23",2,4,4
242,"Студент 242","ББМО-01-23",2,4.9,4.5
246,"Студент 246","ББМО-01-23",4,5,5.5
248,"Студент 248","ББМО-01-23",1,3.3,3.1
249,"Студент 249","ББМО-01-23",4,4,5
250,"Студент 250","ББМО-01-23",4,4.5,5.3
251,"Студент 251","ББМО-01-23",2,3.4,3.7
252,"Студент 252","ББМО-01-23",3,4.4,4.7
253,"Студент 253","ББМО-01-23",4,5,5.5
254,"Студент 254","ББМО-01-23",4,4.8,5.4
255,"Студент 255","ББМО-01-23",3,4.8,4.9
256,"Студент 256","ББМО-01-23",2,3.2,3.6
257,"Студент 257","ББМО-01-23",4,3.4,4.7
259,"Студент 259","ББМО-01-23",1,4,3.5
260,"Студент 260","ББМО-01-23",4,3.9,5
262,"Студент 262","ББМО-01-23",2,4.4,4.2
263,"Студент 263","ББМО-01-23",2,4.2,4.1
264,"Студент 264","ББМО-01-23",3,4.8,4.9
265,"Студент 265","ББМО-01-23",2,4.8,4.4
269,"Студент 269","ББМО-01-23",4,3.5,4.8
270,"Студент 270","ББМО-01-23",2,4.8,4.4
272,"Студент 272","ББМО-01-23",1,3.3,3.1
273,"Студент 273","ББМО-01-23",1,4.8,3.9
274,"Студент 274","ББМО-01-23",3,4.8,4.9
276,"Студент 276","ББМО-01-23",1,3.2,3.1
279,"Студент 279","ББМО-01-23",2,3.4,3.7
280,"Студент 280","ББМО-01-23",4,4.7,5.3
282,"Студент 282","ББМО-01-23",3,3.4,4.2
283,"Студент 283","ББМО-01-23",2,3.8,3.9
285,"Студент 285","ББМО-01-23",1,3.1,3
286,"Студент 286","ББМО-01-23",4,3.6,4.8
287,"Студент 287","ББМО-01-23",1,3.8,3.4
288,"Студент 288","ББМО-01-23",4,3.6,4.8
289,"Студент 289","ББМО-01-23",4,3.6,4.8
291,"Студент 291","ББМО-01-23",1,4.9,4
293,"Студент 293","ББМО-01-23",3,3.8,4.4
294,"Студент 294","ББМО-01-23",3,3.1,4
299,"Студент 299","ББМО-01-23",3,4.9,5
300,"Студент 300","ББМО-01-23",3,3.7,4.3
301,"Студент 301","ББМО-01-23",3,3.5,4.3
304,"Студент 304","ББМО-01-23",1,3.9,3.5
306,"Студент 306","ББМО-01-23",2,3.4,3.7
308,"Студент 308","ББМО-01-23",3,3.6,4.3
309,"Студент 309","ББМО-01-23",2,4.4,4.2
310,"Студент 310","ББМО-01-23",1,3.9,3.5
311,"Студент 311","ББМО-01-23",2,4.2,4.1
312,"Студент 312","ББМО-01-23",2,3.2,3.6
313,"Студент 313","ББМО-01-23",2,3.1,3.5
315,"Студент 315","ББМО-01-23",4,4.9,5.5
316,"Студент 316","ББМО-01-23",4,3.3,4.7
317,"Студент 317","ББМО-01-23",1,4.5,3.8
318,"Студент 318","ББМО-01-23",4,3.8,4.9
319,"Студент 319","ББМО-01-23",1,3.2,3.1
320,"Студент 320","ББМО-01-23",3,4.3,4.7
321,"Студент 321","ББМО-01-23",4,4,5
323,"Студент 323","ББМО-01-23",2,4.4,4.2
324,"Студент 324","ББМО-01-23",2,4.6,4.3
326,"Студент 326","ББМО-01-23",4,4.6,5.3
332,"Студент 332","ББМО-01-23",4,3.1,4.5
335,"Студент 335","ББМО-01-23",4,4.1,5
336,"Студент 336","ББМО-01-23",1,4,3.5
340,"Студент 340","ББМО-01-23",3,4.8,4.9
343,"Студент 343","ББМО-01-23",1,4.9,4
346,"Студент 346","ББМО-01-23",4,4.8,5.4
347,"Студент 347","ББМО-01-23",3,4.7,4.8
348,"Студент 348","ББМО-01-23",2,3.1,3.5
350,"Студент 350","ББМО-01-23",1,3.8,3.4
352,"Студент 352","ББМО-01-23",4,4.6,5.3
355,"Студент 355","ББМО-01-23",4,3.1,4.5
357,"Студент 357","ББМО-01-23",4,3.3,4.7
359,"Студент 359","ББМО-01-23",3,3.9,4.5
362,"Студент 362","ББМО-01-23",1,4.5,3.8
363,"Студент 363","ББМО-01-23",4,3.1,4.5
364,"Студент 364","ББМО-01-23",4,4.5,5.3
365,"Студент 365","ББМО-01-23",4,3.6,4.8
367,"Студент 367","ББМО-01-23",2,3.1,3.5
368,"Студент 368","ББМО-01-23",2,3.1,3.5
369,"Студент 369","ББМО-01-23",2,4.5,4.3
372,"Студент 372","ББМО-01-23",1,4.6,3.8
373,"Студент 373","ББМО-01-23",2,4.3,4.2
374,"Студент 374","ББМО-01-23",3,4.4,4.7
375,"Студент 375","ББМО-01-23",1,4.5,3.8
378,"Студент 378","ББМО-01-23",2,3.3,3.6
379,"Студент 379","ББМО-01-23",1,3.4,3.2
380,"Студент 380","ББМО-01-23",4,3.3,4.7
385,"Студент 385","ББМО-01-23",1,4.9,4
386,"Студент 386","ББМО-01-23",3,4.6,4.8
387,"Студент 387","ББМО-01-23",4,3.3,4.7
388,"Студент 388","ББМО-01-23",2,4.1,4
389,"Студент 389","ББМО-01-23",2,4.7,4.3
390,"Студент 390","ББМО-01-23",2,4,4
391,"Студент 391","ББМО-01-23",4,4.7,5.3
392,"Студент 392","ББМО-01-23",3,4.4,4.7
393,"Студент 393","ББМО-01-23",3,3.7,4.3
395,"Студент 395","ББМО-01-23",4,4.4,5.2
396,"Студент 396","ББМО-01-23",3,4.2,4.6
397,"Студент 397","ББМО-01-23",4,4.3,5.2
398,"Студент 398","ББМО-01-23",1,4.4,3.7
400,"Студент 400","ББМО-01-23",4,3.1,4.5
404,"Студент 404","ББМО-01-23",3,4.2,4.6
406,"Студент 406","ББМО-01-23",1,4.9,4
407,"Студент 407","ББМО-01-23",4,3.7,4.8
409,"Студент 409","ББМО-01-23",4,3.9,5
410,"Студент 410","ББМО-01-23",3,4.6,4.8
411,"Студент 411","ББМО-01-23",3,3.6,4.3
415,"Студент 415","ББМО-01-23",4,4.3,5.2
417,"Студент 417","ББМО-01-23",3,4.3,4.7
418,"Студент 418","ББМО-01-23",3,4.5,4.8
419,"Студент 419","ББМО-01-23",2,3.6,3.8
421,"Студент 421","ББМО-01-23",2,4.8,4.4
422,"Студент 422","ББМО-01-23",3,4.2,4.6
423,"Студент 423","ББМО-01-23",3,4.6,4.8
424,"Студент 424","ББМО-01-23",3,4.1,4.5
427,"Студент 427","ББМО-01-23",2,3.6,3.8
428,"Студент 428","ББМО-01-23",1,4.6,3.8
429,"Студент 429","ББМО-01-23",4,4.4,5.2
430,"Студент 430","ББМО-01-23",2,5,4.5
432,"Студент 432","ББМО-01-23",3,4.3,4.7
433,"Студент 433","ББМО-01-23",2,4.9,4.5
434,"Студент 434","ББМО-01-23",3,4.7,4.8
435,"Студент 435","ББМО-01-23",4,3.7,4.8
436,"Студент 436","ББМО-01-23",1,3.1,3
437,"Студент 437","ББМО-01-23",3,3.1,4
438,"Студент 438","ББМО-01-23",1,4.7,3.9
440,"Студент 440","ББМО-01-23",1,3.3,3.1
442,"Студент 442","ББМО-01-23",1,4.4,3.7
443,"Студент 443","ББМО-01-23",1,4.8,3.9
444,"Студент 444","ББМО-01-23",2,4.5,4.3
445,"Студент 445","ББМО-01-23",1,4.5,3.8
446,"Студент 446","ББМО-01-23",3,3.5,4.3
447,"Студент 447","ББМО-01-23",1,4.3,3.6
448,"Студент 448","ББМО-01-23",3,4.3,4.7
449,"Студент 449","ББМО-01-23",3,3.8,4.4
452,"Студент 452","ББМО-01-23",2,4.2,4.1
454,"Студент 454","ББМО-01-23",2,4.3,4.2
460,"Студент 460","ББМО-01-23",2,3.8,3.9
461,"Студент 461","ББМО-01-23",3,3.5,4.3
462,"Студент 462","ББМО-01-23",3,4.6,4.8
463,"Студент 463","ББМО-01-23",1,5,4
464,"Студент 464","ББМО-01-23",1,3.6,3.3
465,"Студент 465","ББМО-01-23",3,3.4,4.2
466,"Студент 466","ББМО-01-23",4,4.5,5.3
467,"Студент 467","ББМО-01-23",1,3.9,3.5
468,"Студент 468","ББМО-01-23",1,4.3,3.6
469,"Студент 469","ББМО-01-23",3,3.4,4.2
470,"Студент 470","ББМО-01-23",3,4.7,4.8
471,"Студент 471","ББМО-01-23",2,4.4,4.2
473,"Студент 473","ББМО-01-23",1,3.5,3.3
476,"Студент 476","ББМО-01-23",2,3.7,3.9
478,"Студент 478","ББМО-01-23",4,3.8,4.9
480,"Студент 480","ББМО-01-23",4,3.1,4.5
483,"Студент 483","ББМО-01-23",4,4.7,5.3
487,"Студент 487","ББМО-01-23",2,3.9,4
489,"Студент 489","ББМО-01-23",1,4.8,3.9
490,"Студент 490","ББМО-01-23",4,4.1,5
491,"Студент 491","ББМО-01-23",1,3.3,3.1
492,"Студент 492","ББМО-01-23",4,4.6,5.3
495,"Студент 495","ББМО-01-23",2,3.2,3.6
497,"Студент 497","ББМО-01-23",3,5,5
498,"Студент 498","ББМО-01-23",2,3.3,3.6
500,"Студент 500","ББМО-01-23",4,4.8,5.4
502,"Студент 502","ББМО-01-23",3,4.9,5
503,"Студент 503","ББМО-01-23",3,3.1,4
505,"Студент 505","ББМО-01-23",1,3.4,3.2
507,"Студент 507","ББМО-01-23",3,3.4,4.2
508,"Студент 508","ББМО-01-23",1,3.2,3.1
510,"Студент 510","ББМО-01-23",3,3.4,4.2
511,"Студент 511","ББМО-01-23",4,3.2,4.6
513,"Студент 513","ББМО-01-23",2,4.8,4.4
514,"Студент 514","ББМО-01-23",4,4.2,5.1
515,"Студент 515","ББМО-01-23",4,3.1,4.5
517,"Студент 517","ББМО-01-23",1,4.3,3.6
520,"Студент 520","ББМО-01-23",4,4.5,5.3
522,"Студент 522","ББМО-01-23",2,3.3,3.6
524,"Студент 524","ББМО-01-23",2,4.8,4.4
525,"Студент 525","ББМО-01-23",2,4.2,4.1
526,"Студент 526","ББМО-01-23",3,3.6,4.3
527,"Студент 527","ББМО-01-23",2,3.8,3.9
528,"Студент 528","ББМО-01-23",1,3.2,3.1
529,"Студент 529","ББМО-01-23",3,3.6,4.3
530,"Студент 530","ББМО-01-23",3,4.6,4.8
531,"Студент 531","ББМО-01-23",3,3.6,4.3
534,"Студент 534","ББМО-01-23",2,3.3,3.6
536,"Студент 536","ББМО-01-23",2,3.9,4
537,"Студент 537","ББМО-01-23",3,4.9,5
538,"Студент 538","ББМО-01-23",4,3.4,4.7
539,"Студент 539","ББМО-01-23",3,4.3,4.7
543,"Студент 543","ББМО-01-23",2,3.9,4
544,"Студент 544","ББМО-01-23",4,4.9,5.5
545,"Студент 545","ББМО-01-23",1,4.7,3.9
548,"Студент 548","ББМО-01-23",4,3.9,5
550,"Студент 550","ББМО-01-23",1,3.2,3.1
551,"Студент 551","ББМО-01-23",1,3.5,3.3
552,"Студент 552","ББМО-01-23",1,3.2,3.1
554,"Студент 554","ББМО-01-23",2,4.6,4.3
556,"Студент 556","ББМО-01-23",2,4.9,4.5
561,"Студент 561","ББМО-01-23",4,3.5,4.8
562,"Студент 562","ББМО-01-23",1,3.7,3.4
563,"Студент 563","ББМО-01-23",2,3.7,3.9
565,"Студент 565","ББМО-01-23",1,3.2,3.1
567,"Студент 567","ББМО-01-23",4,3.1,4.5
568,"Студент 568","ББМО-01-23",2,3.5,3.8
570,"Студент 570","ББМО-01-23",4,3.1,4.5
571,"Студент 571","ББМО-01-23",3,4.6,4.8
572,"Студент 572","ББМО-01-23",1,3.8,3.4
573,"Студент 573","ББМО-01-23",3,4.9,5
574,"Студент 574","ББМО-01-23",1,4.9,4
575,"Студент 575","ББМО-01-23",2,4.2,4.1
576,"Студент 576","ББМО-01-23",4,4.9,5.5
577,"Студент 577","ББМО-01-23",3,3.7,4.3
580,"Студент 580","ББМО-01-23",4,4.6,5.3
582,"Студент 582","ББМО-01-23",4,4.4,5.2
586,"Студент 586","ББМО-01-23",3,4.8,4.9
589,"Студент 589","ББМО-01-23",2,4.3,4.2
590,"Студент 590","ББМО-01-23",2,3.5,3.8
591,"Студент 591","ББМО-01-23",2,3.8,3.9
592,"Студент 592","ББМО-01-23",1,3.5,3.3
594,"Студент 594","ББМО-01-23",4,3.5,4.8
595,"Студент 595","ББМО-01-23",3,4.4,4.7
598,"Студент 598","ББМО-01-23",4,3.3,4.7
600,"Студент 600","ББМО-01-23",3,4.2,4.6
601,"Студент 601","ББМО-01-23",4,4.1,5
602,"Студент 602","ББМО-01-23",3,4.2,4.6
604,"Студент 604","ББМО-01-23",4,3.9,5
605,"Студент 605","ББМО-01-23",4,4.2,5.1
606,"Студент 606","ББМО-01-23",4,3.1,4.5
607,"Студент 607","ББМО-01-23",2,4.1,4
609,"Студент 609","ББМО-01-23",1,4.6,3.8
611,"Студент 611","ББМО-01-23",3,4.2,4.6
612,"Студент 612","ББМО-01-23",1,3.1,3
617,"Студент 617","ББМО-01-23",4,3.5,4.8
618,"Студент 618","ББМО-01-23",4,4.2,5.1
620,"Студент 620","ББМО-01-23",4,3.5,4.8
621,"Студент 621","ББМО-01-23",3,4.2,4.6
622,"Студент 622","ББМО-01-23",3,3.3,4.2
623,"Студент 623","ББМО-01-23",2,4,4
624,"Студент 624","ББМО-01-23",1,3.5,3.3
625,"Студент 625","ББМО-01-23",4,3.9,5
626,"Студент 626","ББМО-01-23",4,3.1,4.5
627,"Студент 627","ББМО-01-23",1,3.8,3.4
628,"Студент 628","ББМО-01-23",1,4.9,4
629,"Студент 629","ББМО-01-23",4,3.9,5
630,"Студент 630","ББМО-01-23",4,3.7,4.8
631,"Студент 631","ББМО-01-23",1,3.2,3.1
633,"Студент 633","ББМО-01-23",4,3.9,5
634,"Студент 634","ББМО-01-23",2,4.5,4.3
635,"Студент 635","ББМО-01-23",1,3.8,3.4
637,"Студент 637","ББМО-01-23",3,4.4,4.7
638,"Студент 638","ББМО-01-23",4,3.9,5
640,"Студент 640","ББМО-01-23",2,4.7,4.3
641,"Студент 641","ББМО-01-23",4,3.1,4.5
644,"Студент 644","ББМО-01-23",3,4.7,4.8
645,"Студент 645","ББМО-01-23",2,4,4
646,"Студент 646","ББМО-01-23",4,3.8,4.9
649,"Студент 649","ББМО-01-23",3,4.7,4.8
650,"Студент 650","ББМО-01-23",2,4.5,4.3
651,"Студент 651","ББМО-01-23",2,4,4
652,"Студент 652","ББМО-01-23",4,3.9,5
653,"Студент 653","ББМО-01-23",1,4,3.5
655,"Студент 655","ББМО-01-23",3,3.6,4.3
656,"Студент 656","ББМО-01-23",4,5,5.5
658,"Студент 658","ББМО-01-23",3,3.2,4.1
659,"Студент 659","ББМО-01-23",1,3.5,3.3
660,"Студент 660","ББМО-01-23",1,3.3,3.1
663,"Студент 663","ББМО-01-23",4,3.7,4.8
664,"Студент 664","ББМО-01-23",3,4.3,4.7
666,"Студент 666","ББМО-01-23",4,4.6,5.3
669,"Студент 669","ББМО-01-23",3,5,5
670,"Студент 670","ББМО-01-23",3,4.8,4.9
671,"Студент 671","ББМО-01-23",4,4.5,5.3
672,"Студент 672","ББМО-01-23",1,4,3.5
673,"Студент 673","ББМО-01-23",4,3.1,4.5
674,"Студент 674","ББМО-01-23",1,3.1,3
675,"Студент 675","ББМО-01-23",1,3.4,3.2
679,"Студент 679","ББМО-01-23",4,4.3,5.2
680,"Студент 680","ББМО-01-23",2,3.2,3.6
683,"Студент 683","ББМО-01-23",2,4.7,4.3
684,"Студент 684","ББМО-01-23",1,4.3,3.6
685,"Студент 685","ББМО-01-23",2,3.1,3.5
686,"Студент 686","ББМО-01-23",3,4.2,4.6
688,"Студент 688","ББМО-01-23",4,3.8,4.9
689,"Студент 689","ББМО-01-23",2,3.6,3.8
690,"Студент 690","ББМО-01-23",3,4.1,4.5
693,"Студент 693","ББМО-01-23",4,3.8,4.9
695,"Студент 695","ББМО-01-23",2,4.9,4.5
696,"Студент 696","ББМО-01-23",4,4,5
697,"Студент 697","ББМО-01-23",2,4.7,4.3
698,"Студент 698","ББМО-01-23",3,3.2,4.1
700,"Студент 700","ББМО-01-23",1,4.3,3.6
701,"Студент 701","ББМО-01-23",1,3.2,3.1
702,"Студент 702","ББМО-01-23",3,3.2,4.1
704,"Студент 704","ББМО-01-23",2,3.2,3.6
714,"Студент 714","ББМО-01-23",4,3.8,4.9
717,"Студент 717","ББМО-01-23",4,4.5,5.3
718,"Студент 718","ББМО-01-23",2,3.8,3.9
719,"Студент 719","ББМО-01-23",4,3.3,4.7
722,"Студент 722","ББМО-01-23",2,4.2,4.1
723,"Студент 723","ББМО-01-23",3,4.8,4.9
724,"Студент 724","ББМО-01-23",2,3.1,3.5
725,"Студент 725","ББМО-01-23",3,3.9,4.5
726,"Студент 726","ББМО-01-23",4,3.7,4.8
727,"Студент 727","ББМО-01-23",1,4.5,3.8
729,"Студент 729","ББМО-01-23",4,3.8,4.9
732,"Студент 732","ББМО-01-23",1,3.7,3.4
733,"Студент 733","ББМО-01-23",4,3.8,4.9
734,"Студент 734","ББМО-01-23",1,3.9,3.5
735,"Студент 735","ББМО-01-23",2,4.1,4
738,"Студент 738","ББМО-01-23",1,3.5,3.3
741,"Студент 741","ББМО-01-23",4,3.2,4.6
742,"Студент 742","ББМО-01-23",1,4.1,3.5
744,"Студент 744","ББМО-01-23",2,4.2,4.1
745,"Студент 745","ББМО-01-23",4,4.6,5.3
746,"Студент 746","ББМО-01-23",1,3.4,3.2
747,"Студент 747","ББМО-01-23",2,4.8,4.4
748,"Студент 748","ББМО-01-23",1,4.7,3.9
750,"Студент 750","ББМО-01-23",4,4.5,5.3
753,"Студент 753","ББМО-01-23",4,4.6,5.3
754,"Студент 754","ББМО-01-23",3,4.1,4.5
755,"Студент 755","ББМО-01-23",1,3.4,3.2
756,"Студент 756","ББМО-01-23",1,4.8,3.9
757,"Студент 757","ББМО-01-23",3,4.7,4.8
759,"Студент 759","ББМО-01-23",2,4.7,4.3
762,"Студент 762","ББМО-01-23",4,3.4,4.7
763,"Студент 763","ББМО-01-23",1,5,4
764,"Студент 764","ББМО-01-23",4,3.2,4.6
765,"Студент 765","ББМО-01-23",3,3.6,4.3
766,"Студент 766","ББМО-01-23",2,3.9,4
768,"Студент 768","ББМО-01-23",2,4.7,4.3
769,"Студент 769","ББМО-01-23",2,3.8,3.9
771,"Студент 771","ББМО-01-23",1,4.1,3.5
772,"Студент 772","ББМО-01-23",1,4.5,3.8
774,"Студент 774","ББМО-01-23",4,4.9,5.5
775,"Студент 775","ББМО-01-23",1,3.5,3.3
776,"Студент 776","ББМО-01-23",3,4.8,4.9
778,"Студент 778","ББМО-01-23",1,4.1,3.5
780,"Студент 780","ББМО-01-23",1,3.1,3
782,"Студент 782","ББМО-01-23",4,3.5,4.8
783,"Студент 783","ББМО-01-23",3,4.1,4.5
784,"Студент 784","ББМО-01-23",3,4.9,5
787,"Студент 787","ББМО-01-23",2,3.2,3.6
788,"Студент 788","ББМО-01-23",1,3.5,3.3
791,"Студент 791","ББМО-01-23",4,3.8,4.9
793,"Студент 793","ББМО-01-23",2,3.5,3.8
794,"Студент 794","ББМО-01-23",3,3.8,4.4
795,"Студент 795","ББМО-01-23",4,4.8,5.4
796,"Студент 796","ББМО-01-23",1,5,4
797,"Студент 797","ББМО-01-23",1,4.9,4
800,"Студент 800","ББМО-01-23",4,3.2,4.6
801,"Студент 801","ББМО-01-23",4,4.8,5.4
802,"Студент 802","ББМО-01-23",2,4.4,4.2
803,"Студент 803","ББМО-01-23",1,4.5,3.8
804,"Студент 804","ББМО-01-23",3,3.7,4.3
806,"Студент 806","ББМО-01-23",3,4.5,4.8
808,"Студент 808","ББМО-01-23",2,3.3,3.6
810,"Студент 810","ББМО-01-23",2,4.5,4.3
811,"Студент 811","ББМО-01-23",3,3.5,4.3
812,"Студент 812","ББМО-01-23",3,4.9,5
814,"Студент 814","ББМО-01-23",2,4.6,4.3
815,"Студент 815","ББМО-01-23",4,3.3,4.7
816,"Студент 816","ББМО-01-23",3,4.8,4.9
818,"Студент 818","ББМО-01-23",1,3.9,3.5
819,"Студент 819","ББМО-01-23",2,3.4,3.7
820,"Студент 820","ББМО-01-23",2,4.5,4.3
821,"Студент 821","ББМО-01-23",2,4.1,4
822,"Студент 822","ББМО-01-23",3,4.8,4.9
823,"Студент 823","ББМО-01-23",4,3.7,4.8
826,"Студент 826","ББМО-01-23",3,4.6,4.8
827,"Студент 827","ББМО-01-23",3,3.8,4.4
828,"Студент 828","ББМО-01-23",4,4.1,5
829,"Студент 829","ББМО-01-23",4,4.1,5
830,"Студент 830","ББМО-01-23",2,3.2,3.6
832,"Студент 832","ББМО-01-23",2,3.9,4
833,"Студент 833","ББМО-01-23",4,4.4,5.2
835,"Студент 835","ББМО-01-23",2,4.8,4.4
836,"Студент 836","ББМО-01-23",2,4.1,4
838,"Студент 838","ББМО-01-23",4,4.3,5.2
839,"Студент 839","ББМО-01-23",2,4.6,4.3
840,"Студент 840","ББМО-01-23",3,3.6,4.3
841,"Студент 841","ББМО-01-23",1,4.8,3.9
842,"Студент 842","ББМО-01-23",3,3.8,4.4
844,"Студент 844","ББМО-01-23",4,4.1,5
846,"Студент 846","ББМО-01-23",3,4.4,4.7
847,"Студент 847","ББМО-01-23",3,4.8,4.9
848,"Студент 848","ББМО-01-23",3,4.2,4.6
849,"Студент 849","ББМО-01-23",1,5,4
850,"Студент 850","ББМО-01-23",4,5,5.5
852,"Студент 852","ББМО-01-23",3,3.5,4.3
853,"Студент 853","ББМО-01-23",1,4.9,4
854,"Студент 854","ББМО-01-23",2,4.8,4.4
855,"Студент 855","ББМО-01-23",3,3.5,4.3
857,"Студент 857","ББМО-01-23",2,3.8,3.9
860,"Студент 860","ББМО-01-23",2,4.8,4.4
861,"Студент 861","ББМО-01-23",1,5,4
862,"Студент 862","ББМО-01-23",3,4.5,4.8
863,"Студент 863","ББМО-01-23",4,4.4,5.2
864,"Студент 864","ББМО-01-23",1,4,3.5
865,"Студент 865","ББМО-01-23",4,3.6,4.8
866,"Студент 866","ББМО-01-23",3,3.7,4.3
867,"Студент 867","ББМО-01-23",4,3.9,5
868,"Студент 868","ББМО-01-23",1,3.5,3.3
869,"Студент 869","ББМО-01-23",4,4.9,5.5
870,"Студент 870","ББМО-01-23",3,4,4.5
871,"Студент 871","ББМО-01-23",3,4.5,4.8
872,"Студент 872","ББМО-01-23",1,5,4
873,"Студент 873","ББМО-01-23",2,5,4.5
875,"Студент 875","ББМО-01-23",1,3.3,3.1
876,"Студент 876","ББМО-01-23",2,4.9,4.5
877,"Студент 877","ББМО-01-23",2,3.1,3.5
878,"Студент 878","ББМО-01-23",3,3.4,4.2
880,"Студент 880","ББМО-01-23",4,4.9,5.5
882,"Студент 882","ББМО-01-23",3,3.2,4.1
884,"Студент 884","ББМО-01-23",2,4.5,4.3
885,"Студент 885","ББМО-01-23",2,4.6,4.3
887,"Студент 887","ББМО-01-23",1,3.6,3.3
888,"Студент 888","ББМО-01-23",1,4.3,3.6
890,"Студент 890","ББМО-01-23",3,4.2,4.6
891,"Студент 891","ББМО-01-23",2,4.3,4.2
892,"Студент 892","ББМО-01-23",3,3.6,4.3
893,"Студент 893","ББМО-01-23",1,4.1,3.5
895,"Студент 895","ББМО-01-23",1,3.7,3.4
896,"Студент 896","ББМО-01-23",1,4.7,3.9
897,"Студент 897","ББМО-01-23",1,4.2,3.6
899,"Студент 899","ББМО-01-23",4,4.5,5.3
900,"Студент 900","ББМО-01-23",4,3.1,4.5
902,"Студент 902","ББМО-01-23",1,4.1,3.5
903,"Студент 903","ББМО-01-23",1,3.7,3.4
905,"Студент 905","ББМО-01-23",2,4.6,4.3
906,"Студент 906","ББМО-01-23",3,4,4.5
910,"Студент 910","ББМО-01-23",3,4.1,4.5
913,"Студент 913","ББМО-01-23",3,4,4.5
914,"Студент 914","ББМО-01-23",1,4.4,3.7
915,"Студент 915","ББМО-01-23",1,4.3,3.6
917,"Студент 917","ББМО-01-23",2,3.4,3.7
918,"Студент 918","ББМО-01-23",1,3.9,3.5
919,"Студент 919","ББМО-01-23",4,4.7,5.3
922,"Студент 922","ББМО-01-23",2,3.4,3.7
923,"Студент 923","ББМО-01-23",4,4.8,5.4
926,"Студент 926","ББМО-01-23",1,3.1,3
927,"Студент 927","ББМО-01-23",3,3.6,4.3
928,"Студент 928","ББМО-01-23",4,4.8,5.4
929,"Студент 929","ББМО-01-23",2,4.2,4.1
931,"Студент 931","ББМО-01-23",3,3.4,4.2
932,"Студент 932","ББМО-01-23",4,3.3,4.7
935,"Студент 935","ББМО-01-23",3,4.5,4.8
937,"Студент 937","ББМО-01-23",1,3.3,3.1
938,"Студент 938","ББМО-01-23",3,4.6,4.8
939,"Студент 939","ББМО-01-23",4,3.8,4.9
941,"Студент 941","ББМО-01-23",4,4.1,5
942,"Студент 942","ББМО-01-23",3,4.9,5
944,"Студент 944","ББМО-01-23",1,4.5,3.8
946,"Студент 946","ББМО-01-23",3,3.7,4.3
948,"Студент 948","ББМО-01-23",4,4.5,5.3
950,"Студент 950","ББМО-01-23",1,4.3,3.6
952,"Студент 952","ББМО-01-23",2,4.7,4.3
953,"Студент 953","ББМО-01-23",3,3.3,4.2
954,"Студент 954","ББМО-01-23",3,4.4,4.7
955,"Студент 955","ББМО-01-23",2,3.5,3.8
956,"Студент 956","ББМО-01-23",3,4.7,4.8
957,"Студент 957","ББМО-01-23",2,3.8,3.9
959,"Студент 959","ББМО-01-23",1,3.9,3.5
962,"Студент 962","ББМО-01-23",3,3.4,4.2
963,"Студент 963","ББМО-01-23",3,3.5,4.3
964,"Студент 964","ББМО-01-23",2,4.1,4
965,"Студент 965","ББМО-01-23",1,4.9,4
968,"Студент 968","ББМО-01-23",2,4.7,4.3
969,"Студент 969","ББМО-01-23",4,3.7,4.8
970,"Студент 970","ББМО-01-23",3,3.6,4.3
971,"Студент 971","ББМО-01-23",1,4.8,3.9
972,"Студент 972","ББМО-01-23",1,3.7,3.4
973,"Студент 973","ББМО-01-23",1,3.9,3.5
977,"Студент 977","ББМО-01-23",4,3.3,4.7
978,"Студент 978","ББМО-01-23",4,3.3,4.7
980,"Студент 980","ББМО-01-23",3,3.1,4
981,"Студент 981","ББМО-01-23",1,4.1,3.5
982,"Студент 982","ББМО-01-23",3,4.5,4.8
983,"Студент 983","ББМО-01-23",3,4.6,4.8
984,"Студент 984","ББМО-01-23",3,4.6,4.8
985,"Студент 985","ББМО-01-23",4,3.2,4.6
986,"Студент 986","ББМО-01-23",1,3.4,3.2
987,"Студент 987","ББМО-01-23",1,4.6,3.8
989,"Студент 989","ББМО-01-23",4,4.9,5.5
990,"Студент 990","ББМО-01-23",3,4.2,4.6
991,"Студент 991","ББМО-01-23",1,4.4,3.7
992,"Студент 992","ББМО-01-23",2,4.6,4.3
994,"Студент 994","ББМО-01-23",2,4.9,4.5
995,"Студент 995","ББМО-01-23",4,3.6,4.8
996,"Студент 996","ББМО-01-23",2,5,4.5
997,"Студент 997","ББМО-01-23",3,4.6,4.8
998,"Студент 998","ББМО-01-23",4,4.1,5
999,"Студент 999","ББМО-01-23",4,3.3,4.7
1000,"Студент 1000","ББМО-01-23",3,3.3,4.2
1001,"Студент 1001","ББМО-01-23",1,4.3,3.6
1003,"Студент 1003","ББМО-01-23",2,3.9,4
1004,"Студент 1004","ББМО-01-23",2,3.8,3.9
1005,"Студент 1005","ББМО-01-23",2,3.1,3.5
1006,"Студент 1006","ББМО-01-23",1,4.6,3.8
1007,"Студент 1007","ББМО-01-23",1,4.4,3.7
1009,"Студент 1009","ББМО-01-23",3,3.5,4.3
1010,"Студент 1010","ББМО-01-23",4,4.8,5.4
1012,"Студент 1012","ББМО-01-23",2,4,4
1013,"Студент 1013","ББМО-01-23",1,4.3,3.6
1014,"Студент 1014","ББМО-01-23",4,4.7,5.3
1015,"Студент 1015","ББМО-01-23",4,4.2,5.1
1017,"Студент 1017","ББМО-01-23",2,4.1,4
1019,"Студент 1019","ББМО-01-23",4,4.1,5
1021,"Студент 1021","ББМО-01-23",1,3.2,3.1
1023,"Студент 1023","ББМО-01-23",1,4.7,3.9
1024,"Студент 1024","ББМО-01-23",3,4.9,5
1025,"Студент 1025","ББМО-01-23",2,3.2,3.6
1027,"Студент 1027","ББМО-01-23",1,3.1,3
1028,"Студент 1028","ББМО-01-23",4,4.5,5.3
1029,"Студент 1029","ББМО-01-23",2,5,4.5
1032,"Студент 1032","ББМО-01-23",1,4.1,3.5
1033,"Студент 1033","ББМО-01-23",3,4.2,4.6
1034,"Студент 1034","ББМО-01-23",1,3.5,3.3
1036,"Студент 1036","ББМО-01-23",1,3.2,3.1
1037,"Студент 1037","ББМО-01-23",1,3.5,3.3
1038,"Студент 1038","ББМО-01-23",4,4.3,5.2
1039,"Студент 1039","ББМО-01-23",2,3.5,3.8
1040,"Студент 1040","ББМО-01-23",2,4.4,4.2
1041,"Студент 1041","ББМО-01-23",3,3.8,4.4
1042,"Студент 1042","ББМО-01-23",1,3.4,3.2
1043,"Студент 1043","ББМО-01-23",1,4,3.5
1044,"Студент 1044","ББМО-01-23",3,3.4,4.2
1045,"Студент 1045","ББМО-01-23",2,3.8,3.9
1047,"Студент 1047","ББМО-01-23",4,3.9,5
1048,"Студент 1048","ББМО-01-23",1,3.2,3.1
1049,"Студент 1049","ББМО-01-23",1,4.6,3.8
1051,"Студент 1051","ББМО-01-23",2,4.4,4.2
1056,"Студент 1056","ББМО-01-23",2,4.6,4.3
1057,"Студент 1057","ББМО-01-23",1,3.9,3.5
1058,"Студент 1058","ББМО-01-23",1,4,3.5
1063,"Студент 1063","ББМО-01-23",4,3.2,4.6
1064,"Студент 1064","ББМО-01-23",1,3.7,3.4
1066,"Студент 1066","ББМО-01-23",3,3.6,4.3
1067,"Студент 1067","ББМО-01-23",2,4.2,4.1
1068,"Студент 1068","ББМО-01-23",4,4.5,5.3
1069,"Студент 1069","ББМО-01-23",4,4.3,5.2
1070,"Студент 1070","ББМО-01-23",4,4.5,5.3
1071,"Студент 1071","ББМО-01-23",1,3.7,3.4
1072,"Студент 1072","ББМО-01-23",1,4.4,3.7
1074,"Студент 1074","ББМО-01-23",4,3.8,4.9
1075,"Студент 1075","ББМО-01-23",3,3.2,4.1
1076,"Студент 1076","ББМО-01-23",4,3.6,4.8
1077,"Студент 1077","ББМО-01-23",1,3.6,3.3
1078,"Студент 1078","ББМО-01-23",1,3.9,3.5
1079,"Студент 1079","ББМО-01-23",3,4.3,4.7
1080,"Студент 1080","ББМО-01-23",3,4.3,4.7
1082,"Студент 1082","ББМО-01-23",3,4.9,5
1084,"Студент 1084","ББМО-01-23",3,4.7,4.8
1085,"Студент 1085","ББМО-01-23",2,3.7,3.9
1086,"Студент 1086","ББМО-01-23",2,4.6,4.3
1088,"Студент 1088","ББМО-01-23",2,4.6,4.3
1091,"Студент 1091","ББМО-01-23",2,4.4,4.2
1092,"Студент 1092","ББМО-01-23",2,4.3,4.2
1093,"Студент 1093","ББМО-01-23",3,4.8,4.9
1095,"Студент 1095","ББМО-01-23",3,3.3,4.2
1096,"Студент 1096","ББМО-01-23",2,4.4,4.2
1100,"Студент 1100","ББМО-01-23",2,4.4,4.2
1101,"Студент 1101","ББМО-01-23",1,3.8,3.4
1102,"Студент 1102","ББМО-01-23",1,3.9,3.5
1103,"Студент 1103","ББМО-01-23",1,3.3,3.1
1105,"Студент 1105","ББМО-01-23",3,4.1,4.5
1106,"Студент 1106","ББМО-01-23",1,4.4,3.7
1107,"Студент 1107","ББМО-01-23",3,3.6,4.3
1109,"Студент 1109","ББМО-01-23",3,4.2,4.6
1110,"Студент 1110","ББМО-01-23",4,3.1,4.5
1113,"Студент 1113","ББМО-01-23",4,3.6,4.8
1114,"Студент 1114","ББМО-01-23",2,4.8,4.4
1115,"Студент 1115","ББМО-01-23",3,4.5,4.8
1117,"Студент 1117","ББМО-01-23",2,3.4,3.7
1118,"Студент 1118","ББМО-01-23",1,4.5,3.8
1119,"Студент 1119","ББМО-01-23",4,4.8,5.4
1121,"Студент 1121","ББМО-01-23",1,3.6,3.3
1122,"Студент 1122","ББМО-01-23",3,4.1,4.5
1123,"Студент 1123","ББМО-01-23",4,4.6,5.3
1124,"Студент 1124","ББМО-01-23",1,4.1,3.5
1127,"Студент 1127","ББМО-01-23",4,3.6,4.8
1129,"Студент 1129","ББМО-01-23",1,4.3,3.6
1130,"Студент 1130","ББМО-01-23",2,4.2,4.1
1134,"Студент 1134","ББМО-01-23",3,4.3,4.7
1135,"Студент 1135","ББМО-01-23",2,3.1,3.5
1136,"Студент 1136","ББМО-01-23",1,3.8,3.4
1137,"Студент 1137","ББМО-01-23",2,4.7,4.3
1138,"Студент 1138","ББМО-01-23",4,4.6,5.3
1141,"Студент 1141","ББМО-01-23",1,4.8,3.9
1142,"Студент 1142","ББМО-01-23",4,4.7,5.3
1146,"Студент 1146","ББМО-01-23",4,3.4,4.7
1147,"Студент 1147","ББМО-01-23",2,3.5,3.8
1151,"Студент 1151","ББМО-01-23",4,4.8,5.4
1153,"Студент 1153","ББМО-01-23",3,3.7,4.3
1156,"Студент 1156","ББМО-01-23",2,3.6,3.8
1157,"Студент 1157","ББМО-01-23",2,3.7,3.9
1158,"Студент 1158","ББМО-01-23",1,4,3.5
1160,"Студент 1160","ББМО-01-23",2,3.4,3.7
1161,"Студент 1161","ББМО-01-23",2,3.7,3.9
1162,"Студент 1162","ББМО-01-23",1,4.9,4
1164,"Студент 1164","ББМО-01-23",1,4.8,3.9
1165,"Студент 1165","ББМО-01-23",4,4.3,5.2
1166,"Студент 1166","ББМО-01-23",2,3.5,3.8
1167,"Студент 1167","ББМО-01-23",1,4.6,3.8
1168,"Студент 1168","ББМО-01-23",3,4.4,4.7
1169,"Студент 1169","ББМО-01-23",2,3.8,3.9
1170,"Студент 1170","ББМО-01-23",3,4.1,4.5
1171,"Студент 1171","ББМО-01-23",4,4.6,5.3
1173,"Студент 1173","ББМО-01-23",1,3.7,3.4
1175,"Студент 1175","ББМО-01-23",1,4.4,3.7
1177,"Студент 1177","ББМО-01-23",1,3.4,3.2
1178,"Студент 1178","ББМО-01-23",1,3.3,3.1
1179,"Студент 1179","ББМО-01-23",4,3.8,4.9
1182,"Студент 1182","ББМО-01-23",3,4.5,4.8
1184,"Студент 1184","ББМО-01-23",4,4.6,5.3
1190,"Студент 1190","ББМО-01-23",1,4.8,3.9
1191,"Студент 1191","ББМО-01-23",4,3.8,4.9
1193,"Студент 1193","ББМО-01-23",1,4.2,3.6
1195,"Студент 1195","ББМО-01-23",4,4.7,5.3
1196,"Студент 1196","ББМО-01-23",3,3.8,4.4
1198,"Студент 1198","ББМО-01-23",3,4.1,4.5
1199,"Студент 1199","ББМО-01-23",4,3.3,4.7
1201,"Студент 1201","ББМО-01-23",1,3.2,3.1
1202,"Студент 1202","ББМО-01-23",3,3.8,4.4
1203,"Студент 1203","ББМО-01-23",2,3.7,3.9
1204,"Студент 1204","ББМО-01-23",4,3.6,4.8
1205,"Студент 1205","ББМО-01-23",1,3.1,3
1206,"Студент 1206","ББМО-01-23",1,4,3.5
1208,"Студент 1208","ББМО-01-23",1,3.8,3.4
1210,"Студент 1210","ББМО-01-23",1,4.3,3.6
1211,"Студент 1211","ББМО-01-23",4,4.6,5.3
1213,"Студент 1213","ББМО-01-23",3,4.1,4.5
1214,"Студент 1214","ББМО-01-23",4,4.9,5.5
1215,"Студент 1215","ББМО-01-23",2,3.2,3.6
1216,"Студент 1216","ББМО-01-23",2,5,4.5
1217,"Студент 1217","ББМО-01-23",2,3.6,3.8
1218,"Студент 1218","ББМО-01-23",1,4.4,3.7
1220,"Студент 1220","ББМО-01-23",2,3.3,3.6
1221,"Студент 1221","ББМО-01-23",3,3.2,4.1
1225,"Студент 1225","ББМО-01-23",3,4.5,4.8
1227,"Студент 1227","ББМО-01-23",4,3.6,4.8
1228,"Студент 1228","ББМО-01-23",3,4,4.5
1230,"Студент 1230","ББМО-01-23",1,3.9,3.5
1231,"Студент 1231","ББМО-01-23",2,4.6,4.3
1233,"Студент 1233","ББМО-01-23",3,4.9,5
1234,"Студент 1234","ББМО-01-23",3,4.5,4.8
1235,"Студент 1235","ББМО-01-23",4,4.2,5.1
1239,"Студент 1239","ББМО-01-23",4,3.7,4.8
1241,"Студент 1241","ББМО-01-23",3,3.2,4.1
1242,"Студент 1242","ББМО-01-23",3,4.1,4.5
1244,"Студент 1244","ББМО-01-23",1,3.2,3.1
1246,"Студент 1246","ББМО-01-23",3,4.6,4.8
1247,"Студент 1247","ББМО-01-23",2,3.5,3.8
1248,"Студент 1248","ББМО-01-23",3,4,4.5
1252,"Студент 1252","ББМО-01-23",4,4.4,5.2
1253,"Студент 1253","ББМО-01-23",4,3.9,5
1254,"Студент 1254","ББМО-01-23",3,4.1,4.5
1255,"Студент 1255","ББМО-01-23",3,3.9,4.5
1257,"Студент 1257","ББМО-01-23",2,4.3,4.2
1259,"Студент 1259","ББМО-01-23",4,4.9,5.5
1260,"Студент 1260","ББМО-01-23",1,4.9,4
1262,"Студент 1262","ББМО-01-23",3,3.8,4.4
1263,"Студент 1263","ББМО-01-23",3,4.9,5
1264,"Студент 1264","ББМО-01-23",4,3.7,4.8
1267,"Студент 1267","ББМО-01-23",4,4.4,5.2
1268,"Студент 1268","ББМО-01-23",3,3.8,4.4
1269,"Студент 1269","ББМО-01-23",2,4.2,4.1
1270,"Студент 1270","ББМО-01-23",1,4.7,3.9
1271,"Студент 1271","ББМО-01-23",3,4.8,4.9
1273,"Студент 1273","ББМО-01-23",2,4.4,4.2
1276,"Студент 1276","ББМО-01-23",4,4.6,5.3
1278,"Студент 1278","ББМО-01-23",4,4.5,5.3
1279,"Студент 1279","ББМО-01-23",2,3.7,3.9
1280,"Студент 1280","ББМО-01-23",3,4.5,4.8
1281,"Студент 1281","ББМО-01-23",4,3.3,4.7
1282,"Студент 1282","ББМО-01-23",2,4,4
1283,"Студент 1283","ББМО-01-23",2,3.2,3.6
1284,"Студент 1284","ББМО-01-23",1,3.6,3.3
1285,"Студент 1285","ББМО-01-23",2,4.7,4.3
1288,"Студент 1288","ББМО-01-23",1,3.4,3.2
1289,"Студент 1289","ББМО-01-23",2,3.4,3.7
1290,"Студент 1290","ББМО-01-23",1,3.6,3.3
1292,"Студент 1292","ББМО-01-23",3,4.9,5
1293,"Студент 1293","ББМО-01-23",1,4.1,3.5
1294,"Студент 1294","ББМО-01-23",2,4.4,4.2
1295,"Студент 1295","ББМО-01-23",3,3.8,4.4
1297,"Студент 1297","ББМО-01-23",2,4.8,4.4
1299,"Студент 1299","ББМО-01-23",2,4.6,4.3
1301,"Студент 1301","ББМО-01-23",3,4.2,4.6
1302,"Студент 1302","ББМО-01-23",4,3.1,4.5
1305,"Студент 1305","ББМО-01-23",4,4.3,5.2
1306,"Студент 1306","ББМО-01-23",3,4.3,4.7
1307,"Студент 1307","ББМО-01-23",4,3.2,4.6
1308,"Студент 1308","ББМО-01-23",2,4.3,4.2
1310,"Студент 1310","ББМО-01-23",2,4.5,4.3
1312,"Студент 1312","ББМО-01-23",2,4,4
1314,"Студент 1314","ББМО-01-23",4,4.3,5.2
1315,"Студент 1315","ББМО-01-23",2,3.9,4
1316,"Студент 1316","ББМО-01-23",2,4.2,4.1
1318,"Студент 1318","ББМО-01-23",3,3.3,4.2
1319,"Студент 1319","ББМО-01-23",3,4.2,4.6
1322,"Студент 1322","ББМО-01-23",2,3.7,3.9
1323,"Студент 1323","ББМО-01-23",1,3.3,3.1
1325,"Студент 1325","ББМО-01-23",4,3.8,4.9
1326,"Студент 1326","ББМО-01-23",1,3.9,3.5
1327,"Студент 1327","ББМО-01-23",2,3.9,4
1329,"Студент 1329","ББМО-01-23",3,3.9,4.5
1331,"Студент 1331","ББМО-01-23",4,4.9,5.5
1332,"Студент 1332","ББМО-01-23",4,3.1,4.5
1333,"Студент 1333","ББМО-01-23",2,4.6,4.3
1334,"Студент 1334","ББМО-01-23",1,4.2,3.6
1335,"Студент 1335","ББМО-01-23",2,3.3,3.6
1338,"Студент 1338","ББМО-01-23",4,4.3,5.2
1340,"Студент 1340","ББМО-01-23",4,3.1,4.5
1341,"Студент 1341","ББМО-01-23",3,3.3,4.2
1343,"Студент 1343","ББМО-01-23",3,4.7,4.8
1344,"Студент 1344","ББМО-01-23",1,3.2,3.1
1345,"Студент 1345","ББМО-01-23",4,4.5,5.3
1346,"Студент 1346","ББМО-01-23",2,3.2,3.6
1348,"Студент 1348","ББМО-01-23",4,4.8,5.4
1349,"Студент 1349","ББМО-01-23",2,5,4.5
1351,"Студент 1351","ББМО-01-23",1,3.4,3.2
1352,"Студент 1352","ББМО-01-23",2,5,4.5
1354,"Студент 1354","ББМО-01-23",3,3.9,4.5
1355,"Студент 1355","ББМО-01-23",3,4.2,4.6
1356,"Студент 1356","ББМО-01-23",2,3.6,3.8
1357,"Студент 1357","ББМО-01-23",2,3.2,3.6
1360,"Студент 1360","ББМО-01-23",3,3.2,4.1
1361,"Студент 1361","ББМО-01-23",1,3.8,3.4
1362,"Студент 1362","ББМО-01-23",3,3.7,4.3
1363,"Студент 1363","ББМО-01-23",4,4.8,5.4
1366,"Студент 1366","ББМО-01-23",3,3.7,4.3
1369,"Студент 1369","ББМО-01-23",3,4.5,4.8
1370,"Студент 1370","ББМО-01-23",4,3.2,4.6
1371,"Студент 1371","ББМО-01-23",3,3.1,4
1373,"Студент 1373","ББМО-01-23",2,4.3,4.2
1374,"Студент 1374","ББМО-01-23",4,5,5.5
1375,"Студент 1375","ББМО-01-23",1,4.6,3.8
1376,"Студент 1376","ББМО-01-23",3,4.2,4.6
1379,"Студент 1379","ББМО-01-23",2,4.4,4.2
1380,"Студент 1380","ББМО-01-23",1,3.3,3.1
1381,"Студент 1381","ББМО-01-23",1,4.4,3.7
1382,"Студент 1382","ББМО-01-23",1,4.3,3.6
1384,"Студент 1384","ББМО-01-23",1,3.1,3
1386,"Студент 1386","ББМО-01-23",2,3.3,3.6
1387,"Студент 1387","ББМО-01-23",4,4.9,5.5
1391,"Студент 1391","ББМО-01-23",2,4.4,4.2
1392,"Студент 1392","ББМО-01-23",3,3.2,4.1
1395,"Студент 1395","ББМО-01-23",2,3.3,3.6
1397,"Студент 1397","ББМО-01-23",2,3.2,3.6
1398,"Студент 1398","ББМО-01-23",2,3.6,3.8
1400,"Студент 1400","ББМО-01-23",3,3.1,4
1401,"Студент 1401","ББМО-01-23",2,3.1,3.5
1402,"Студент 1402","ББМО-01-23",2,4.4,4.2
1404,"Студент 1404","ББМО-01-23",3,3.8,4.4
1405,"Студент 1405","ББМО-01-23",1,3.3,3.1
1406,"Студент 1406","ББМО-01-23",2,4.3,4.2
1407,"Студент 1407","ББМО-01-23",3,4.1,4.5
1409,"Студент 1409","ББМО-01-23",3,3.9,4.5
1410,"Студент 1410","ББМО-01-23",1,3.8,3.4
1411,"Студент 1411","ББМО-01-23",3,3.6,4.3
1412,"Студент 1412","ББМО-01-23",1,4.1,3.5
1414,"Студент 1414","ББМО-01-23",1,3.4,3.2
1415,"Студент 1415","ББМО-01-23",1,4.4,3.7
1417,"Студент 1417","ББМО-01-23",3,4.5,4.8
1418,"Студент 1418","ББМО-01-23",4,4.5,5.3
1420,"Студент 1420","ББМО-01-23",4,4.1,5
1421,"Студент 1421","ББМО-01-23",2,4.7,4.3
1422,"Студент 1422","ББМО-01-23",1,4.3,3.6
1423,"Студент 1423","ББМО-01-23",3,5,5
1424,"Студент 1424","ББМО-01-23",3,3.9,4.5
1425,"Студент 1425","ББМО-01-23",2,4.5,4.3
1426,"Студент 1426","ББМО-01-23",3,4.1,4.5
1432,"Студент 1432","ББМО-01-23",1,3.1,3
1433,"Студент 1433","ББМО-01-23",2,3.1,3.5
1434,"Студент 1434","ББМО-01-23",4,3.2,4.6
1435,"Студент 1435","ББМО-01-23",2,4.5,4.3
1437,"Студент 1437","ББМО-01-23",1,4.8,3.9
1439,"Студент 1439","ББМО-01-23",1,4.1,3.5
1440,"Студент 1440","ББМО-01-23",3,4.1,4.5
1441,"Студент 1441","ББМО-01-23",1,3.2,3.1
1445,"Студент 1445","ББМО-01-23",1,4.5,3.8
1447,"Студент 1447","ББМО-01-23",1,5,4
1448,"Студент 1448","ББМО-01-23",2,3.9,4
1449,"Студент 1449","ББМО-01-23",4,4.1,5
1454,"Студент 1454","ББМО-01-23",4,4.4,5.2
1458,"Студент 1458","ББМО-01-23",1,3.6,3.3
1459,"Студент 1459","ББМО-01-23",3,3.8,4.4
1462,"Студент 1462","ББМО-01-23",3,4.4,4.7
1465,"Студент 1465","ББМО-01-23",2,4.1,4
1466,"Студент 1466","ББМО-01-23",3,4.3,4.7
1468,"Студент 1468","ББМО-01-23",1,4.2,3.6
1471,"Студент 1471","ББМО-01-23",2,3.1,3.5
1472,"Студент 1472","ББМО-01-23",3,3.2,4.1
1474,"Студент 1474","ББМО-01-23",2,4.2,4.1
1475,"Студент 1475","ББМО-01-23",3,4.3,4.7
1476,"Студент 1476","ББМО-01-23",4,4.6,5.3
1479,"Студент 1479","ББМО-01-23",4,4.6,5.3
1483,"Студент 1483","ББМО-01-23",2,4.5,4.3
1487,"Студент 1487","ББМО-01-23",2,3.2,3.6
1488,"Студент 1488","ББМО-01-23",4,4.6,5.3
1489,"Студент 1489","ББМО-01-23",3,3.2,4.1
1490,"Студент 1490","ББМО-01-23",1,4.7,3.9
1491,"Студент 1491","ББМО-01-23",1,4.4,3.7
1494,"Студент 1494","ББМО-01-23",4,4.1,5
1495,"Студент 1495","ББМО-01-23",3,4.5,4.8
1496,"Студент 1496","ББМО-01-23",2,3.2,3.6
1498,"Студент 1498","ББМО-01-23",4,4.7,5.3
1499,"Студент 1499","ББМО-01-23",2,3.9,4
1500,"Студент 1500","ББМО-01-23",1,4.7,3.9
1502,"Студент 1502","ББМО-01-23",4,4.1,5
1503,"Студент 1503","ББМО-01-23",2,4.2,4.1
1504,"Студент 1504","ББМО-01-23",3,4.7,4.8
1506,"Студент 1506","ББМО-01-23",1,4.5,3.8
1507,"Студент 1507","ББМО-01-23",2,4.3,4.2
1509,"Студент 1509","ББМО-01-23",4,4.2,5.1
1510,"Студент 1510","ББМО-01-23",2,3.3,3.6
1511,"Студент 1511","ББМО-01-23",3,4.5,4.8
1512,"Студент 1512","ББМО-01-23",4,3.7,4.8
1514,"Студент 1514","ББМО-01-23",3,4.4,4.7
1516,"Студент 1516","ББМО-01-23",1,3.8,3.4
1517,"Студент 1517","ББМО-01-23",2,3.1,3.5
1518,"Студент 1518","ББМО-01-23",2,4.8,4.4
1519,"Студент 1519","ББМО-01-23",2,4.9,4.5
1520,"Студент 1520","ББМО-01-23",3,4.3,4.7
1521,"Студент 1521","ББМО-01-23",3,4.3,4.7
1523,"Студент 1523","ББМО-01-23",4,3.7,4.8
1526,"Студент 1526","ББМО-01-23",4,3.9,5
1527,"Студент 1527","ББМО-01-23",4,3.4,4.7
1528,"Студент 1528","ББМО-01-23",3,4.9,5
1529,"Студент 1529","ББМО-01-23",2,3.9,4
1534,"Студент 1534","ББМО-01-23",2,3.3,3.6
1537,"Студент 1537","ББМО-01-23",1,3.9,3.5
1538,"Студент 1538","ББМО-01-23",4,4.7,5.3
1539,"Студент 1539","ББМО-01-23",2,4.8,4.4
1540,"Студент 1540","ББМО-01-23",2,3.6,3.8
1541,"Студент 1541","ББМО-01-23",3,3.1,4
1543,"Студент 1543","ББМО-01-23",4,3.2,4.6
1546,"Студент 1546","ББМО-01-23",4,3.3,4.7
1548,"Студент 1548","ББМО-01-23",3,4.7,4.8
1551,"Студент 1551","ББМО-01-23",1,4.8,3.9
1553,"Студент 1553","ББМО-01-23",2,4.3,4.2
1554,"Студент 1554","ББМО-01-23",3,3.8,4.4
1556,"Студент 1556","ББМО-01-23",3,3.2,4.1
1558,"Студент 1558","ББМО-01-23",3,4.8,4.9
1559,"Студент 1559","ББМО-01-23",1,3.1,3
1563,"Студент 1563","ББМО-01-23",1,3.9,3.5
1564,"Студент 1564","ББМО-01-23",1,4,3.5
1565,"Студент 1565","ББМО-01-23",4,3.2,4.6
1566,"Студент 1566","ББМО-01-23",2,3.2,3.6
1568,"Студент 1568","ББМО-01-23",3,3.4,4.2
1569,"Студент 1569","ББМО-01-23",2,3.6,3.8
1576,"Студент 1576","ББМО-01-23",1,4.8,3.9
1577,"Студент 1577","ББМО-01-23",4,4.9,5.5
1579,"Студент 1579","ББМО-01-23",2,3.5,3.8
1581,"Студент 1581","ББМО-01-23",4,4.8,5.4
1582,"Студент 1582","ББМО-01-23",1,3.2,3.1
1583,"Студент 1583","ББМО-01-23",4,3.4,4.7
1586,"Студент 1586","ББМО-01-23",4,3.4,4.7
1587,"Студент 1587","ББМО-01-23",1,4,3.5
1589,"Студент 1589","ББМО-01-23",4,3.1,4.5
1590,"Студент 1590","ББМО-01-23",4,3.3,4.7
1591,"Студент 1591","ББМО-01-23",1,3.2,3.1
1595,"Студент 1595","ББМО-01-23",3,3.9,4.5
1597,"Студент 1597","ББМО-01-23",4,4.2,5.1
1598,"Студент 1598","ББМО-01-23",1,4.9,4
1599,"Студент 1599","ББМО-01-23",1,4.4,3.7
1601,"Студент 1601","ББМО-01-23",1,3.1,3
1602,"Студент 1602","ББМО-01-23",4,3.9,5
1603,"Студент 1603","ББМО-01-23",2,4.9,4.5
1604,"Студент 1604","ББМО-01-23",2,3.7,3.9
1605,"Студент 1605","ББМО-01-23",2,4.1,4
1608,"Студент 1608","ББМО-01-23",2,3.6,3.8
1610,"Студент 1610","ББМО-01-23",1,3.2,3.1
1613,"Студент 1613","ББМО-01-23",1,3.6,3.3
1614,"Студент 1614","ББМО-01-23",4,4.8,5.4
1616,"Студент 1616","ББМО-01-23",1,4.5,3.8
1617,"Студент 1617","ББМО-01-23",3,4.1,4.5
1618,"Студент 1618","ББМО-01-23",1,4.7,3.9
1619,"Студент 1619","ББМО-01-23",4,3.6,4.8
1620,"Студент 1620","ББМО-01-23",2,3.8,3.9
1621,"Студент 1621","ББМО-01-23",2,4.6,4.3
1622,"Студент 1622","ББМО-01-23",3,3.9,4.5
1624,"Студент 1624","ББМО-01-23",2,4.3,4.2
1625,"Студент 1625","ББМО-01-23",2,4.8,4.4
1626,"Студент 1626","ББМО-01-23",4,4.3,5.2
1629,"Студент 1629","ББМО-01-23",2,4.5,4.3
1631,"Студент 1631","ББМО-01-23",3,4.7,4.8
1634,"Студент 1634","ББМО-01-23",2,3.1,3.5
1636,"Студент 1636","ББМО-01-23",4,3.4,4.7
1637,"Студент 1637","ББМО-01-23",2,5,4.5
1638,"Студент 1638","ББМО-01-23",2,4.8,4.4
1640,"Студент 1640","ББМО-01-23",2,4.4,4.2
1641,"Студент 1641","ББМО-01-23",4,3.5,4.8
1642,"Студент 1642","ББМО-01-23",1,4.6,3.8
1643,"Студент 1643","ББМО-01-23",1,4.4,3.7
1645,"Студент 1645","ББМО-01-23",2,3.8,3.9
1646,"Студент 1646","ББМО-01-23",1,4.4,3.7
1651,"Студент 1651","ББМО-01-23",4,4.1,5
1652,"Студент 1652","ББМО-01-23",3,4.5,4.8
1653,"Студент 1653","ББМО-01-23",1,4.9,4
1654,"Студент 1654","ББМО-01-23",4,3.7,4.8
1655,"Студент 1655","ББМО-01-23",4,3.9,5
1657,"Студент 1657","ББМО-01-23",1,4.1,3.5
1659,"Студент 1659","ББМО-01-23",2,3.9,4
1660,"Студент 1660","ББМО-01-23",3,4.3,4.7
1661,"Студент 1661","ББМО-01-23",3,3.6,4.3
1662,"Студент 1662","ББМО-01-23",1,4.1,3.5
1663,"Студент 1663","ББМО-01-23",4,3.8,4.9
1664,"Студент 1664","ББМО-01-23",4,4.2,5.1
1666,"Студент 1666","ББМО-01-23",4,3.9,5
1667,"Студент 1667","ББМО-01-23",3,3.9,4.5
1669,"Студент 1669","ББМО-01-23",3,4,4.5
1673,"Студент 1673","ББМО-01-23",1,3.1,3
1675,"Студент 1675","ББМО-01-23",4,3.7,4.8
1676,"Студент 1676","ББМО-01-23",2,4.4,4.2
1677,"Студент 1677","ББМО-01-23",1,4.2,3.6
1678,"Студент 1678","ББМО-01-23",2,4.7,4.3
1680,"Студент 1680","ББМО-01-23",4,4.8,5.4
1681,"Студент 1681","ББМО-01-23",3,4,4.5
1682,"Студент 1682","ББМО-01-23",4,5,5.5
1685,"Студент 1685","ББМО-01-23",4,3.4,4.7
1686,"Студент 1686","ББМО-01-23",3,3.1,4
1687,"Студент 1687","ББМО-01-23",3,3.3,4.2
1688,"Студент 1688","ББМО-01-23",4,4,5
1689,"Студент 1689","ББМО-01-23",1,4.8,3.9
1690,"Студент 1690","ББМО-01-23",1,4.8,3.9
1691,"Студент 1691","ББМО-01-23",1,3.4,3.2
1692,"Студент 1692","ББМО-01-23",1,4.4,3.7
1693,"Студент 1693","ББМО-01-23",4,3.5,4.8
1694,"Студент 1694","ББМО-01-23",4,3.4,4.7
1695,"Студент 1695","ББМО-01-23",3,3.8,4.4
1697,"Студент 1697","ББМО-01-23",4,5,5.5
1699,"Студент 1699","ББМО-01-23",2,4.7,4.3
1700,"Студент 1700","ББМО-01-23",1,3.5,3.3
1701,"Студент 1701","ББМО-01-23",4,4.4,5.2
1702,"Студент 1702","ББМО-01-23",2,4,4
1703,"Студент 1703","ББМО-01-23",3,4.8,4.9
1704,"Студент 1704","ББМО-01-23",2,3.8,3.9
1705,"Студент 1705","ББМО-01-23",3,4.1,4.5
1706,"Студент 1706","ББМО-01-23",3,4.5,4.8
1708,"Студент 1708","ББМО-01-23",2,3.4,3.7
1709,"Студент 1709","ББМО-01-23",1,3.4,3.2
1710,"Студент 1710","ББМО-01-23",4,4.4,5.2
1711,"Студент 1711","ББМО-01-23",2,4.5,4.3
1713,"Студент 1713","ББМО-01-23",4,4.2,5.1
1714,"Студент 1714","ББМО-01-23",4,4.3,5.2
1715,"Студент 1715","ББМО-01-23",2,3.1,3.5
1716,"Студент 1716","ББМО-01-23",1,4.8,3.9
1717,"Студент 1717","ББМО-01-23",2,3.7,3.9
1718,"Студент 1718","ББМО-01-23",4,4.9,5.5
1719,"Студент 1719","ББМО-01-23",1,4.4,3.7
1720,"Студент 1720","ББМО-01-23",1,3.1,3
1722,"Студент 1722","ББМО-01-23",2,3.7,3.9
1723,"Студент 1723","ББМО-01-23",3,4.3,4.7
1724,"Студент 1724","ББМО-01-23",3,4.8,4.9
1728,"Студент 1728","ББМО-01-23",4,3.6,4.8
1729,"Студент 1729","ББМО-01-23",1,3.2,3.1
1731,"Студент 1731","ББМО-01-23",2,3.7,3.9
1732,"Студент 1732","ББМО-01-23",3,3.7,4.3
1733,"Студент 1733","ББМО-01-23",2,3.8,3.9
1734,"Студент 1734","ББМО-01-23",1,3.4,3.2
1735,"Студент 1735","ББМО-01-23",1,3.3,3.1
1736,"Студент 1736","ББМО-01-23",1,3.6,3.3
1737,"Студент 1737","ББМО-01-23",1,3.4,3.2
1738,"Студент 1738","ББМО-01-23",4,3.9,5
1739,"Студент 1739","ББМО-01-23",1,4.9,4
1740,"Студент 1740","ББМО-01-23",4,4.7,5.3
1741,"Студент 1741","ББМО-01-23",1,4,3.5
1743,"Студент 1743","ББМО-01-23",2,3.5,3.8
1744,"Студент 1744","ББМО-01-23",4,4.3,5.2
1746,"Студент 1746","ББМО-01-23",3,3.2,4.1
1747,"Студент 1747","ББМО-01-23",3,3.1,4
1751,"Студент 1751","ББМО-01-23",3,3.3,4.2
1752,"Студент 1752","ББМО-01-23",2,3.9,4
1756,"Студент 1756","ББМО-01-23",3,4.1,4.5
1757,"Студент 1757","ББМО-01-23",1,4.4,3.7
1758,"Студент 1758","ББМО-01-23",2,4.4,4.2
1759,"Студент 1759","ББМО-01-23",4,4.6,5.3
1760,"Студент 1760","ББМО-01-23",4,4.2,5.1
1761,"Студент 1761","ББМО-01-23",3,4.9,5
1763,"Студент 1763","ББМО-01-23",1,4.6,3.8
1764,"Студент 1764","ББМО-01-23",1,3.9,3.5
1766,"Студент 1766","ББМО-01-23",4,3.2,4.6
1768,"Студент 1768","ББМО-01-23",1,3.1,3
1770,"Студент 1770","ББМО-01-23",2,4.5,4.3
1772,"Студент 1772","ББМО-01-23",2,3.7,3.9
1775,"Студент 1775","ББМО-01-23",4,5,5.5
1776,"Студент 1776","ББМО-01-23",4,3.8,4.9
1777,"Студент 1777","ББМО-01-23",2,4.3,4.2
1778,"Студент 1778","ББМО-01-23",4,3.3,4.7
1779,"Студент 1779","ББМО-01-23",3,3.8,4.4
1781,"Студент 1781","ББМО-01-23",3,4.3,4.7
1782,"Студент 1782","ББМО-01-23",4,3.9,5
1783,"Студент 1783","ББМО-01-23",4,3.2,4.6
1785,"Студент 1785","ББМО-01-23",1,3.2,3.1
1786,"Студент 1786","ББМО-01-23",3,4.1,4.5
1788,"Студент 1788","ББМО-01-23",1,3.7,3.4
1789,"Студент 1789","ББМО-01-23",1,3.1,3
1790,"Студент 1790","ББМО-01-23",4,3.7,4.8
1791,"Студент 1791","ББМО-01-23",2,3.5,3.8
1792,"Студент 1792","ББМО-01-23",3,3.9,4.5
1794,"Студент 1794","ББМО-01-23",2,3.3,3.6
1795,"Студент 1795","ББМО-01-23",3,3.2,4.1
1797,"Студент 1797","ББМО-01-23",1,3.7,3.4
1798,"Студент 1798","ББМО-01-23",3,4.1,4.5
1800,"Студент 1800","ББМО-01-23",2,3.1,3.5
1801,"Студент 1801","ББМО-01-23",4,4.4,5.2
1802,"Студент 1802","ББМО-01-23",1,3.6,3.3
1803,"Студент 1803","ББМО-01-23",1,4.1,3.5
1804,"Студент 1804","ББМО-01-23",3,3.3,4.2
1806,"Студент 1806","ББМО-01-23",3,3.9,4.5
1808,"Студент 1808","ББМО-01-23",3,3.8,4.4
1809,"Студент 1809","ББМО-01-23",3,4.8,4.9
1811,"Студент 1811","ББМО-01-23",3,3.8,4.4
1817,"Студент 1817","ББМО-01-23",1,3.1,3
1818,"Студент 1818","ББМО-01-23",1,4.8,3.9
1820,"Студент 1820","ББМО-01-23",2,3.8,3.9
1821,"Студент 1821","ББМО-01-23",1,3.9,3.5
1822,"Студент 1822","ББМО-01-23",4,3.8,4.9
1823,"Студент 1823","ББМО-01-23",1,4.6,3.8
1824,"Студент 1824","ББМО-01-23",4,4,5
1825,"Студент 1825","ББМО-01-23",2,4.5,4.3
1827,"Студент 1827","ББМО-01-23",2,4.7,4.3
1828,"Студент 1828","ББМО-01-23",2,4.7,4.3
1831,"Студент 1831","ББМО-01-23",1,3.4,3.2
1833,"Студент 1833","ББМО-01-23",3,3.1,4
1834,"Студент 1834","ББМО-01-23",2,4.7,4.3
1835,"Студент 1835","ББМО-01-23",2,3.9,4
1838,"Студент 1838","ББМО-01-23",3,3.8,4.4
1839,"Студент 1839","ББМО-01-23",3,4.2,4.6
1840,"Студент 1840","ББМО-01-23",1,4.9,4
1842,"Студент 1842","ББМО-01-23",3,4.5,4.8
1844,"Студент 1844","ББМО-01-23",3,4.7,4.8
1845,"Студент 1845","ББМО-01-23",3,4.5,4.8
1847,"Студент 1847","ББМО-01-23",2,3.3,3.6
1848,"Студент 1848","ББМО-01-23",1,4.6,3.8
1849,"Студент 1849","ББМО-01-23",4,4.4,5.2
1851,"Студент 1851","ББМО-01-23",4,3.6,4.8
1852,"Студент 1852","ББМО-01-23",1,3.1,3
1854,"Студент 1854","ББМО-01-23",1,3.1,3
1857,"Студент 1857","ББМО-01-23",2,3.4,3.7
1858,"Студент 1858","ББМО-01-23",4,3.4,4.7
1859,"Студент 1859","ББМО-01-23",1,3.8,3.4
1860,"Студент 1860","ББМО-01-23",4,4.6,5.3
1862,"Студент 1862","ББМО-01-23",2,5,4.5
1863,"Студент 1863","ББМО-01-23",3,3.7,4.3
1864,"Студент 1864","ББМО-01-23",2,4.8,4.4
1866,"Студент 1866","ББМО-01-23",4,3.8,4.9
1868,"Студент 1868","ББМО-01-23",4,3.6,4.8
1870,"Студент 1870","ББМО-01-23",1,3.2,3.1
1871,"Студент 1871","ББМО-01-23",4,4.6,5.3
1872,"Студент 1872","ББМО-01-23",2,4.4,4.2
1873,"Студент 1873","ББМО-01-23",4,3.2,4.6
1874,"Студент 1874","ББМО-01-23",1,4.1,3.5
1876,"Студент 1876","ББМО-01-23",4,4,5
1877,"Студент 1877","ББМО-01-23",1,5,4
1878,"Студент 1878","ББМО-01-23",4,3.2,4.6
1883,"Студент 1883","ББМО-01-23",3,5,5
1885,"Студент 1885","ББМО-01-23",4,4.6,5.3
1889,"Студент 1889","ББМО-01-23",3,4.5,4.8
1890,"Студент 1890","ББМО-01-23",4,4.7,5.3
1891,"Студент 1891","ББМО-01-23",3,3.3,4.2
1892,"Студент 1892","ББМО-01-23",4,4.7,5.3
1893,"Студент 1893","ББМО-01-23",2,4.3,4.2
1894,"Студент 1894","ББМО-01-23",3,4.8,4.9
1896,"Студент 1896","ББМО-01-23",3,4.8,4.9
1897,"Студент 1897","ББМО-01-23",1,4.5,3.8
1898,"Студент 1898","ББМО-01-23",2,4.1,4
1901,"Студент 1901","ББМО-01-23",3,4.7,4.8
1903,"Студент 1903","ББМО-01-23",2,3.4,3.7
1904,"Студент 1904","ББМО-01-23",2,4.2,4.1
1905,"Студент 1905","ББМО-01-23",2,4.2,4.1
1906,"Студент 1906","ББМО-01-23",4,3.8,4.9
1910,"Студент 1910","ББМО-01-23",4,4,5
1911,"Студент 1911","ББМО-01-23",2,4.1,4
1912,"Студент 1912","ББМО-01-23",4,3.5,4.8
1915,"Студент 1915","ББМО-01-23",2,3.1,3.5
1916,"Студент 1916","ББМО-01-23",1,3.6,3.3
1919,"Студент 1919","ББМО-01-23",2,3.7,3.9
1920,"Студент 1920","ББМО-01-23",1,3.2,3.1
1923,"Студент 1923","ББМО-01-23",1,3.3,3.1
1925,"Студент 1925","ББМО-01-23",4,4.1,5
1926,"Студент 1926","ББМО-01-23",2,4.7,4.3
1928,"Студент 1928","ББМО-01-23",4,3.1,4.5
1929,"Студент 1929","ББМО-01-23",1,4.7,3.9
1931,"Студент 1931","ББМО-01-23",3,4.1,4.5
1932,"Студент 1932","ББМО-01-23",3,4.2,4.6
1935,"Студент 1935","ББМО-01-23",2,4.3,4.2
1937,"Студент 1937","ББМО-01-23",2,3.9,4
1942,"Студент 1942","ББМО-01-23",3,4.3,4.7
1943,"Студент 1943","ББМО-01-23",2,3.9,4
1944,"Студент 1944","ББМО-01-23",2,4.1,4
1945,"Студент 1945","ББМО-01-23",2,4.5,4.3
1948,"Студент 1948","ББМО-01-23",2,3.5,3.8
1949,"Студент 1949","ББМО-01-23",3,4.1,4.5
1950,"Студент 1950","ББМО-01-23",4,4.6,5.3
1951,"Студент 1951","ББМО-01-23",1,4.9,4
1952,"Студент 1952","ББМО-01-23",1,4.5,3.8
1954,"Студент 1954","ББМО-01-23",2,3.8,3.9
1955,"Студент 1955","ББМО-01-23",2,4.2,4.1
1957,"Студент 1957","ББМО-01-23",4,4.6,5.3
1958,"Студент 1958","ББМО-01-23",4,3.4,4.7
1959,"Студент 1959","ББМО-01-23",2,4.9,4.5
1960,"Студент 1960","ББМО-01-23",3,4.1,4.5
1961,"Студент 1961","ББМО-01-23",4,4.4,5.2
1962,"Студент 1962","ББМО-01-23",4,3.4,4.7
1963,"Студент 1963","ББМО-01-23",2,3.8,3.9
1965,"Студент 1965","ББМО-01-23",1,4.8,3.9
1967,"Студент 1967","ББМО-01-23",4,3.2,4.6
1970,"Студент 1970","ББМО-01-23",4,4.9,5.5
1971,"Студент 1971","ББМО-01-23",2,3.5,3.8
1972,"Студент 1972","ББМО-01-23",1,4.1,3.5
1974,"Студент 1974","ББМО-01-23",2,3.1,3.5
1976,"Студент 1976","ББМО-01-23",1,3.6,3.3
1977,"Студент 1977","ББМО-01-23",3,4.2,4.6
1978,"Студент 1978","ББМО-01-23",3,3.7,4.3
1979,"Студент 1979","ББМО-01-23",4,4.5,5.3
1980,"Студент 1980","ББМО-01-23",3,3.3,4.2
1984,"Студент 1984","ББМО-01-23",4,4.3,5.2
1985,"Студент 1985","ББМО-01-23",1,4.6,3.8
1986,"Студент 1986","ББМО-01-23",4,3.5,4.8
1987,"Студент 1987","ББМО-01-23",4,4.7,5.3
1990,"Студент 1990","ББМО-01-23",4,4.2,5.1
1992,"Студент 1992","ББМО-01-23",1,3.2,3.1
1994,"Студент 1994","ББМО-01-23",1,4.3,3.6
1995,"Студент 1995","ББМО-01-23",4,3.7,4.8
1996,"Студент 1996","ББМО-01-23",3,3.6,4.3
2001,"Студент 2001","ББМО-01-23",3,4.6,4.8
2002,"Студент 2002","ББМО-01-23",2,3.7,3.9
2003,"Студент 2003","ББМО-01-23",3,3.5,4.3
2004,"Студент 2004","ББМО-01-23",1,4.8,3.9
2005,"Студент 2005","ББМО-01-23",2,4.5,4.3
2007,"Студент 2007","ББМО-01-23",3,3.3,4.2
2012,"Студент 2012","ББМО-01-23",1,3.7,3.4
2013,"Студент 2013","ББМО-01-23",3,3.3,4.2
2016,"Студент 2016","ББМО-01-23",4,4.9,5.5
2017,"Студент 2017","ББМО-01-23",2,3.5,3.8
2021,"Студент 2021","ББМО-01-23",2,3.7,3.9
2022,"Студент 2022","ББМО-01-23",3,3.6,4.3
2023,"Студент 2023","ББМО-01-23",4,3.4,4.7
2024,"Студент 2024","ББМО-01-23",1,4.7,3.9
2026,"Студент 2026","ББМО-01-23",1,4.5,3.8
2027,"Студент 2027","ББМО-01-23",2,3.7,3.9
2029,"Студент 2029","ББМО-01-23",3,4.6,4.8
2031,"Студент 2031","ББМО-01-23",1,3.8,3.4
2032,"Студент 2032","ББМО-01-23",3,4.6,4.8
2034,"Студент 2034","ББМО-01-23",1,3.4,3.2
2035,"Студент 2035","ББМО-01-23",4,4,5
2036,"Студент 2036","ББМО-01-23",4,5,5.5
2037,"Студент 2037","ББМО-01-23",1,4.9,4
2038,"Студент 2038","ББМО-01-23",1,3.8,3.4
2041,"Студент 2041","ББМО-01-23",4,4.4,5.2
2044,"Студент 2044","ББМО-01-23",2,3.6,3.8
2045,"Студент 2045","ББМО-01-23",2,4.9,4.5
2047,"Студент 2047","ББМО-01-23",4,3.5,4.8
2048,"Студент 2048","ББМО-01-23",1,4.5,3.8
2049,"Студент 2049","ББМО-01-23",2,3.5,3.8
2050,"Студент 2050","ББМО-01-23",2,4.2,4.1
2053,"Студент 2053","ББМО-01-23",1,3.8,3.4
2054,"Студент 2054","ББМО-01-23",1,5,4
2057,"Студент 2057","ББМО-01-23",1,4.8,3.9
2058,"Студент 2058","ББМО-01-23",3,3.7,4.3
2060,"Студент 2060","ББМО-01-23",4,4.7,5.3
2061,"Студент 2061","ББМО-01-23",3,3.6,4.3
2063,"Студент 2063","ББМО-01-23",4,4.4,5.2
2066,"Студент 2066","ББМО-01-23",2,4.2,4.1
2067,"Студент 2067","ББМО-01-23",4,3.2,4.6
2068,"Студент 2068","ББМО-01-23",2,3.4,3.7
2069,"Студент 2069","ББМО-01-23",1,4.9,4
2070,"Студент 2070","ББМО-01-23",4,4.2,5.1
2071,"Студент 2071","ББМО-01-23",4,4.2,5.1
2072,"Студент 2072","ББМО-01-23",1,3.9,3.5
2074,"Студент 2074","ББМО-01-23",1,3.5,3.3
2076,"Студент 2076","ББМО-01-23",2,3.4,3.7
2077,"Студент 2077","ББМО-01-23",4,4.6,5.3
2078,"Студент 2078","ББМО-01-23",1,4.3,3.6
2079,"Студент 2079","ББМО-01-23",3,3.3,4.2
2081,"Студент 2081","ББМО-01-23",1,3.6,3.3
2082,"Студент 2082","ББМО-01-23",4,3.4,4.7
2084,"Студент 2084","ББМО-01-23",4,4.6,5.3
2085,"Студент 2085","ББМО-01-23",2,4.7,4.3
2086,"Студент 2086","ББМО-01-23",4,3.4,4.7
2087,"Студент 2087","ББМО-01-23",2,4.9,4.5
2089,"Студент 2089","ББМО-01-23",2,4.8,4.4
2090,"Студент 2090","ББМО-01-23",4,4.2,5.1
2091,"Студент 2091","ББМО-01-23",3,3.7,4.3
2092,"Студент 2092","ББМО-01-23",1,3.2,3.1
2094,"Студент 2094","ББМО-01-23",3,4.3,4.7
2095,"Студент 2095","ББМО-01-23",3,4.4,4.7
2096,"Студент 2096","ББМО-01-23",2,3.9,4
2097,"Студент 2097","ББМО-01-23",3,4.5,4.8
2098,"Студент 2098","ББМО-01-23",4,4.4,5.2
2099,"Студент 2099","ББМО-01-23",1,3.7,3.4
2100,"Студент 2100","ББМО-01-23",1,4.7,3.9
2102,"Студент 2102","ББМО-01-23",2,3.2,3.6
2104,"Студент 2104","ББМО-01-23",2,3.5,3.8
2105,"Студент 2105","ББМО-01-23",1,4.9,4
2106,"Студент 2106","ББМО-01-23",2,4.8,4.4
2107,"Студент 2107","ББМО-01-23",1,3.1,3
2109,"Студент 2109","ББМО-01-23",1,3.3,3.1
2110,"Студент 2110","ББМО-01-23",4,3.2,4.6
2111,"Студент 2111","ББМО-01-23",2,4.2,4.1
2114,"Студент 2114","ББМО-01-23",3,3.3,4.2
2115,"Студент 2115","ББМО-01-23",2,3.8,3.9
2116,"Студент 2116","ББМО-01-23",1,4.4,3.7
2117,"Студент 2117","ББМО-01-23",3,3.7,4.3
2118,"Студент 2118","ББМО-01-23",4,4.7,5.3
2119,"Студент 2119","ББМО-01-23",3,4.8,4.9
2120,"Студент 2120","ББМО-01-23",3,4,4.5
2121,"Студент 2121","ББМО-01-23",3,4,4.5
2122,"Студент 2122","ББМО-01-23",4,4.8,5.4
2123,"Студент 2123","ББМО-01-23",2,4.9,4.5
2124,"Студент 2124","ББМО-01-23",2,3.9,4
2125,"Студент 2125","ББМО-01-23",3,4.1,4.5
2126,"Студент 2126","ББМО-01-23",3,3.5,4.3
2127,"Студент 2127","ББМО-01-23",4,3.9,5
2128,"Студент 2128","ББМО-01-23",1,4.4,3.7
2129,"Студент 2129","ББМО-01-23",4,4.5,5.3
2130,"Студент 2130","ББМО-01-23",2,3.1,3.5
2131,"Студент 2131","ББМО-01-23",3,4.4,4.7
2132,"Студент 2132","ББМО-01-23",4,3.5,4.8
2133,"Студент 2133","ББМО-01-23",2,4.2,4.1
2134,"Студент 2134","ББМО-01-23",4,4.6,5.3
2137,"Студент 2137","ББМО-01-23",3,4,4.5
2139,"Студент 2139","ББМО-01-23",2,4.1,4
2140,"Студент 2140","ББМО-01-23",1,3.2,3.1
2141,"Студент 2141","ББМО-01-23",4,4.1,5
2143,"Студент 2143","ББМО-01-23",1,3.5,3.3
2147,"Студент 2147","ББМО-01-23",2,3.3,3.6
2148,"Студент 2148","ББМО-01-23",3,3.5,4.3
2149,"Студент 2149","ББМО-01-23",4,4.3,5.2
2151,"Студент 2151","ББМО-01-23",1,3.9,3.5
2152,"Студент 2152","ББМО-01-23",3,4.5,4.8
2153,"Студент 2153","ББМО-01-23",4,3.8,4.9
2156,"Студент 2156","ББМО-01-23",2,3.5,3.8
2157,"Студент 2157","ББМО-01-23",3,4,4.5
2158,"Студент 2158","ББМО-01-23",2,4.6,4.3
2159,"Студент 2159","ББМО-01-23",4,4.8,5.4
2160,"Студент 2160","ББМО-01-23",4,3.2,4.6
2162,"Студент 2162","ББМО-01-23",3,4.6,4.8
2163,"Студент 2163","ББМО-01-23",1,4.7,3.9
2164,"Студент 2164","ББМО-01-23",2,4.9,4.5
2165,"Студент 2165","ББМО-01-23",1,3.8,3.4
2166,"Студент 2166","ББМО-01-23",2,3.8,3.9
2167,"Студент 2167","ББМО-01-23",3,3.3,4.2
2168,"Студент 2168","ББМО-01-23",1,3.6,3.3
2169,"Студент 2169","ББМО-01-23",4,4.9,5.5
2170,"Студент 2170","ББМО-01-23",3,4.9,5
2171,"Студент 2171","ББМО-01-23",4,3.3,4.7
2172,"Студент 2172","ББМО-01-23",3,4.7,4.8
2175,"Студент 2175","ББМО-01-23",3,4.3,4.7
2177,"Студент 2177","ББМО-01-23",3,3.1,4
2178,"Студент 2178","ББМО-01-23",4,4.7,5.3
2179,"Студент 2179","ББМО-01-23",3,3.4,4.2
2181,"Студент 2181","ББМО-01-23",3,3.2,4.1
2183,"Студент 2183","ББМО-01-23",1,4.8,3.9
2184,"Студент 2184","ББМО-01-23",2,3.3,3.6
2185,"Студент 2185","ББМО-01-23",2,3.1,3.5
2189,"Студент 2189","ББМО-01-23",1,3.7,3.4
2190,"Студент 2190","ББМО-01-23",4,4.6,5.3
2191,"Студент 2191","ББМО-01-23",3,4.2,4.6
2194,"Студент 2194","ББМО-01-23",4,4.3,5.2
2196,"Студент 2196","ББМО-01-23",2,4.8,4.4
2199,"Студент 2199","ББМО-01-23",1,4.2,3.6
2200,"Студент 2200","ББМО-01-23",3,3.6,4.3
2201,"Студент 2201","ББМО-01-23",4,4,5
2203,"Студент 2203","ББМО-01-23",4,4.5,5.3
2204,"Студент 2204","ББМО-01-23",4,3.3,4.7
2205,"Студент 2205","ББМО-01-23",1,3.4,3.2
2208,"Студент 2208","ББМО-01-23",3,4.1,4.5
2209,"Студент 2209","ББМО-01-23",2,3.4,3.7
2210,"Студент 2210","ББМО-01-23",2,4.6,4.3
2211,"Студент 2211","ББМО-01-23",3,3.3,4.2
2212,"Студент 2212","ББМО-01-23",2,4,4
2213,"Студент 2213","ББМО-01-23",4,4.1,5
2214,"Студент 2214","ББМО-01-23",2,3.5,3.8
2216,"Студент 2216","ББМО-01-23",2,3.7,3.9
2217,"Студент 2217","ББМО-01-23",3,5,5
2218,"Студент 2218","ББМО-01-23",1,3.7,3.4
2219,"Студент 2219","ББМО-01-23",3,4.1,4.5
2222,"Студент 2222","ББМО-01-23",3,4.4,4.7
2223,"Студент 2223","ББМО-01-23",4,4.5,5.3
2224,"Студент 2224","ББМО-01-23",1,4,3.5
2225,"Студент 2225","ББМО-01-23",3,3.4,4.2
2226,"Студент 2226","ББМО-01-23",2,4.1,4
2228,"Студент 2228","ББМО-01-23",2,3.6,3.8
2230,"Студент 2230","ББМО-01-23",4,3.7,4.8
2232,"Студент 2232","ББМО-01-23",4,4.6,5.3
2233,"Студент 2233","ББМО-01-23",1,3.9,3.5
2234,"Студент 2234","ББМО-01-23",3,3.6,4.3
2235,"Студент 2235","ББМО-01-23",3,4,4.5
2236,"Студент 2236","ББМО-01-23",2,3.3,3.6
2237,"Студент 2237","ББМО-01-23",4,3.6,4.8
2238,"Студент 2238","ББМО-01-23",4,4.5,5.3
2239,"Студент 2239","ББМО-01-23",4,3.9,5
2240,"Студент 2240","ББМО-01-23",4,3.9,5
2241,"Студент 2241","ББМО-01-23",2,4.2,4.1
2242,"Студент 2242","ББМО-01-23",3,3.4,4.2
2243,"Студент 2243","ББМО-01-23",2,3.1,3.5
2244,"Студент 2244","ББМО-01-23",2,4.4,4.2
2245,"Студент 2245","ББМО-01-23",2,4.2,4.1
2246,"Студент 2246","ББМО-01-23",4,3.3,4.7
2248,"Студент 2248","ББМО-01-23",4,3.1,4.5
2250,"Студент 2250","ББМО-01-23",3,3.7,4.3
2251,"Студент 2251","ББМО-01-23",1,4.6,3.8
2254,"Студент 2254","ББМО-01-23",2,4.1,4
2256,"Студент 2256","ББМО-01-23",2,3.6,3.8
2258,"Студент 2258","ББМО-01-23",2,4.8,4.4
2259,"Студент 2259","ББМО-01-23",1,4.7,3.9
2261,"Студент 2261","ББМО-01-23",3,4.3,4.7
2263,"Студент 2263","ББМО-01-23",3,3.3,4.2
2266,"Студент 2266","ББМО-01-23",1,4.6,3.8
2268,"Студент 2268","ББМО-01-23",1,4.1,3.5
2269,"Студент 2269","ББМО-01-23",2,4.5,4.3
2270,"Студент 2270","ББМО-01-23",1,4.2,3.6
2271,"Студент 2271","ББМО-01-23",1,4,3.5
2272,"Студент 2272","ББМО-01-23",2,3.8,3.9
2274,"Студент 2274","ББМО-01-23",2,4.9,4.5
2276,"Студент 2276","ББМО-01-23",3,3.5,4.3
2277,"Студент 2277","ББМО-01-23",1,4.1,3.5
2279,"Студент 2279","ББМО-01-23",4,3.3,4.7
2280,"Студент 2280","ББМО-01-23",3,4.6,4.8
2282,"Студент 2282","ББМО-01-23",4,4.3,5.2
2283,"Студент 2283","ББМО-01-23",1,3.2,3.1
2285,"Студент 2285","ББМО-01-23",1,3.7,3.4
2286,"Студент 2286","ББМО-01-23",1,3.5,3.3
2288,"Студент 2288","ББМО-01-23",3,3.2,4.1
2289,"Студент 2289","ББМО-01-23",2,3.2,3.6
2290,"Студент 2290","ББМО-01-23",1,4.5,3.8
2291,"Студент 2291","ББМО-01-23",1,3.3,3.1
2293,"Студент 2293","ББМО-01-23",1,4.2,3.6
2294,"Студент 2294","ББМО-01-23",1,3.1,3
2295,"Студент 2295","ББМО-01-23",3,3.4,4.2
2296,"Студент 2296","ББМО-01-23",4,4.1,5
2297,"Студент 2297","ББМО-01-23",4,3.4,4.7
2298,"Студент 2298","ББМО-01-23",3,4.6,4.8
2300,"Студент 2300","ББМО-01-23",4,4.5,5.3
2302,"Студент 2302","ББМО-01-23",4,4.2,5.1
2303,"Студент 2303","ББМО-01-23",4,4.3,5.2
2305,"Студент 2305","ББМО-01-23",4,4.3,5.2
2306,"Студент 2306","ББМО-01-23",3,4.6,4.8
2307,"Студент 2307","ББМО-01-23",2,3.8,3.9
2308,"Студент 2308","ББМО-01-23",4,3.8,4.9
2309,"Студент 2309","ББМО-01-23",3,4.1,4.5
2311,"Студент 2311","ББМО-01-23",3,4.5,4.8
2312,"Студент 2312","ББМО-01-23",2,3.2,3.6
2313,"Студент 2313","ББМО-01-23",4,3.1,4.5
2320,"Студент 2320","ББМО-01-23",3,4.8,4.9
2321,"Студент 2321","ББМО-01-23",3,4.2,4.6
2323,"Студент 2323","ББМО-01-23",3,4.1,4.5
2324,"Студент 2324","ББМО-01-23",1,4.3,3.6
2325,"Студент 2325","ББМО-01-23",2,4.2,4.1
2326,"Студент 2326","ББМО-01-23",4,4.3,5.2
2328,"Студент 2328","ББМО-01-23",1,4.7,3.9
2329,"Студент 2329","ББМО-01-23",1,3.4,3.2
2330,"Студент 2330","ББМО-01-23",2,3.8,3.9
2332,"Студент 2332","ББМО-01-23",1,3.9,3.5
2333,"Студент 2333","ББМО-01-23",2,3.9,4
2335,"Студент 2335","ББМО-01-23",2,3.6,3.8
2337,"Студент 2337","ББМО-01-23",4,3.3,4.7
2338,"Студент 2338","ББМО-01-23",1,4.8,3.9
2339,"Студент 2339","ББМО-01-23",1,4.8,3.9
2340,"Студент 2340","ББМО-01-23",2,4.4,4.2
2341,"Студент 2341","ББМО-01-23",1,4.1,3.5
2347,"Студент 2347","ББМО-01-23",4,3.3,4.7
2348,"Студент 2348","ББМО-01-23",1,4.5,3.8
2349,"Студент 2349","ББМО-01-23",1,3.7,3.4
2350,"Студент 2350","ББМО-01-23",1,3.7,3.4
2351,"Студент 2351","ББМО-01-23",2,4.2,4.1
2353,"Студент 2353","ББМО-01-23",4,3.6,4.8
2354,"Студент 2354","ББМО-01-23",2,4.8,4.4
2355,"Студент 2355","ББМО-01-23",3,4.7,4.8
2356,"Студент 2356","ББМО-01-23",4,3.6,4.8
2357,"Студент 2357","ББМО-01-23",1,3.5,3.3
2361,"Студент 2361","ББМО-01-23",1,4.7,3.9
2365,"Студент 2365","ББМО-01-23",1,4.4,3.7
2367,"Студент 2367","ББМО-01-23",3,4.1,4.5
2370,"Студент 2370","ББМО-01-23",4,4.7,5.3
2371,"Студент 2371","ББМО-01-23",4,4.8,5.4
2373,"Студент 2373","ББМО-01-23",1,4.8,3.9
2375,"Студент 2375","ББМО-01-23",2,4.8,4.4
2376,"Студент 2376","ББМО-01-23",1,4.4,3.7
2377,"Студент 2377","ББМО-01-23",4,3.5,4.8
2380,"Студент 2380","ББМО-01-23",3,4.1,4.5
2381,"Студент 2381","ББМО-01-23",3,4.3,4.7
2382,"Студент 2382","ББМО-01-23",2,3.3,3.6
2383,"Студент 2383","ББМО-01-23",4,4.7,5.3
2384,"Студент 2384","ББМО-01-23",4,4.6,5.3
2385,"Студент 2385","ББМО-01-23",4,4.2,5.1
2387,"Студент 2387","ББМО-01-23",4,3.4,4.7
2388,"Студент 2388","ББМО-01-23",3,4.2,4.6
2389,"Студент 2389","ББМО-01-23",1,3.4,3.2
2391,"Студент 2391","ББМО-01-23",3,4.1,4.5
2393,"Студент 2393","ББМО-01-23",4,4.5,5.3
2394,"Студент 2394","ББМО-01-23",2,3.9,4
2395,"Студент 2395","ББМО-01-23",3,3.8,4.4
2396,"Студент 2396","ББМО-01-23",4,3.2,4.6
2397,"Студент 2397","ББМО-01-23",2,4.9,4.5
2398,"Студент 2398","ББМО-01-23",2,5,4.5
2399,"Студент 2399","ББМО-01-23",4,3.3,4.7
2400,"Студент 2400","ББМО-01-23",4,4.1,5
2401,"Студент 2401","ББМО-01-23",2,3.2,3.6
2402,"Студент 2402","ББМО-01-23",1,3.7,3.4
2405,"Студент 2405","ББМО-01-23",3,4.2,4.6
2407,"Студент 2407","ББМО-01-23",1,4.9,4
2409,"Студент 2409","ББМО-01-23",3,3.3,4.2
2410,"Студент 2410","ББМО-01-23",1,3.6,3.3
2411,"Студент 2411","ББМО-01-23",1,4.2,3.6
2414,"Студент 2414","ББМО-01-23",4,3.6,4.8
2416,"Студент 2416","ББМО-01-23",4,3.4,4.7
2417,"Студент 2417","ББМО-01-23",3,3.2,4.1
2418,"Студент 2418","ББМО-01-23",1,3.5,3.3
2419,"Студент 2419","ББМО-01-23",3,3.9,4.5
2420,"Студент 2420","ББМО-01-23",2,4,4
2421,"Студент 2421","ББМО-01-23",2,3.2,3.6
2422,"Студент 2422","ББМО-01-23",4,4.6,5.3
2423,"Студент 2423","ББМО-01-23",2,4.7,4.3
2424,"Студент 2424","ББМО-01-23",1,4.5,3.8
2425,"Студент 2425","ББМО-01-23",3,4.7,4.8
2426,"Студент 2426","ББМО-01-23",2,3.5,3.8
2428,"Студент 2428","ББМО-01-23",3,3.6,4.3
2432,"Студент 2432","ББМО-01-23",4,3.8,4.9
2433,"Студент 2433","ББМО-01-23",3,4.2,4.6
2434,"Студент 2434","ББМО-01-23",3,3.4,4.2
2435,"Студент 2435","ББМО-01-23",4,3.2,4.6
2436,"Студент 2436","ББМО-01-23",1,4.1,3.5
2437,"Студент 2437","ББМО-01-23",4,3.4,4.7
2438,"Студент 2438","ББМО-01-23",3,3.9,4.5
2439,"Студент 2439","ББМО-01-23",2,4.1,4
2440,"Студент 2440","ББМО-01-23",4,4.2,5.1
2442,"Студент 2442","ББМО-01-23",3,3.8,4.4
2443,"Студент 2443","ББМО-01-23",1,4.1,3.5
2445,"Студент 2445","ББМО-01-23",1,4.3,3.6
2446,"Студент 2446","ББМО-01-23",3,4.7,4.8
2447,"Студент 2447","ББМО-01-23",2,3.6,3.8
2448,"Студент 2448","ББМО-01-23",4,4.5,5.3
2452,"Студент 2452","ББМО-01-23",2,3.7,3.9
2453,"Студент 2453","ББМО-01-23",3,3.1,4
2455,"Студент 2455","ББМО-01-23",2,4.1,4
2456,"Студент 2456","ББМО-01-23",3,4.3,4.7
2457,"Студент 2457","ББМО-01-23",3,4.7,4.8
2458,"Студент 2458","ББМО-01-23",3,4.7,4.8
2459,"Студент 2459","ББМО-01-23",4,3.5,4.8
2460,"Студент 2460","ББМО-01-23",1,4.6,3.8
2461,"Студент 2461","ББМО-01-23",2,3.5,3.8
2462,"Студент 2462","ББМО-01-23",3,3.7,4.3
2463,"Студент 2463","ББМО-01-23",2,3.9,4
2464,"Студент 2464","ББМО-01-23",2,4.8,4.4
2465,"Студент 2465","ББМО-01-23",4,3.5,4.8
2466,"Студент 2466","ББМО-01-23",1,4.9,4
2467,"Студент 2467","ББМО-01-23",2,3.2,3.6
2468,"Студент 2468","ББМО-01-23",3,3.8,4.4
2469,"Студент 2469","ББМО-01-23",1,4.4,3.7
2471,"Студент 2471","ББМО-01-23",3,4,4.5
2472,"Студент 2472","ББМО-01-23",1,4,3.5
2474,"Студент 2474","ББМО-01-23",3,3.8,4.4
2475,"Студент 2475","ББМО-01-23",3,3.7,4.3
2477,"Студент 2477","ББМО-01-23",3,3.7,4.3
2478,"Студент 2478","ББМО-01-23",2,4.2,4.1
2479,"Студент 2479","ББМО-01-23",3,4.1,4.5
2480,"Студент 2480","ББМО-01-23",1,3.7,3.4
2482,"Студент 2482","ББМО-01-23",3,3.1,4
2483,"Студент 2483","ББМО-01-23",4,3.9,5
2484,"Студент 2484","ББМО-01-23",1,4.7,3.9
2485,"Студент 2485","ББМО-01-23",1,3.2,3.1
2486,"Студент 2486","ББМО-01-23",4,4.7,5.3
2487,"Студент 2487","ББМО-01-23",3,3.6,4.3
2490,"Студент 2490","ББМО-01-23",2,4.6,4.3
2492,"Студент 2492","ББМО-01-23",1,3.6,3.3
2493,"Студент 2493","ББМО-01-23",1,3.3,3.1
2494,"Студент 2494","ББМО-01-23",2,5,4.5
2495,"Студент 2495","ББМО-01-23",3,4.2,4.6
2498,"Студент 2498","ББМО-01-23",4,4.3,5.2
2499,"Студент 2499","ББМО-01-23",4,3.8,4.9
2500,"Студент 2500","ББМО-01-23",2,4.9,4.5
2501,"Студент 2501","ББМО-01-23",4,3.6,4.8
2502,"Студент 2502","ББМО-01-23",1,4.4,3.7
2503,"Студент 2503","ББМО-01-23",2,3.6,3.8
2505,"Студент 2505","ББМО-01-23",2,4.3,4.2
2507,"Студент 2507","ББМО-01-23",1,3.5,3.3
2510,"Студент 2510","ББМО-01-23",4,4.4,5.2
2511,"Студент 2511","ББМО-01-23",4,4.8,5.4
2512,"Студент 2512","ББМО-01-23",1,4.2,3.6
2513,"Студент 2513","ББМО-01-23",3,3.7,4.3
2514,"Студент 2514","ББМО-01-23",2,4.6,4.3
2515,"Студент 2515","ББМО-01-23",3,4.4,4.7
2517,"Студент 2517","ББМО-01-23",3,4.1,4.5
2518,"Студент 2518","ББМО-01-23",1,4.8,3.9
2519,"Студент 2519","ББМО-01-23",4,3.4,4.7
2520,"Студент 2520","ББМО-01-23",4,3.4,4.7
2522,"Студент 2522","ББМО-01-23",1,4.8,3.9
2523,"Студент 2523","ББМО-01-23",1,3.1,3
2524,"Студент 2524","ББМО-01-23",3,3.8,4.4
2528,"Студент 2528","ББМО-01-23",4,4.6,5.3
2529,"Студент 2529","ББМО-01-23",3,4.3,4.7
2530,"Студент 2530","ББМО-01-23",4,4.5,5.3
2531,"Студент 2531","ББМО-01-23",1,3.8,3.4
2532,"Студент 2532","ББМО-01-23",3,4.6,4.8
2534,"Студент 2534","ББМО-01-23",2,4.7,4.3
2536,"Студент 2536","ББМО-01-23",1,4,3.5
2538,"Студент 2538","ББМО-01-23",3,4.9,5
2539,"Студент 2539","ББМО-01-23",1,3.3,3.1
2540,"Студент 2540","ББМО-01-23",2,3.5,3.8
2542,"Студент 2542","ББМО-01-23",4,3.1,4.5
2544,"Студент 2544","ББМО-01-23",2,3.9,4
2545,"Студент 2545","ББМО-01-23",3,3.1,4
2546,"Студент 2546","ББМО-01-23",2,3.5,3.8
2547,"Студент 2547","ББМО-01-23",3,3.2,4.1
2548,"Студент 2548","ББМО-01-23",3,3.5,4.3
2552,"Студент 2552","ББМО-01-23",3,3.1,4
2553,"Студент 2553","ББМО-01-23",1,3.5,3.3
2554,"Студент 2554","ББМО-01-23",4,3.5,4.8
2555,"Студент 2555","ББМО-01-23",1,4.8,3.9
2556,"Студент 2556","ББМО-01-23",3,4.5,4.8
2560,"Студент 2560","ББМО-01-23",2,3.9,4
2561,"Студент 2561","ББМО-01-23",3,3.7,4.3
2562,"Студент 2562","ББМО-01-23",2,3.6,3.8
2563,"Студент 2563","ББМО-01-23",1,4.3,3.6
2566,"Студент 2566","ББМО-01-23",1,4.7,3.9
2569,"Студент 2569","ББМО-01-23",2,5,4.5
2570,"Студент 2570","ББМО-01-23",4,4,5
2571,"Студент 2571","ББМО-01-23",3,4.5,4.8
2572,"Студент 2572","ББМО-01-23",3,3.9,4.5
2573,"Студент 2573","ББМО-01-23",4,3.9,5
2574,"Студент 2574","ББМО-01-23",1,4.3,3.6
2575,"Студент 2575","ББМО-01-23",4,4.8,5.4
2576,"Студент 2576","ББМО-01-23",1,4.8,3.9
2577,"Студент 2577","ББМО-01-23",2,4.1,4
2578,"Студент 2578","ББМО-01-23",1,4.8,3.9
2580,"Студент 2580","ББМО-01-23",2,4.4,4.2
2582,"Студент 2582","ББМО-01-23",4,3.1,4.5
2585,"Студент 2585","ББМО-01-23",3,4.5,4.8
2588,"Студент 2588","ББМО-01-23",2,4.4,4.2
2591,"Студент 2591","ББМО-01-23",4,3.5,4.8
2592,"Студент 2592","ББМО-01-23",2,3.2,3.6
2594,"Студент 2594","ББМО-01-23",2,3.9,4
2596,"Студент 2596","ББМО-01-23",2,5,4.5
2602,"Студент 2602","ББМО-01-23",3,4.8,4.9
2606,"Студент 2606","ББМО-01-23",3,3.7,4.3
2607,"Студент 2607","ББМО-01-23",1,4.3,3.6
2608,"Студент 2608","ББМО-01-23",1,4.1,3.5
2611,"Студент 2611","ББМО-01-23",4,4.7,5.3
2612,"Студент 2612","ББМО-01-23",2,3.2,3.6
2613,"Студент 2613","ББМО-01-23",3,3.1,4
2615,"Студент 2615","ББМО-01-23",1,4.7,3.9
2616,"Студент 2616","ББМО-01-23",2,3.4,3.7
2617,"Студент 2617","ББМО-01-23",1,4.8,3.9
2620,"Студент 2620","ББМО-01-23",4,3.7,4.8
2621,"Студент 2621","ББМО-01-23",1,3.2,3.1
2623,"Студент 2623","ББМО-01-23",4,4.5,5.3
2624,"Студент 2624","ББМО-01-23",2,3.8,3.9
2626,"Студент 2626","ББМО-01-23",3,4.3,4.7
2628,"Студент 2628","ББМО-01-23",2,5,4.5
2629,"Студент 2629","ББМО-01-23",4,4.7,5.3
2630,"Студент 2630","ББМО-01-23",4,4.6,5.3
2631,"Студент 2631","ББМО-01-23",3,4.2,4.6
2632,"Студент 2632","ББМО-01-23",1,3.2,3.1
2635,"Студент 2635","ББМО-01-23",3,3.6,4.3
2636,"Студент 2636","ББМО-01-23",1,4,3.5
2637,"Студент 2637","ББМО-01-23",1,5,4
2638,"Студент 2638","ББМО-01-23",1,4.8,3.9
2640,"Студент 2640","ББМО-01-23",4,4.9,5.5
2641,"Студент 2641","ББМО-01-23",1,4.4,3.7
2643,"Студент 2643","ББМО-01-23",3,4,4.5
2645,"Студент 2645","ББМО-01-23",2,4.1,4
2646,"Студент 2646","ББМО-01-23",1,4.7,3.9
2647,"Студент 2647","ББМО-01-23",3,4.6,4.8
2648,"Студент 2648","ББМО-01-23",4,4.1,5
2649,"Студент 2649","ББМО-01-23",1,3.4,3.2
2650,"Студент 2650","ББМО-01-23",3,4.9,5
2653,"Студент 2653","ББМО-01-23",2,3.5,3.8
2654,"Студент 2654","ББМО-01-23",3,3.5,4.3
2655,"Студент 2655","ББМО-01-23",3,3.5,4.3
2656,"Студент 2656","ББМО-01-23",2,4.6,4.3
2658,"Студент 2658","ББМО-01-23",2,4,4
2659,"Студент 2659","ББМО-01-23",1,4.9,4
2660,"Студент 2660","ББМО-01-23",2,3.5,3.8
2661,"Студент 2661","ББМО-01-23",3,4,4.5
2665,"Студент 2665","ББМО-01-23",1,3.6,3.3
2666,"Студент 2666","ББМО-01-23",1,4.8,3.9
2670,"Студент 2670","ББМО-01-23",3,4.1,4.5
2671,"Студент 2671","ББМО-01-23",1,4.3,3.6
2673,"Студент 2673","ББМО-01-23",3,3.7,4.3
2674,"Студент 2674","ББМО-01-23",2,4,4
2676,"Студент 2676","ББМО-01-23",2,3.2,3.6
2677,"Студент 2677","ББМО-01-23",4,3.4,4.7
2678,"Студент 2678","ББМО-01-23",4,4.5,5.3
2679,"Студент 2679","ББМО-01-23",4,4.5,5.3
2682,"Студент 2682","ББМО-01-23",1,4.3,3.6
2683,"Студент 2683","ББМО-01-23",4,4.3,5.2
2684,"Студент 2684","ББМО-01-23",3,4.8,4.9
2687,"Студент 2687","ББМО-01-23",1,4.6,3.8
2689,"Студент 2689","ББМО-01-23",2,4.7,4.3
2690,"Студент 2690","ББМО-01-23",4,3.6,4.8
2694,"Студент 2694","ББМО-01-23",1,3.8,3.4
2695,"Студент 2695","ББМО-01-23",1,3.3,3.1
2696,"Студент 2696","ББМО-01-23",1,4.4,3.7
2698,"Студент 2698","ББМО-01-23",2,4.1,4
2702,"Студент 2702","ББМО-01-23",3,3.1,4
2703,"Студент 2703","ББМО-01-23",1,5,4
2705,"Студент 2705","ББМО-01-23",2,3.7,3.9
2706,"Студент 2706","ББМО-01-23",3,4.5,4.8
2707,"Студент 2707","ББМО-01-23",3,3.5,4.3
2708,"Студент 2708","ББМО-01-23",2,4.6,4.3
2709,"Студент 2709","ББМО-01-23",4,4.6,5.3
2710,"Студент 2710","ББМО-01-23",3,3.2,4.1
2712,"Студент 2712","ББМО-01-23",3,3.3,4.2
2713,"Студент 2713","ББМО-01-23",2,4.3,4.2
2714,"Студент 2714","ББМО-01-23",1,4.7,3.9
2715,"Студент 2715","ББМО-01-23",2,4.5,4.3
2716,"Студент 2716","ББМО-01-23",2,4.2,4.1
2717,"Студент 2717","ББМО-01-23",3,4.5,4.8
2718,"Студент 2718","ББМО-01-23",1,3.1,3
2721,"Студент 2721","ББМО-01-23",4,4.1,5
2722,"Студент 2722","ББМО-01-23",3,3.4,4.2
2723,"Студент 2723","ББМО-01-23",2,3.5,3.8
2725,"Студент 2725","ББМО-01-23",1,4.4,3.7
2726,"Студент 2726","ББМО-01-23",2,3.8,3.9
2728,"Студент 2728","ББМО-01-23",1,4.6,3.8
2729,"Студент 2729","ББМО-01-23",4,3.5,4.8
2730,"Студент 2730","ББМО-01-23",3,4.4,4.7
2731,"Студент 2731","ББМО-01-23",2,4.2,4.1
2732,"Студент 2732","ББМО-01-23",4,3.2,4.6
2733,"Студент 2733","ББМО-01-23",1,4.1,3.5
2734,"Студент 2734","ББМО-01-23",3,4.5,4.8
2735,"Студент 2735","ББМО-01-23",4,4.8,5.4
2736,"Студент 2736","ББМО-01-23",2,4.7,4.3
2738,"Студент 2738","ББМО-01-23",1,4.8,3.9
2739,"Студент 2739","ББМО-01-23",2,3.8,3.9
2740,"Студент 2740","ББМО-01-23",3,4.6,4.8
2743,"Студент 2743","ББМО-01-23",2,3.9,4
2744,"Студент 2744","ББМО-01-23",3,4.2,4.6
2745,"Студент 2745","ББМО-01-23",4,3.6,4.8
2746,"Студент 2746","ББМО-01-23",4,4.7,5.3
2747,"Студент 2747","ББМО-01-23",4,4.6,5.3
2751,"Студент 2751","ББМО-01-23",4,4.3,5.2
2753,"Студент 2753","ББМО-01-23",3,4.8,4.9
2754,"Студент 2754","ББМО-01-23",3,4.4,4.7
2756,"Студент 2756","ББМО-01-23",3,4,4.5
2757,"Студент 2757","ББМО-01-23",3,3.2,4.1
2759,"Студент 2759","ББМО-01-23",2,4.4,4.2
2760,"Студент 2760","ББМО-01-23",1,5,4
2761,"Студент 2761","ББМО-01-23",1,3.4,3.2
2763,"Студент 2763","ББМО-01-23",1,4.3,3.6
2764,"Студент 2764","ББМО-01-23",2,4.6,4.3
2765,"Студент 2765","ББМО-01-23",2,3.1,3.5
2766,"Студент 2766","ББМО-01-23",1,4.5,3.8
2767,"Студент 2767","ББМО-01-23",1,4.5,3.8
2768,"Студент 2768","ББМО-01-23",4,4.1,5
2769,"Студент 2769","ББМО-01-23",1,3.7,3.4
2773,"Студент 2773","ББМО-01-23",2,4.8,4.4
2774,"Студент 2774","ББМО-01-23",1,4.7,3.9
2776,"Студент 2776","ББМО-01-23",1,3.9,3.5
2777,"Студент 2777","ББМО-01-23",3,4.2,4.6
2778,"Студент 2778","ББМО-01-23",3,3.8,4.4
2779,"Студент 2779","ББМО-01-23",3,4,4.5
2780,"Студент 2780","ББМО-01-23",1,3.6,3.3
2781,"Студент 2781","ББМО-01-23",4,4.8,5.4
2782,"Студент 2782","ББМО-01-23",2,3.5,3.8
2783,"Студент 2783","ББМО-01-23",4,4.5,5.3
2784,"Студент 2784","ББМО-01-23",3,3.2,4.1
2786,"Студент 2786","ББМО-01-23",3,4.4,4.7
2787,"Студент 2787","ББМО-01-23",2,4.3,4.2
2788,"Студент 2788","ББМО-01-23",4,3.5,4.8
2790,"Студент 2790","ББМО-01-23",3,3.8,4.4
2791,"Студент 2791","ББМО-01-23",3,3.4,4.2
2792,"Студент 2792","ББМО-01-23",2,3.8,3.9
2793,"Студент 2793","ББМО-01-23",3,4,4.5
2794,"Студент 2794","ББМО-01-23",4,3.5,4.8
2797,"Студент 2797","ББМО-01-23",4,3.6,4.8
2798,"Студент 2798","ББМО-01-23",3,4.7,4.8
2799,"Студент 2799","ББМО-01-23",2,4.8,4.4
2800,"Студент 2800","ББМО-01-23",1,4.1,3.5
2801,"Студент 2801","ББМО-01-23",4,3.4,4.7
2803,"Студент 2803","ББМО-01-23",2,4.9,4.5
2805,"Студент 2805","ББМО-01-23",1,4.5,3.8
2806,"Студент 2806","ББМО-01-23",3,4.7,4.8
2807,"Студент 2807","ББМО-01-23",2,4.9,4.5
2811,"Студент 2811","ББМО-01-23",2,3.1,3.5
2813,"Студент 2813","ББМО-01-23",3,4.9,5
2814,"Студент 2814","ББМО-01-23",4,4.5,5.3
2815,"Студент 2815","ББМО-01-23",4,3.3,4.7
2818,"Студент 2818","ББМО-01-23",4,4.1,5
2819,"Студент 2819","ББМО-01-23",3,4,4.5
2821,"Студент 2821","ББМО-01-23",3,3.5,4.3
2823,"Студент 2823","ББМО-01-23",2,4.2,4.1
2824,"Студент 2824","ББМО-01-23",4,3.9,5
2825,"Студент 2825","ББМО-01-23",2,4.4,4.2
2827,"Студент 2827","ББМО-01-23",4,4.2,5.1
2828,"Студент 2828","ББМО-01-23",4,3.4,4.7
2832,"Студент 2832","ББМО-01-23",4,4.3,5.2
2835,"Студент 2835","ББМО-01-23",1,3.3,3.1
2837,"Студент 2837","ББМО-01-23",2,3.5,3.8
2839,"Студент 2839","ББМО-01-23",4,4.8,5.4
2840,"Студент 2840","ББМО-01-23",2,3.3,3.6
2841,"Студент 2841","ББМО-01-23",4,4.3,5.2
2842,"Студент 2842","ББМО-01-23",3,3.4,4.2
2843,"Студент 2843","ББМО-01-23",1,4.4,3.7
2844,"Студент 2844","ББМО-01-23",2,3.3,3.6
2845,"Студент 2845","ББМО-01-23",3,3.3,4.2
2847,"Студент 2847","ББМО-01-23",2,4.3,4.2
2849,"Студент 2849","ББМО-01-23",4,3.7,4.8
2853,"Студент 2853","ББМО-01-23",2,4.8,4.4
2854,"Студент 2854","ББМО-01-23",3,5,5
2855,"Студент 2855","ББМО-01-23",2,4.9,4.5
2857,"Студент 2857","ББМО-01-23",4,3.1,4.5
2858,"Студент 2858","ББМО-01-23",2,4.3,4.2
2860,"Студент 2860","ББМО-01-23",1,4.3,3.6
2861,"Студент 2861","ББМО-01-23",1,4,3.5
2862,"Студент 2862","ББМО-01-23",4,3.8,4.9
2863,"Студент 2863","ББМО-01-23",1,3.4,3.2
2864,"Студент 2864","ББМО-01-23",2,4.9,4.5
2865,"Студент 2865","ББМО-01-23",1,3.1,3
2867,"Студент 2867","ББМО-01-23",2,3.9,4
2868,"Студент 2868","ББМО-01-23",1,4.7,3.9
2869,"Студент 2869","ББМО-01-23",3,4.1,4.5
2870,"Студент 2870","ББМО-01-23",1,4.4,3.7
2871,"Студент 2871","ББМО-01-23",4,3.4,4.7
2872,"Студент 2872","ББМО-01-23",3,4.4,4.7
2873,"Студент 2873","ББМО-01-23",1,4.3,3.6
2874,"Студент 2874","ББМО-01-23",1,4.6,3.8
2875,"Студент 2875","ББМО-01-23",1,4.9,4
2878,"Студент 2878","ББМО-01-23",2,3.3,3.6
2880,"Студент 2880","ББМО-01-23",2,4.4,4.2
2881,"Студент 2881","ББМО-01-23",1,4.6,3.8
2882,"Студент 2882","ББМО-01-23",1,4.1,3.5
2883,"Студент 2883","ББМО-01-23",2,4.4,4.2
2884,"Студент 2884","ББМО-01-23",3,4.2,4.6
2885,"Студент 2885","ББМО-01-23",1,4.5,3.8
2886,"Студент 2886","ББМО-01-23",2,4.9,4.5
2891,"Студент 2891","ББМО-01-23",1,5,4
2893,"Студент 2893","ББМО-01-23",2,4.4,4.2
2895,"Студент 2895","ББМО-01-23",4,4.2,5.1
2896,"Студент 2896","ББМО-01-23",3,3.5,4.3
2898,"Студент 2898","ББМО-01-23",2,4.5,4.3
2899,"Студент 2899","ББМО-01-23",2,3.6,3.8
2901,"Студент 2901","ББМО-01-23",2,3.5,3.8
2903,"Студент 2903","ББМО-01-23",3,3.9,4.5
2905,"Студент 2905","ББМО-01-23",1,3.8,3.4
2907,"Студент 2907","ББМО-01-23",1,4.9,4
2911,"Студент 2911","ББМО-01-23",1,3.1,3
2913,"Студент 2913","ББМО-01-23",2,3.7,3.9
2916,"Студент 2916","ББМО-01-23",1,3.2,3.1
2921,"Студент 2921","ББМО-01-23",1,4.5,3.8
2922,"Студент 2922","ББМО-01-23",4,3.3,4.7
2924,"Студент 2924","ББМО-01-23",3,3.6,4.3
2927,"Студент 2927","ББМО-01-23",4,3.7,4.8
2928,"Студент 2928","ББМО-01-23",3,4,4.5
2929,"Студент 2929","ББМО-01-23",4,3.3,4.7
2930,"Студент 2930","ББМО-01-23",3,4.6,4.8
2936,"Студент 2936","ББМО-01-23",1,3.7,3.4
2937,"Студент 2937","ББМО-01-23",2,3.2,3.6
2939,"Студент 2939","ББМО-01-23",1,4.1,3.5
2940,"Студент 2940","ББМО-01-23",4,3.2,4.6
2941,"Студент 2941","ББМО-01-23",2,4.1,4
2942,"Студент 2942","ББМО-01-23",2,3.5,3.8
2943,"Студент 2943","ББМО-01-23",4,4,5
2946,"Студент 2946","ББМО-01-23",2,3.2,3.6
2947,"Студент 2947","ББМО-01-23",1,3.9,3.5
2950,"Студент 2950","ББМО-01-23",3,4,4.5
2951,"Студент 2951","ББМО-01-23",1,4.1,3.5
2953,"Студент 2953","ББМО-01-23",1,3.2,3.1
2955,"Студент 2955","ББМО-01-23",2,3.9,4
2956,"Студент 2956","ББМО-01-23",1,3.4,3.2
2957,"Студент 2957","ББМО-01-23",4,3.5,4.8
2958,"Студент 2958","ББМО-01-23",2,4.8,4.4
2959,"Студент 2959","ББМО-01-23",3,4.8,4.9
2960,"Студент 2960","ББМО-01-23",3,4.2,4.6
2961,"Студент 2961","ББМО-01-23",2,3.3,3.6
2962,"Студент 2962","ББМО-01-23",2,4.9,4.5
2963,"Студент 2963","ББМО-01-23",2,4.8,4.4
2966,"Студент 2966","ББМО-01-23",4,3.3,4.7
2967,"Студент 2967","ББМО-01-23",3,4.8,4.9
2968,"Студент 2968","ББМО-01-23",2,3.5,3.8
2969,"Студент 2969","ББМО-01-23",4,5,5.5
2971,"Студент 2971","ББМО-01-23",3,3.3,4.2
2972,"Студент 2972","ББМО-01-23",4,3.5,4.8
2973,"Студент 2973","ББМО-01-23",3,4.8,4.9
2974,"Студент 2974","ББМО-01-23",3,3.3,4.2
2976,"Студент 2976","ББМО-01-23",1,4.4,3.7
2978,"Студент 2978","ББМО-01-23",3,4.9,5
2980,"Студент 2980","ББМО-01-23",4,4.2,5.1
2982,"Студент 2982","ББМО-01-23",3,4.7,4.8
2983,"Студент 2983","ББМО-01-23",4,3.7,4.8
2987,"Студент 2987","ББМО-01-23",3,3.6,4.3
2989,"Студент 2989","ББМО-01-23",4,3.3,4.7
2991,"Студент 2991","ББМО-01-23",2,3.9,4
2993,"Студент 2993","ББМО-01-23",1,4.6,3.8
2994,"Студент 2994","ББМО-01-23",3,4.6,4.8
2995,"Студент 2995","ББМО-01-23",2,4.4,4.2
2996,"Студент 2996","ББМО-01-23",2,3.9,4
2998,"Студент 2998","ББМО-01-23",4,4.7,5.3
3000,"Студент 3000","ББМО-01-23",1,3.9,3.5
3001,"Студент 3001","ББМО-01-23",2,3.5,3.8
3002,"Студент 3002","ББМО-01-23",4,4.6,5.3
3003,"Студент 3003","ББМО-01-23",3,3.1,4
3004,"Студент 3004","ББМО-01-23",3,3.7,4.3
3005,"Студент 3005","ББМО-01-23",3,4.9,5
3006,"Студент 3006","ББМО-01-23",2,3.5,3.8
3007,"Студент 3007","ББМО-01-23",1,4.7,3.9
3013,"Студент 3013","ББМО-01-23",1,3.4,3.2
3017,"Студент 3017","ББМО-01-23",1,3.1,3
3019,"Студент 3019","ББМО-01-23",1,3.5,3.3
3020,"Студент 3020","ББМО-01-23",4,3.8,4.9
3023,"Студент 3023","ББМО-01-23",1,3.5,3.3
3025,"Студент 3025","ББМО-01-23",2,3.7,3.9
3026,"Студент 3026","ББМО-01-23",2,4.6,4.3
3027,"Студент 3027","ББМО-01-23",2,3.7,3.9
3028,"Студент 3028","ББМО-01-23",2,4.9,4.5
3030,"Студент 3030","ББМО-01-23",1,4.5,3.8
3031,"Студент 3031","ББМО-01-23",3,4.9,5
3032,"Студент 3032","ББМО-01-23",4,4.4,5.2
3034,"Студент 3034","ББМО-01-23",1,3.4,3.2
3036,"Студент 3036","ББМО-01-23",3,4.5,4.8
3037,"Студент 3037","ББМО-01-23",1,4.4,3.7
3038,"Студент 3038","ББМО-01-23",3,3.5,4.3
3041,"Студент 3041","ББМО-01-23",4,3.2,4.6
3043,"Студент 3043","ББМО-01-23",3,3.4,4.2
3046,"Студент 3046","ББМО-01-23",3,3.2,4.1
3047,"Студент 3047","ББМО-01-23",1,3.4,3.2
3048,"Студент 3048","ББМО-01-23",2,4.5,4.3
3050,"Студент 3050","ББМО-01-23",2,3.5,3.8
3051,"Студент 3051","ББМО-01-23",1,4.8,3.9
3052,"Студент 3052","ББМО-01-23",2,3.8,3.9
3054,"Студент 3054","ББМО-01-23",3,4.2,4.6
3057,"Студент 3057","ББМО-01-23",4,4.3,5.2
3058,"Студент 3058","ББМО-01-23",3,4.7,4.8
3059,"Студент 3059","ББМО-01-23",3,4.4,4.7
3060,"Студент 3060","ББМО-01-23",1,4.7,3.9
3062,"Студент 3062","ББМО-01-23",1,3.7,3.4
3063,"Студент 3063","ББМО-01-23",4,4.7,5.3
3064,"Студент 3064","ББМО-01-23",1,3.3,3.1
3065,"Студент 3065","ББМО-01-23",2,4.9,4.5
3068,"Студент 3068","ББМО-01-23",3,3.3,4.2
3070,"Студент 3070","ББМО-01-23",2,3.3,3.6
3071,"Студент 3071","ББМО-01-23",4,3.5,4.8
3072,"Студент 3072","ББМО-01-23",1,4.1,3.5
3075,"Студент 3075","ББМО-01-23",2,4.2,4.1
3076,"Студент 3076","ББМО-01-23",2,4.9,4.5
3077,"Студент 3077","ББМО-01-23",1,4.3,3.6
3078,"Студент 3078","ББМО-01-23",3,4.3,4.7
3079,"Студент 3079","ББМО-01-23",4,3.2,4.6
3080,"Студент 3080","ББМО-01-23",3,4.1,4.5
3081,"Студент 3081","ББМО-01-23",1,4.3,3.6
3083,"Студент 3083","ББМО-01-23",1,3.5,3.3
3084,"Студент 3084","ББМО-01-23",2,4.3,4.2
3085,"Студент 3085","ББМО-01-23",3,4.8,4.9
3087,"Студент 3087","ББМО-01-23",2,4,4
3088,"Студент 3088","ББМО-01-23",1,4.3,3.6
3089,"Студент 3089","ББМО-01-23",3,3.6,4.3
3090,"Студент 3090","ББМО-01-23",3,3.7,4.3
3093,"Студент 3093","ББМО-01-23",2,4.2,4.1
3094,"Студент 3094","ББМО-01-23",4,3.7,4.8
3095,"Студент 3095","ББМО-01-23",4,4.6,5.3
3096,"Студент 3096","ББМО-01-23",4,4.8,5.4
3098,"Студент 3098","ББМО-01-23",4,3.2,4.6
3099,"Студент 3099","ББМО-01-23",3,4.9,5
3100,"Студент 3100","ББМО-01-23",3,4.2,4.6
3101,"Студент 3101","ББМО-01-23",4,4.4,5.2
3102,"Студент 3102","ББМО-01-23",3,3.5,4.3
3105,"Студент 3105","ББМО-01-23",1,3.1,3
3106,"Студент 3106","ББМО-01-23",1,4.1,3.5
3107,"Студент 3107","ББМО-01-23",4,4.1,5
3108,"Студент 3108","ББМО-01-23",3,4.8,4.9
3109,"Студент 3109","ББМО-01-23",2,4.7,4.3
3111,"Студент 3111","ББМО-01-23",2,3.7,3.9
3112,"Студент 3112","ББМО-01-23",2,4.7,4.3
3113,"Студент 3113","ББМО-01-23",3,3.9,4.5
3114,"Студент 3114","ББМО-01-23",2,3.7,3.9
3115,"Студент 3115","ББМО-01-23",1,3.8,3.4
3116,"Студент 3116","ББМО-01-23",3,4.6,4.8
3120,"Студент 3120","ББМО-01-23",4,3.6,4.8
3121,"Студент 3121","ББМО-01-23",1,3.1,3
3122,"Студент 3122","ББМО-01-23",2,3.5,3.8
3123,"Студент 3123","ББМО-01-23",2,3.7,3.9
3126,"Студент 3126","ББМО-01-23",4,3.4,4.7
3127,"Студент 3127","ББМО-01-23",3,4.1,4.5
3128,"Студент 3128","ББМО-01-23",2,4.2,4.1
3129,"Студент 3129","ББМО-01-23",4,4.4,5.2
3131,"Студент 3131","ББМО-01-23",1,3.1,3
3133,"Студент 3133","ББМО-01-23",2,3.5,3.8
3134,"Студент 3134","ББМО-01-23",1,4.9,4
3135,"Студент 3135","ББМО-01-23",4,4.8,5.4
3136,"Студент 3136","ББМО-01-23",2,4.6,4.3
3137,"Студент 3137","ББМО-01-23",3,4.1,4.5
3138,"Студент 3138","ББМО-01-23",4,3.1,4.5
3139,"Студент 3139","ББМО-01-23",1,4.3,3.6
3140,"Студент 3140","ББМО-01-23",1,3.9,3.5
3141,"Студент 3141","ББМО-01-23",2,3.7,3.9
3142,"Студент 3142","ББМО-01-23",4,4.4,5.2
3143,"Студент 3143","ББМО-01-23",3,3.6,4.3
3144,"Студент 3144","ББМО-01-23",3,3.2,4.1
3146,"Студент 3146","ББМО-01-23",3,3.7,4.3
3147,"Студент 3147","ББМО-01-23",3,3.9,4.5
3149,"Студент 3149","ББМО-01-23",2,4.7,4.3
3150,"Студент 3150","ББМО-01-23",4,4.2,5.1
3151,"Студент 3151","ББМО-01-23",1,4,3.5
3152,"Студент 3152","ББМО-01-23",4,3.8,4.9
3154,"Студент 3154","ББМО-01-23",3,4.4,4.7
3155,"Студент 3155","ББМО-01-23",1,4.8,3.9
3156,"Студент 3156","ББМО-01-23",3,3.9,4.5
3158,"Студент 3158","ББМО-01-23",2,4.3,4.2
3160,"Студент 3160","ББМО-01-23",4,3.2,4.6
3161,"Студент 3161","ББМО-01-23",2,3.2,3.6
3162,"Студент 3162","ББМО-01-23",4,4.2,5.1
3163,"Студент 3163","ББМО-01-23",4,5,5.5
3164,"Студент 3164","ББМО-01-23",4,4.4,5.2
3165,"Студент 3165","ББМО-01-23",1,3.8,3.4
3166,"Студент 3166","ББМО-01-23",3,4.7,4.8
3167,"Студент 3167","ББМО-01-23",1,4.3,3.6
3168,"Студент 3168","ББМО-01-23",1,4.7,3.9
3169,"Студент 3169","ББМО-01-23",4,4.6,5.3
3170,"Студент 3170","ББМО-01-23",1,4,3.5
3171,"Студент 3171","ББМО-01-23",2,4.4,4.2
3172,"Студент 3172","ББМО-01-23",1,3.6,3.3
3173,"Студент 3173","ББМО-01-23",3,3.9,4.5
3175,"Студент 3175","ББМО-01-23",3,4.7,4.8
3176,"Студент 3176","ББМО-01-23",4,4.2,5.1
3177,"Студент 3177","ББМО-01-23",4,3.7,4.8
3178,"Студент 3178","ББМО-01-23",2,3.3,3.6
3179,"Студент 3179","ББМО-01-23",3,4.6,4.8
3181,"Студент 3181","ББМО-01-23",2,3.6,3.8
3182,"Студент 3182","ББМО-01-23",3,3.9,4.5
3183,"Студент 3183","ББМО-01-23",3,3.9,4.5
3184,"Студент 3184","ББМО-01-23",1,4.2,3.6
3185,"Студент 3185","ББМО-01-23",4,3.1,4.5
3186,"Студент 3186","ББМО-01-23",2,3.6,3.8
3188,"Студент 3188","ББМО-01-23",3,3.4,4.2
3189,"Студент 3189","ББМО-01-23",4,4.2,5.1
3190,"Студент 3190","ББМО-01-23",1,4.2,3.6
3191,"Студент 3191","ББМО-01-23",3,4.5,4.8
3192,"Студент 3192","ББМО-01-23",1,4.5,3.8
3193,"Студент 3193","ББМО-01-23",2,3.1,3.5
3196,"Студент 3196","ББМО-01-23",2,4.4,4.2
3198,"Студент 3198","ББМО-01-23",1,3.8,3.4
3199,"Студент 3199","ББМО-01-23",1,3.9,3.5
3200,"Студент 3200","ББМО-01-23",2,3.3,3.6
3203,"Студент 3203","ББМО-01-23",1,3.2,3.1
3204,"Студент 3204","ББМО-01-23",2,4.1,4
3205,"Студент 3205","ББМО-01-23",2,4.6,4.3
3206,"Студент 3206","ББМО-01-23",3,3.4,4.2
3208,"Студент 3208","ББМО-01-23",1,4.8,3.9
3209,"Студент 3209","ББМО-01-23",2,3.3,3.6
3211,"Студент 3211","ББМО-01-23",3,4.3,4.7
3212,"Студент 3212","ББМО-01-23",1,3.5,3.3
3213,"Студент 3213","ББМО-01-23",1,3.6,3.3
3215,"Студент 3215","ББМО-01-23",3,3.6,4.3
3216,"Студент 3216","ББМО-01-23",4,3.7,4.8
3217,"Студент 3217","ББМО-01-23",3,3.7,4.3
3219,"Студент 3219","ББМО-01-23",1,4.2,3.6
3220,"Студент 3220","ББМО-01-23",2,4.4,4.2
3221,"Студент 3221","ББМО-01-23",1,3.8,3.4
3222,"Студент 3222","ББМО-01-23",1,4.6,3.8
3223,"Студент 3223","ББМО-01-23",1,4.5,3.8
3224,"Студент 3224","ББМО-01-23",3,4.5,4.8
3225,"Студент 3225","ББМО-01-23",2,4.7,4.3
3227,"Студент 3227","ББМО-01-23",4,4.1,5
3228,"Студент 3228","ББМО-01-23",1,4.9,4
3229,"Студент 3229","ББМО-01-23",2,3.8,3.9
3230,"Студент 3230","ББМО-01-23",1,3.2,3.1
3231,"Студент 3231","ББМО-01-23",1,3.5,3.3
3232,"Студент 3232","ББМО-01-23",1,3.9,3.5
3233,"Студент 3233","ББМО-01-23",4,3.1,4.5
3235,"Студент 3235","ББМО-01-23",1,3.2,3.1
3236,"Студент 3236","ББМО-01-23",4,4.5,5.3
3238,"Студент 3238","ББМО-01-23",2,4.1,4
3240,"Студент 3240","ББМО-01-23",4,4.7,5.3
3241,"Студент 3241","ББМО-01-23",4,4.4,5.2
3242,"Студент 3242","ББМО-01-23",3,4.5,4.8
3243,"Студент 3243","ББМО-01-23",4,4.2,5.1
3245,"Студент 3245","ББМО-01-23",3,3.9,4.5
3247,"Студент 3247","ББМО-01-23",4,3.6,4.8
3250,"Студент 3250","ББМО-01-23",4,4,5
3253,"Студент 3253","ББМО-01-23",3,4.6,4.8
3255,"Студент 3255","ББМО-01-23",1,3.6,3.3
3256,"Студент 3256","ББМО-01-23",1,3.8,3.4
3257,"Студент 3257","ББМО-01-23",3,3.9,4.5
3259,"Студент 3259","ББМО-01-23",2,4.2,4.1
3260,"Студент 3260","ББМО-01-23",1,4.8,3.9
3261,"Студент 3261","ББМО-01-23",4,4.7,5.3
3264,"Студент 3264","ББМО-01-23",4,3.1,4.5
3265,"Студент 3265","ББМО-01-23",2,3.3,3.6
3267,"Студент 3267","ББМО-01-23",3,3.1,4
3269,"Студент 3269","ББМО-01-23",4,4.4,5.2
3270,"Студент 3270","ББМО-01-23",1,4.2,3.6
3271,"Студент 3271","ББМО-01-23",4,3.2,4.6
3273,"Студент 3273","ББМО-01-23",2,3.8,3.9
3275,"Студент 3275","ББМО-01-23",1,4.8,3.9
3276,"Студент 3276","ББМО-01-23",2,3.9,4
3277,"Студент 3277","ББМО-01-23",4,4.9,5.5
3279,"Студент 3279","ББМО-01-23",3,4.2,4.6
3281,"Студент 3281","ББМО-01-23",4,4.6,5.3
3282,"Студент 3282","ББМО-01-23",2,3.8,3.9
3283,"Студент 3283","ББМО-01-23",1,3.9,3.5
3284,"Студент 3284","ББМО-01-23",3,3.8,4.4
3285,"Студент 3285","ББМО-01-23",1,4.7,3.9
3286,"Студент 3286","ББМО-01-23",4,5,5.5
3288,"Студент 3288","ББМО-01-23",2,4.7,4.3
3289,"Студент 3289","ББМО-01-23",1,3.6,3.3
3290,"Студент 3290","ББМО-01-23",3,4.9,5
3291,"Студент 3291","ББМО-01-23",3,3.9,4.5
3292,"Студент 3292","ББМО-01-23",3,3.6,4.3
3293,"Студент 3293","ББМО-01-23",2,5,4.5
3294,"Студент 3294","ББМО-01-23",4,3.3,4.7
3296,"Студент 3296","ББМО-01-23",1,3.1,3
3297,"Студент 3297","ББМО-01-23",2,4.6,4.3
3299,"Студент 3299","ББМО-01-23",2,3.1,3.5
3300,"Студент 3300","ББМО-01-23",2,3.2,3.6
3302,"Студент 3302","ББМО-01-23",2,3.5,3.8
3304,"Студент 3304","ББМО-01-23",1,4.5,3.8
3305,"Студент 3305","ББМО-01-23",1,3.6,3.3
3306,"Студент 3306","ББМО-01-23",1,3.6,3.3
3307,"Студент 3307","ББМО-01-23",2,4.4,4.2
3308,"Студент 3308","ББМО-01-23",2,4.3,4.2
3310,"Студент 3310","ББМО-01-23",3,3.1,4
3311,"Студент 3311","ББМО-01-23",3,3.8,4.4
3313,"Студент 3313","ББМО-01-23",3,3.8,4.4
3319,"Студент 3319","ББМО-01-23",4,3.9,5
3320,"Студент 3320","ББМО-01-23",2,4.5,4.3
3321,"Студент 3321","ББМО-01-23",4,4.9,5.5
3322,"Студент 3322","ББМО-01-23",4,3.4,4.7
3323,"Студент 3323","ББМО-01-23",2,3.4,3.7
3328,"Студент 3328","ББМО-01-23",3,3.5,4.3
3329,"Студент 3329","ББМО-01-23",1,4.1,3.5
3330,"Студент 3330","ББМО-01-23",2,3.9,4
3332,"Студент 3332","ББМО-01-23",3,3.6,4.3
3334,"Студент 3334","ББМО-01-23",1,3.4,3.2
3336,"Студент 3336","ББМО-01-23",3,3.6,4.3
3337,"Студент 3337","ББМО-01-23",4,3.8,4.9
3339,"Студент 3339","ББМО-01-23",1,4.3,3.6
3340,"Студент 3340","ББМО-01-23",1,4.9,4
3341,"Студент 3341","ББМО-01-23",3,3.6,4.3
3342,"Студент 3342","ББМО-01-23",4,4.8,5.4
3345,"Студент 3345","ББМО-01-23",2,4.2,4.1
3346,"Студент 3346","ББМО-01-23",4,4.2,5.1
3347,"Студент 3347","ББМО-01-23",2,4.6,4.3
3348,"Студент 3348","ББМО-01-23",1,4.1,3.5
3349,"Студент 3349","ББМО-01-23",2,3.6,3.8
3350,"Студент 3350","ББМО-01-23",3,3.9,4.5
3351,"Студент 3351","ББМО-01-23",3,3.4,4.2
3353,"Студент 3353","ББМО-01-23",3,3.8,4.4
3354,"Студент 3354","ББМО-01-23",3,4.2,4.6
3356,"Студент 3356","ББМО-01-23",2,4.7,4.3
3359,"Студент 3359","ББМО-01-23",1,3.2,3.1
3360,"Студент 3360","ББМО-01-23",4,5,5.5
3361,"Студент 3361","ББМО-01-23",4,4.9,5.5
3367,"Студент 3367","ББМО-01-23",1,3.8,3.4
3369,"Студент 3369","ББМО-01-23",1,4.1,3.5
3370,"Студент 3370","ББМО-01-23",2,4.3,4.2
3371,"Студент 3371","ББМО-01-23",2,3.9,4
3372,"Студент 3372","ББМО-01-23",3,3.9,4.5
3373,"Студент 3373","ББМО-01-23",1,3.9,3.5
3375,"Студент 3375","ББМО-01-23",2,4.2,4.1
3376,"Студент 3376","ББМО-01-23",4,3.2,4.6
3377,"Студент 3377","ББМО-01-23",2,4.1,4
3379,"Студент 3379","ББМО-01-23",1,3.4,3.2
3380,"Студент 3380","ББМО-01-23",1,4.7,3.9
3382,"Студент 3382","ББМО-01-23",2,4,4
3383,"Студент 3383","ББМО-01-23",4,3.9,5
3384,"Студент 3384","ББМО-01-23",4,4.3,5.2
3385,"Студент 3385","ББМО-01-23",2,4.9,4.5
3386,"Студент 3386","ББМО-01-23",1,5,4
3387,"Студент 3387","ББМО-01-23",3,3.1,4
3388,"Студент 3388","ББМО-01-23",4,3.3,4.7
3389,"Студент 3389","ББМО-01-23",1,5,4
3391,"Студент 3391","ББМО-01-23",1,4.4,3.7
3392,"Студент 3392","ББМО-01-23",3,3.5,4.3
3393,"Студент 3393","ББМО-01-23",3,4.1,4.5
3394,"Студент 3394","ББМО-01-23",1,3.4,3.2
3395,"Студент 3395","ББМО-01-23",4,3.2,4.6
3396,"Студент 3396","ББМО-01-23",3,4.9,5
3399,"Студент 3399","ББМО-01-23",3,4.8,4.9
3400,"Студент 3400","ББМО-01-23",2,4.4,4.2
3401,"Студент 3401","ББМО-01-23",3,4.1,4.5
3402,"Студент 3402","ББМО-01-23",4,4.3,5.2
3403,"Студент 3403","ББМО-01-23",2,3.1,3.5
3404,"Студент 3404","ББМО-01-23",3,3.8,4.4
3406,"Студент 3406","ББМО-01-23",4,4,5
3407,"Студент 3407","ББМО-01-23",1,3.4,3.2
3412,"Студент 3412","ББМО-01-23",3,4,4.5
3413,"Студент 3413","ББМО-01-23",1,4.4,3.7
3414,"Студент 3414","ББМО-01-23",1,3.5,3.3
3416,"Студент 3416","ББМО-01-23",1,4.3,3.6
3417,"Студент 3417","ББМО-01-23",3,4.1,4.5
3418,"Студент 3418","ББМО-01-23",3,4.7,4.8
3420,"Студент 3420","ББМО-01-23",1,4.8,3.9
3423,"Студент 3423","ББМО-01-23",2,3.4,3.7
3425,"Студент 3425","ББМО-01-23",4,4.5,5.3
3426,"Студент 3426","ББМО-01-23",1,3.3,3.1
3427,"Студент 3427","ББМО-01-23",1,3.7,3.4
3429,"Студент 3429","ББМО-01-23",4,4.8,5.4
3431,"Студент 3431","ББМО-01-23",4,4.9,5.5
3432,"Студент 3432","ББМО-01-23",3,3.7,4.3
3433,"Студент 3433","ББМО-01-23",4,4.2,5.1
3435,"Студент 3435","ББМО-01-23",2,3.1,3.5
3436,"Студент 3436","ББМО-01-23",2,3.9,4
3437,"Студент 3437","ББМО-01-23",3,4.5,4.8
3438,"Студент 3438","ББМО-01-23",4,4.2,5.1
3439,"Студент 3439","ББМО-01-23",4,4.8,5.4
3441,"Студент 3441","ББМО-01-23",1,4,3.5
3442,"Студент 3442","ББМО-01-23",4,3.1,4.5
3443,"Студент 3443","ББМО-01-23",1,4.9,4
3445,"Студент 3445","ББМО-01-23",1,4.4,3.7
3446,"Студент 3446","ББМО-01-23",1,4.5,3.8
3447,"Студент 3447","ББМО-01-23",2,3.6,3.8
3448,"Студент 3448","ББМО-01-23",1,4.4,3.7
3449,"Студент 3449","ББМО-01-23",1,3.6,3.3
3453,"Студент 3453","ББМО-01-23",2,3.6,3.8
3454,"Студент 3454","ББМО-01-23",4,3.7,4.8
3455,"Студент 3455","ББМО-01-23",4,4.8,5.4
3457,"Студент 3457","ББМО-01-23",2,3.5,3.8
3458,"Студент 3458","ББМО-01-23",4,4.8,5.4
3459,"Студент 3459","ББМО-01-23",3,4.8,4.9
3460,"Студент 3460","ББМО-01-23",2,4.6,4.3
3461,"Студент 3461","ББМО-01-23",4,3.5,4.8
3463,"Студент 3463","ББМО-01-23",4,4.2,5.1
3464,"Студент 3464","ББМО-01-23",1,4.2,3.6
3465,"Студент 3465","ББМО-01-23",1,4.8,3.9
3466,"Студент 3466","ББМО-01-23",3,3.9,4.5
3467,"Студент 3467","ББМО-01-23",1,4.3,3.6
3468,"Студент 3468","ББМО-01-23",2,3.8,3.9
3469,"Студент 3469","ББМО-01-23",2,3.4,3.7
3470,"Студент 3470","ББМО-01-23",1,4.5,3.8
3471,"Студент 3471","ББМО-01-23",3,4.7,4.8
3474,"Студент 3474","ББМО-01-23",3,4.3,4.7
3475,"Студент 3475","ББМО-01-23",1,4.2,3.6
3477,"Студент 3477","ББМО-01-23",2,4.9,4.5
3478,"Студент 3478","ББМО-01-23",2,4.6,4.3
3479,"Студент 3479","ББМО-01-23",4,3.4,4.7
3480,"Студент 3480","ББМО-01-23",3,4.2,4.6
3485,"Студент 3485","ББМО-01-23",4,4.1,5
3486,"Студент 3486","ББМО-01-23",3,4.4,4.7
3487,"Студент 3487","ББМО-01-23",2,3.7,3.9
3489,"Студент 3489","ББМО-01-23",3,3.4,4.2
3490,"Студент 3490","ББМО-01-23",1,4,3.5
3491,"Студент 3491","ББМО-01-23",4,4.4,5.2
3492,"Студент 3492","ББМО-01-23",3,3.5,4.3
3493,"Студент 3493","ББМО-01-23",2,3.7,3.9
3495,"Студент 3495","ББМО-01-23",4,3.3,4.7
3496,"Студент 3496","ББМО-01-23",1,5,4
3498,"Студент 3498","ББМО-01-23",2,3.4,3.7
3503,"Студент 3503","ББМО-01-23",2,4.2,4.1
3506,"Студент 3506","ББМО-01-23",3,3.9,4.5
3507,"Студент 3507","ББМО-01-23",1,4.4,3.7
3508,"Студент 3508","ББМО-01-23",3,4.1,4.5
3509,"Студент 3509","ББМО-01-23",4,4.6,5.3
3510,"Студент 3510","ББМО-01-23",1,3.3,3.1
3511,"Студент 3511","ББМО-01-23",3,4.5,4.8
3513,"Студент 3513","ББМО-01-23",3,4.9,5
3514,"Студент 3514","ББМО-01-23",1,3.3,3.1
3515,"Студент 3515","ББМО-01-23",2,3.9,4
3516,"Студент 3516","ББМО-01-23",4,5,5.5
3517,"Студент 3517","ББМО-01-23",2,4.7,4.3
3518,"Студент 3518","ББМО-01-23",4,3.2,4.6
3519,"Студент 3519","ББМО-01-23",3,4.1,4.5
3521,"Студент 3521","ББМО-01-23",2,3.2,3.6
3522,"Студент 3522","ББМО-01-23",1,3.3,3.1
3523,"Студент 3523","ББМО-01-23",2,4.7,4.3
3524,"Студент 3524","ББМО-01-23",2,3.7,3.9
3525,"Студент 3525","ББМО-01-23",4,3.3,4.7
3526,"Студент 3526","ББМО-01-23",4,4.2,5.1
3527,"Студент 3527","ББМО-01-23",4,3.2,4.6
3529,"Студент 3529","ББМО-01-23",4,3.8,4.9
3530,"Студент 3530","ББМО-01-23",1,4.1,3.5
3531,"Студент 3531","ББМО-01-23",2,4.1,4
3532,"Студент 3532","ББМО-01-23",2,4.2,4.1
3534,"Студент 3534","ББМО-01-23",1,4.6,3.8
3535,"Студент 3535","ББМО-01-23",3,4.3,4.7
3537,"Студент 3537","ББМО-01-23",1,3.5,3.3
3539,"Студент 3539","ББМО-01-23",4,3.7,4.8
3541,"Студент 3541","ББМО-01-23",1,3.4,3.2
3542,"Студент 3542","ББМО-01-23",3,3.1,4
3545,"Студент 3545","ББМО-01-23",2,3.7,3.9
3548,"Студент 3548","ББМО-01-23",2,3.6,3.8
3552,"Студент 3552","ББМО-01-23",1,4.4,3.7
3554,"Студент 3554","ББМО-01-23",3,4.5,4.8
3555,"Студент 3555","ББМО-01-23",4,4.4,5.2
3559,"Студент 3559","ББМО-01-23",1,3.7,3.4
3561,"Студент 3561","ББМО-01-23",2,4.3,4.2
3562,"Студент 3562","ББМО-01-23",2,4.6,4.3
3563,"Студент 3563","ББМО-01-23",1,4.2,3.6
3564,"Студент 3564","ББМО-01-23",4,4,5
3565,"Студент 3565","ББМО-01-23",4,4.5,5.3
3566,"Студент 3566","ББМО-01-23",4,4.9,5.5
3569,"Студент 3569","ББМО-01-23",4,4.6,5.3
3571,"Студент 3571","ББМО-01-23",1,3.2,3.1
3572,"Студент 3572","ББМО-01-23",3,4,4.5
3574,"Студент 3574","ББМО-01-23",4,4.2,5.1
3575,"Студент 3575","ББМО-01-23",2,4.2,4.1
3576,"Студент 3576","ББМО-01-23",2,3.2,3.6
3578,"Студент 3578","ББМО-01-23",1,3.8,3.4
3579,"Студент 3579","ББМО-01-23",2,3.9,4
3581,"Студент 3581","ББМО-01-23",4,3.4,4.7
3582,"Студент 3582","ББМО-01-23",1,3.4,3.2
3583,"Студент 3583","ББМО-01-23",2,3.5,3.8
3584,"Студент 3584","ББМО-01-23",2,4.7,4.3
3585,"Студент 3585","ББМО-01-23",4,4,5
3587,"Студент 3587","ББМО-01-23",3,3.2,4.1
3590,"Студент 3590","ББМО-01-23",3,3.1,4
3591,"Студент 3591","ББМО-01-23",3,4.6,4.8
3593,"Студент 3593","ББМО-01-23",4,3.5,4.8
3595,"Студент 3595","ББМО-01-23",3,4.4,4.7
3597,"Студент 3597","ББМО-01-23",3,4.7,4.8
3598,"Студент 3598","ББМО-01-23",3,4.3,4.7
3599,"Студент 3599","ББМО-01-23",1,4.5,3.8
3600,"Студент 3600","ББМО-01-23",4,4,5
3601,"Студент 3601","ББМО-01-23",3,4.2,4.6
3602,"Студент 3602","ББМО-01-23",4,3.6,4.8
3603,"Студент 3603","ББМО-01-23",2,4.7,4.3
3610,"Студент 3610","ББМО-01-23",4,3.4,4.7
3611,"Студент 3611","ББМО-01-23",1,3.5,3.3
3612,"Студент 3612","ББМО-01-23",2,4,4
3613,"Студент 3613","ББМО-01-23",4,4,5
3614,"Студент 3614","ББМО-01-23",3,4.8,4.9
3616,"Студент 3616","ББМО-01-23",4,4.5,5.3
3617,"Студент 3617","ББМО-01-23",2,3.6,3.8
3618,"Студент 3618","ББМО-01-23",2,3.5,3.8
3619,"Студент 3619","ББМО-01-23",2,4.5,4.3
3620,"Студент 3620","ББМО-01-23",2,4.8,4.4
3621,"Студент 3621","ББМО-01-23",1,4.5,3.8
3625,"Студент 3625","ББМО-01-23",2,5,4.5
3627,"Студент 3627","ББМО-01-23",1,3.3,3.1
3628,"Студент 3628","ББМО-01-23",1,3.7,3.4
3631,"Студент 3631","ББМО-01-23",3,3.7,4.3
3632,"Студент 3632","ББМО-01-23",4,4.2,5.1
3633,"Студент 3633","ББМО-01-23",4,4.1,5
3637,"Студент 3637","ББМО-01-23",1,4.3,3.6
3638,"Студент 3638","ББМО-01-23",2,3.2,3.6
3639,"Студент 3639","ББМО-01-23",2,3.3,3.6
3640,"Студент 3640","ББМО-01-23",1,4.2,3.6
3642,"Студент 3642","ББМО-01-23",4,4.4,5.2
3646,"Студент 3646","ББМО-01-23",2,4,4
3647,"Студент 3647","ББМО-01-23",3,4.9,5
3648,"Студент 3648","ББМО-01-23",4,4.7,5.3
3649,"Студент 3649","ББМО-01-23",4,4.6,5.3
3650,"Студент 3650","ББМО-01-23",3,3.5,4.3
3652,"Студент 3652","ББМО-01-23",2,4.9,4.5
3655,"Студент 3655","ББМО-01-23",1,4,3.5
3657,"Студент 3657","ББМО-01-23",2,3.9,4
3659,"Студент 3659","ББМО-01-23",1,4.1,3.5
3660,"Студент 3660","ББМО-01-23",1,4.8,3.9
3661,"Студент 3661","ББМО-01-23",3,3.3,4.2
3663,"Студент 3663","ББМО-01-23",3,4.1,4.5
3665,"Студент 3665","ББМО-01-23",3,4.9,5
3666,"Студент 3666","ББМО-01-23",1,3.3,3.1
3668,"Студент 3668","ББМО-01-23",1,4.5,3.8
3669,"Студент 3669","ББМО-01-23",4,3.1,4.5
3670,"Студент 3670","ББМО-01-23",4,4.5,5.3
3671,"Студент 3671","ББМО-01-23",3,3.3,4.2
3673,"Студент 3673","ББМО-01-23",3,4.7,4.8
3674,"Студент 3674","ББМО-01-23",1,4.6,3.8
3676,"Студент 3676","ББМО-01-23",2,3.2,3.6
3678,"Студент 3678","ББМО-01-23",3,3.6,4.3
3679,"Студент 3679","ББМО-01-23",1,4.2,3.6
3681,"Студент 3681","ББМО-01-23",2,3.3,3.6
3682,"Студент 3682","ББМО-01-23",1,3.8,3.4
3683,"Студент 3683","ББМО-01-23",3,4.9,5
3684,"Студент 3684","ББМО-01-23",3,4.3,4.7
3685,"Студент 3685","ББМО-01-23",1,4.4,3.7
3686,"Студент 3686","ББМО-01-23",3,4.1,4.5
3687,"Студент 3687","ББМО-01-23",2,4.6,4.3
3690,"Студент 3690","ББМО-01-23",4,4.7,5.3
3691,"Студент 3691","ББМО-01-23",1,4,3.5
3692,"Студент 3692","ББМО-01-23",1,3.6,3.3
3694,"Студент 3694","ББМО-01-23",1,4.1,3.5
3699,"Студент 3699","ББМО-01-23",2,4.2,4.1
3701,"Студент 3701","ББМО-01-23",1,3.6,3.3
3702,"Студент 3702","ББМО-01-23",3,4.1,4.5
3703,"Студент 3703","ББМО-01-23",3,4.8,4.9
3704,"Студент 3704","ББМО-01-23",1,3.3,3.1
3708,"Студент 3708","ББМО-01-23",1,5,4
3709,"Студент 3709","ББМО-01-23",3,4.4,4.7
3710,"Студент 3710","ББМО-01-23",3,4.5,4.8
3711,"Студент 3711","ББМО-01-23",1,4.1,3.5
3713,"Студент 3713","ББМО-01-23",1,4.8,3.9
3716,"Студент 3716","ББМО-01-23",3,3.3,4.2
3717,"Студент 3717","ББМО-01-23",1,4.6,3.8
3718,"Студент 3718","ББМО-01-23",1,4.3,3.6
3719,"Студент 3719","ББМО-01-23",1,5,4
3720,"Студент 3720","ББМО-01-23",4,4.3,5.2
3721,"Студент 3721","ББМО-01-23",2,4,4
3723,"Студент 3723","ББМО-01-23",4,3.7,4.8
3726,"Студент 3726","ББМО-01-23",4,4.5,5.3
3727,"Студент 3727","ББМО-01-23",3,3.5,4.3
3730,"Студент 3730","ББМО-01-23",1,4.2,3.6
3731,"Студент 3731","ББМО-01-23",4,3.4,4.7
3733,"Студент 3733","ББМО-01-23",3,4.1,4.5
3735,"Студент 3735","ББМО-01-23",1,5,4
3736,"Студент 3736","ББМО-01-23",3,4,4.5
3738,"Студент 3738","ББМО-01-23",4,4.6,5.3
3741,"Студент 3741","ББМО-01-23",1,4.7,3.9
3744,"Студент 3744","ББМО-01-23",2,3.4,3.7
3745,"Студент 3745","ББМО-01-23",4,4.6,5.3
3746,"Студент 3746","ББМО-01-23",3,4.6,4.8
3747,"Студент 3747","ББМО-01-23",2,4.7,4.3
3748,"Студент 3748","ББМО-01-23",1,5,4
3749,"Студент 3749","ББМО-01-23",3,3.4,4.2
3752,"Студент 3752","ББМО-01-23",1,4.7,3.9
3753,"Студент 3753","ББМО-01-23",1,3.2,3.1
3754,"Студент 3754","ББМО-01-23",3,4,4.5
3755,"Студент 3755","ББМО-01-23",4,4.1,5
3756,"Студент 3756","ББМО-01-23",4,4,5
3757,"Студент 3757","ББМО-01-23",3,4,4.5
3762,"Студент 3762","ББМО-01-23",2,4.4,4.2
3763,"Студент 3763","ББМО-01-23",4,4.9,5.5
3764,"Студент 3764","ББМО-01-23",2,3.7,3.9
3765,"Студент 3765","ББМО-01-23",1,4.2,3.6
3766,"Студент 3766","ББМО-01-23",4,4.9,5.5
3767,"Студент 3767","ББМО-01-23",3,4.1,4.5
3769,"Студент 3769","ББМО-01-23",4,4,5
3770,"Студент 3770","ББМО-01-23",3,3.7,4.3
3771,"Студент 3771","ББМО-01-23",1,3.4,3.2
3772,"Студент 3772","ББМО-01-23",1,3.9,3.5
3774,"Студент 3774","ББМО-01-23",3,4.6,4.8
3775,"Студент 3775","ББМО-01-23",3,4.2,4.6
3776,"Студент 3776","ББМО-01-23",3,4.2,4.6
3777,"Студент 3777","ББМО-01-23",3,4.7,4.8
3781,"Студент 3781","ББМО-01-23",1,4.9,4
3784,"Студент 3784","ББМО-01-23",4,4.7,5.3
3785,"Студент 3785","ББМО-01-23",1,4,3.5
3786,"Студент 3786","ББМО-01-23",2,3.9,4
3787,"Студент 3787","ББМО-01-23",2,3.3,3.6
3788,"Студент 3788","ББМО-01-23",3,3.9,4.5
3789,"Студент 3789","ББМО-01-23",2,3.7,3.9
3790,"Студент 3790","ББМО-01-23",4,4.4,5.2
3791,"Студент 3791","ББМО-01-23",2,4,4
3792,"Студент 3792","ББМО-01-23",3,4.3,4.7
3794,"Студент 3794","ББМО-01-23",1,3.4,3.2
3795,"Студент 3795","ББМО-01-23",3,4.7,4.8
3801,"Студент 3801","ББМО-01-23",3,4.3,4.7
3802,"Студент 3802","ББМО-01-23",3,3.1,4
3804,"Студент 3804","ББМО-01-23",4,4.6,5.3
3808,"Студент 3808","ББМО-01-23",1,4.2,3.6
3810,"Студент 3810","ББМО-01-23",3,3.2,4.1
3811,"Студент 3811","ББМО-01-23",3,3.6,4.3
3812,"Студент 3812","ББМО-01-23",3,4.7,4.8
3815,"Студент 3815","ББМО-01-23",4,3.2,4.6
3816,"Студент 3816","ББМО-01-23",1,5,4
3820,"Студент 3820","ББМО-01-23",1,3.4,3.2
3822,"Студент 3822","ББМО-01-23",3,3.2,4.1
3823,"Студент 3823","ББМО-01-23",1,3.6,3.3
3825,"Студент 3825","ББМО-01-23",4,3.8,4.9
3827,"Студент 3827","ББМО-01-23",3,4.3,4.7
3828,"Студент 3828","ББМО-01-23",2,4.4,4.2
3830,"Студент 3830","ББМО-01-23",3,3.7,4.3
3831,"Студент 3831","ББМО-01-23",2,5,4.5
3835,"Студент 3835","ББМО-01-23",1,3.8,3.4
3836,"Студент 3836","ББМО-01-23",1,4.3,3.6
3837,"Студент 3837","ББМО-01-23",1,3.8,3.4
3838,"Студент 3838","ББМО-01-23",2,4.1,4
3840,"Студент 3840","ББМО-01-23",1,3.3,3.1
3841,"Студент 3841","ББМО-01-23",1,4.6,3.8
3842,"Студент 3842","ББМО-01-23",3,4.9,5
3844,"Студент 3844","ББМО-01-23",3,4.4,4.7
3846,"Студент 3846","ББМО-01-23",2,4.4,4.2
3847,"Студент 3847","ББМО-01-23",2,4,4
3848,"Студент 3848","ББМО-01-23",2,4.3,4.2
3849,"Студент 3849","ББМО-01-23",4,3.5,4.8
3850,"Студент 3850","ББМО-01-23",3,3.7,4.3
3853,"Студент 3853","ББМО-01-23",4,4.3,5.2
3855,"Студент 3855","ББМО-01-23",3,4.4,4.7
3856,"Студент 3856","ББМО-01-23",2,4.7,4.3
3857,"Студент 3857","ББМО-01-23",2,3.4,3.7
3859,"Студент 3859","ББМО-01-23",1,4.3,3.6
3864,"Студент 3864","ББМО-01-23",2,3.3,3.6
3865,"Студент 3865","ББМО-01-23",2,3.6,3.8
3866,"Студент 3866","ББМО-01-23",1,4.1,3.5
3867,"Студент 3867","ББМО-01-23",1,4,3.5
3868,"Студент 3868","ББМО-01-23",2,4.4,4.2
3869,"Студент 3869","ББМО-01-23",2,3.5,3.8
3870,"Студент 3870","ББМО-01-23",3,4.8,4.9
3871,"Студент 3871","ББМО-01-23",1,4.1,3.5
3873,"Студент 3873","ББМО-01-23",3,4.9,5
3875,"Студент 3875","ББМО-01-23",4,3.8,4.9
3876,"Студент 3876","ББМО-01-23",3,4.8,4.9
3879,"Студент 3879","ББМО-01-23",1,3.3,3.1
3881,"Студент 3881","ББМО-01-23",2,3.6,3.8
3882,"Студент 3882","ББМО-01-23",2,4.2,4.1
3883,"Студент 3883","ББМО-01-23",2,3.3,3.6
3885,"Студент 3885","ББМО-01-23",2,3.9,4
3886,"Студент 3886","ББМО-01-23",1,3.3,3.1
3887,"Студент 3887","ББМО-01-23",2,3.2,3.6
3888,"Студент 3888","ББМО-01-23",1,3.2,3.1
3889,"Студент 3889","ББМО-01-23",4,3.3,4.7
3890,"Студент 3890","ББМО-01-23",2,3.1,3.5
3892,"Студент 3892","ББМО-01-23",3,4.3,4.7
3893,"Студент 3893","ББМО-01-23",1,3.4,3.2
3895,"Студент 3895","ББМО-01-23",1,4.9,4
3896,"Студент 3896","ББМО-01-23",4,4.4,5.2
3899,"Студент 3899","ББМО-01-23",2,4.1,4
3902,"Студент 3902","ББМО-01-23",4,4.3,5.2
3904,"Студент 3904","ББМО-01-23",2,3.5,3.8
3905,"Студент 3905","ББМО-01-23",3,4.1,4.5
3907,"Студент 3907","ББМО-01-23",1,4.3,3.6
3909,"Студент 3909","ББМО-01-23",3,4.1,4.5
3910,"Студент 3910","ББМО-01-23",3,3.8,4.4
3912,"Студент 3912","ББМО-01-23",3,4.4,4.7
3913,"Студент 3913","ББМО-01-23",4,3.3,4.7
3914,"Студент 3914","ББМО-01-23",1,4.7,3.9
3915,"Студент 3915","ББМО-01-23",1,4.8,3.9
3916,"Студент 3916","ББМО-01-23",1,3.3,3.1
3917,"Студент 3917","ББМО-01-23",4,3.1,4.5
3918,"Студент 3918","ББМО-01-23",4,4,5
3919,"Студент 3919","ББМО-01-23",3,4.2,4.6
3920,"Студент 3920","ББМО-01-23",1,4,3.5
3921,"Студент 3921","ББМО-01-23",2,4.9,4.5
3922,"Студент 3922","ББМО-01-23",2,4.6,4.3
3924,"Студент 3924","ББМО-01-23",3,3.1,4
3925,"Студент 3925","ББМО-01-23",2,4.7,4.3
3926,"Студент 3926","ББМО-01-23",2,3.7,3.9
3927,"Студент 3927","ББМО-01-23",4,3.9,5
3928,"Студент 3928","ББМО-01-23",4,3.2,4.6
3929,"Студент 3929","ББМО-01-23",4,3.4,4.7
3930,"Студент 3930","ББМО-01-23",1,3.4,3.2
3932,"Студент 3932","ББМО-01-23",3,4.8,4.9
3933,"Студент 3933","ББМО-01-23",3,3.3,4.2
3935,"Студент 3935","ББМО-01-23",1,3.1,3
3936,"Студент 3936","ББМО-01-23",1,3.5,3.3
3937,"Студент 3937","ББМО-01-23",1,4.9,4
3938,"Студент 3938","ББМО-01-23",2,3.9,4
3939,"Студент 3939","ББМО-01-23",1,3.5,3.3
3941,"Студент 3941","ББМО-01-23",3,3.7,4.3
3944,"Студент 3944","ББМО-01-23",1,4.4,3.7
3946,"Студент 3946","ББМО-01-23",4,3.5,4.8
3949,"Студент 3949","ББМО-01-23",3,4.6,4.8
3951,"Студент 3951","ББМО-01-23",4,3.6,4.8
3953,"Студент 3953","ББМО-01-23",1,4.4,3.7
3954,"Студент 3954","ББМО-01-23",1,4.4,3.7
3955,"Студент 3955","ББМО-01-23",4,3.9,5
3956,"Студент 3956","ББМО-01-23",3,4.8,4.9
3957,"Студент 3957","ББМО-01-23",1,3.5,3.3
3959,"Студент 3959","ББМО-01-23",2,3.9,4
3966,"Студент 3966","ББМО-01-23",1,3.3,3.1
3968,"Студент 3968","ББМО-01-23",3,4.5,4.8
3969,"Студент 3969","ББМО-01-23",3,4.3,4.7
3970,"Студент 3970","ББМО-01-23",4,4,5
3971,"Студент 3971","ББМО-01-23",2,3.3,3.6
3973,"Студент 3973","ББМО-01-23",3,3.1,4
3974,"Студент 3974","ББМО-01-23",2,4,4
3975,"Студент 3975","ББМО-01-23",1,3.9,3.5
3978,"Студент 3978","ББМО-01-23",3,3.2,4.1
3980,"Студент 3980","ББМО-01-23",3,4.7,4.8
3981,"Студент 3981","ББМО-01-23",3,4.6,4.8
3984,"Студент 3984","ББМО-01-23",3,4.2,4.6
3985,"Студент 3985","ББМО-01-23",2,4.3,4.2
3986,"Студент 3986","ББМО-01-23",2,4.8,4.4
3987,"Студент 3987","ББМО-01-23",2,3.3,3.6
3988,"Студент 3988","ББМО-01-23",3,3.1,4
3991,"Студент 3991","ББМО-01-23",4,4.4,5.2
3992,"Студент 3992","ББМО-01-23",2,4,4
3993,"Студент 3993","ББМО-01-23",2,4,4
3994,"Студент 3994","ББМО-01-23",1,3.2,3.1
3996,"Студент 3996","ББМО-01-23",3,3.8,4.4
3998,"Студент 3998","ББМО-01-23",4,4.4,5.2
4001,"Студент 4001","ББМО-01-23",2,4.1,4
4002,"Студент 4002","ББМО-01-23",2,4.7,4.3
4004,"Студент 4004","ББМО-01-23",3,3.1,4
4005,"Студент 4005","ББМО-01-23",1,3.8,3.4
4009,"Студент 4009","ББМО-01-23",4,3.8,4.9
4010,"Студент 4010","ББМО-01-23",3,3.7,4.3
4012,"Студент 4012","ББМО-01-23",4,3.3,4.7
4013,"Студент 4013","ББМО-01-23",2,4.4,4.2
4014,"Студент 4014","ББМО-01-23",1,4.4,3.7
4016,"Студент 4016","ББМО-01-23",2,4.5,4.3
4017,"Студент 4017","ББМО-01-23",1,4.2,3.6
4019,"Студент 4019","ББМО-01-23",1,4.7,3.9
4020,"Студент 4020","ББМО-01-23",3,3.4,4.2
4021,"Студент 4021","ББМО-01-23",4,4.8,5.4
4022,"Студент 4022","ББМО-01-23",4,3.3,4.7
4026,"Студент 4026","ББМО-01-23",2,3.8,3.9
4028,"Студент 4028","ББМО-01-23",1,3.2,3.1
4030,"Студент 4030","ББМО-01-23",4,4.7,5.3
4032,"Студент 4032","ББМО-01-23",1,3.6,3.3
4033,"Студент 4033","ББМО-01-23",2,3.1,3.5
4035,"Студент 4035","ББМО-01-23",3,3.6,4.3
4036,"Студент 4036","ББМО-01-23",2,5,4.5
4037,"Студент 4037","ББМО-01-23",4,3.6,4.8
4038,"Студент 4038","ББМО-01-23",4,3.7,4.8
4040,"Студент 4040","ББМО-01-23",2,4.8,4.4
4041,"Студент 4041","ББМО-01-23",3,4.7,4.8
4042,"Студент 4042","ББМО-01-23",2,3.9,4
4043,"Студент 4043","ББМО-01-23",4,3.1,4.5
4046,"Студент 4046","ББМО-01-23",1,5,4
4048,"Студент 4048","ББМО-01-23",3,4.9,5
4050,"Студент 4050","ББМО-01-23",3,3.4,4.2
4051,"Студент 4051","ББМО-01-23",3,4.6,4.8
4052,"Студент 4052","ББМО-01-23",2,3.6,3.8
4054,"Студент 4054","ББМО-01-23",4,3.5,4.8
4057,"Студент 4057","ББМО-01-23",2,4.8,4.4
4059,"Студент 4059","ББМО-01-23",2,3.7,3.9
4060,"Студент 4060","ББМО-01-23",4,4.4,5.2
4061,"Студент 4061","ББМО-01-23",3,4.3,4.7
4064,"Студент 4064","ББМО-01-23",2,4.3,4.2
4068,"Студент 4068","ББМО-01-23",4,4.8,5.4
4069,"Студент 4069","ББМО-01-23",4,3.7,4.8
4072,"Студент 4072","ББМО-01-23",3,4.2,4.6
4073,"Студент 4073","ББМО-01-23",2,3.6,3.8
4076,"Студент 4076","ББМО-01-23",4,3.2,4.6
4077,"Студент 4077","ББМО-01-23",1,3.6,3.3
4078,"Студент 4078","ББМО-01-23",2,4.4,4.2
4080,"Студент 4080","ББМО-01-23",2,4.9,4.5
4081,"Студент 4081","ББМО-01-23",2,4.7,4.3
4083,"Студент 4083","ББМО-01-23",3,4,4.5
4086,"Студент 4086","ББМО-01-23",4,3.3,4.7
4088,"Студент 4088","ББМО-01-23",2,3.1,3.5
4089,"Студент 4089","ББМО-01-23",2,3.7,3.9
4092,"Студент 4092","ББМО-01-23",3,3.7,4.3
4093,"Студент 4093","ББМО-01-23",1,4.9,4
4096,"Студент 4096","ББМО-01-23",2,3.9,4
4097,"Студент 4097","ББМО-01-23",1,3.1,3
4098,"Студент 4098","ББМО-01-23",3,4.3,4.7
4100,"Студент 4100","ББМО-01-23",4,4.2,5.1
4101,"Студент 4101","ББМО-01-23",1,4.7,3.9
4102,"Студент 4102","ББМО-01-23",3,3.1,4
4103,"Студент 4103","ББМО-01-23",3,3.4,4.2
4104,"Студент 4104","ББМО-01-23",3,3.3,4.2
4106,"Студент 4106","ББМО-01-23",4,3.9,5
4107,"Студент 4107","ББМО-01-23",3,4.3,4.7
4109,"Студент 4109","ББМО-01-23",2,3.4,3.7
4110,"Студент 4110","ББМО-01-23",1,4.4,3.7
4111,"Студент 4111","ББМО-01-23",2,3.3,3.6
4112,"Студент 4112","ББМО-01-23",1,5,4
4113,"Студент 4113","ББМО-01-23",3,4.3,4.7
4114,"Студент 4114","ББМО-01-23",2,3.3,3.6
4115,"Студент 4115","ББМО-01-23",4,3.9,5
4116,"Студент 4116","ББМО-01-23",4,5,5.5
4121,"Студент 4121","ББМО-01-23",2,3.8,3.9
4122,"Студент 4122","ББМО-01-23",2,4.2,4.1
4123,"Студент 4123","ББМО-01-23",2,3.5,3.8
4125,"Студент 4125","ББМО-01-23",4,5,5.5
4127,"Студент 4127","ББМО-01-23",4,3.8,4.9
4128,"Студент 4128","ББМО-01-23",3,3.3,4.2
4129,"Студент 4129","ББМО-01-23",2,4,4
4130,"Студент 4130","ББМО-01-23",3,3.2,4.1
4131,"Студент 4131","ББМО-01-23",2,3.2,3.6
4132,"Студент 4132","ББМО-01-23",4,3.7,4.8
4135,"Студент 4135","ББМО-01-23",1,3.7,3.4
4136,"Студент 4136","ББМО-01-23",2,4.6,4.3
4137,"Студент 4137","ББМО-01-23",4,4.9,5.5
4138,"Студент 4138","ББМО-01-23",3,3.1,4
4141,"Студент 4141","ББМО-01-23",2,3.9,4
4142,"Студент 4142","ББМО-01-23",1,4.4,3.7
4144,"Студент 4144","ББМО-01-23",4,3.4,4.7
4145,"Студент 4145","ББМО-01-23",3,4.7,4.8
4146,"Студент 4146","ББМО-01-23",4,5,5.5
4150,"Студент 4150","ББМО-01-23",2,4.8,4.4
4151,"Студент 4151","ББМО-01-23",3,3.4,4.2
4152,"Студент 4152","ББМО-01-23",3,3.8,4.4
4155,"Студент 4155","ББМО-01-23",2,4.1,4
4156,"Студент 4156","ББМО-01-23",3,4.9,5
4157,"Студент 4157","ББМО-01-23",4,4.5,5.3
4158,"Студент 4158","ББМО-01-23",4,4,5
4159,"Студент 4159","ББМО-01-23",4,4.2,5.1
4161,"Студент 4161","ББМО-01-23",3,3.2,4.1
4162,"Студент 4162","ББМО-01-23",1,4.7,3.9
4164,"Студент 4164","ББМО-01-23",4,5,5.5
4165,"Студент 4165","ББМО-01-23",2,4.6,4.3
4170,"Студент 4170","ББМО-01-23",1,4.6,3.8
4171,"Студент 4171","ББМО-01-23",1,3.7,3.4
4172,"Студент 4172","ББМО-01-23",3,4,4.5
4173,"Студент 4173","ББМО-01-23",3,4.4,4.7
4176,"Студент 4176","ББМО-01-23",4,5,5.5
4179,"Студент 4179","ББМО-01-23",4,4.1,5
4181,"Студент 4181","ББМО-01-23",2,3.3,3.6
4182,"Студент 4182","ББМО-01-23",3,4.2,4.6
4185,"Студент 4185","ББМО-01-23",2,3.6,3.8
4186,"Студент 4186","ББМО-01-23",3,4.7,4.8
4189,"Студент 4189","ББМО-01-23",4,4.1,5
4190,"Студент 4190","ББМО-01-23",2,3.2,3.6
4195,"Студент 4195","ББМО-01-23",3,3.4,4.2
4196,"Студент 4196","ББМО-01-23",4,3.7,4.8
4198,"Студент 4198","ББМО-01-23",2,3.5,3.8
4200,"Студент 4200","ББМО-01-23",3,4.4,4.7
4202,"Студент 4202","ББМО-01-23",3,3.1,4
4203,"Студент 4203","ББМО-01-23",2,3.2,3.6
4204,"Студент 4204","ББМО-01-23",3,3.3,4.2
4205,"Студент 4205","ББМО-01-23",4,3.7,4.8
4206,"Студент 4206","ББМО-01-23",3,3.6,4.3
4207,"Студент 4207","ББМО-01-23",1,4.2,3.6
4208,"Студент 4208","ББМО-01-23",4,3.1,4.5
4210,"Студент 4210","ББМО-01-23",3,3.3,4.2
4213,"Студент 4213","ББМО-01-23",2,4.5,4.3
4215,"Студент 4215","ББМО-01-23",4,3.1,4.5
4216,"Студент 4216","ББМО-01-23",1,3.5,3.3
4217,"Студент 4217","ББМО-01-23",2,3.7,3.9
4221,"Студент 4221","ББМО-01-23",1,4.2,3.6
4222,"Студент 4222","ББМО-01-23",2,3.4,3.7
4223,"Студент 4223","ББМО-01-23",3,4.1,4.5
4224,"Студент 4224","ББМО-01-23",2,3.8,3.9
4226,"Студент 4226","ББМО-01-23",2,4.1,4
4227,"Студент 4227","ББМО-01-23",1,4,3.5
4228,"Студент 4228","ББМО-01-23",1,4.1,3.5
4229,"Студент 4229","ББМО-01-23",1,4.9,4
4231,"Студент 4231","ББМО-01-23",3,4.5,4.8
4232,"Студент 4232","ББМО-01-23",4,3.9,5
4236,"Студент 4236","ББМО-01-23",4,4.9,5.5
4237,"Студент 4237","ББМО-01-23",3,4.1,4.5
4238,"Студент 4238","ББМО-01-23",1,3.1,3
4239,"Студент 4239","ББМО-01-23",3,3.1,4
4240,"Студент 4240","ББМО-01-23",2,3.1,3.5
4241,"Студент 4241","ББМО-01-23",3,3.7,4.3
4242,"Студент 4242","ББМО-01-23",4,3.5,4.8
4243,"Студент 4243","ББМО-01-23",1,3.2,3.1
4244,"Студент 4244","ББМО-01-23",2,4.9,4.5
4249,"Студент 4249","ББМО-01-23",1,4.7,3.9
4250,"Студент 4250","ББМО-01-23",2,5,4.5
4251,"Студент 4251","ББМО-01-23",2,4,4
4252,"Студент 4252","ББМО-01-23",3,4.2,4.6
4253,"Студент 4253","ББМО-01-23",1,4.2,3.6
4256,"Студент 4256","ББМО-01-23",3,3.2,4.1
4258,"Студент 4258","ББМО-01-23",1,3.9,3.5
4260,"Студент 4260","ББМО-01-23",1,4.4,3.7
4261,"Студент 4261","ББМО-01-23",4,3.7,4.8
4262,"Студент 4262","ББМО-01-23",3,4.8,4.9
4263,"Студент 4263","ББМО-01-23",1,3.8,3.4
4264,"Студент 4264","ББМО-01-23",4,4,5
4265,"Студент 4265","ББМО-01-23",4,3.9,5
4266,"Студент 4266","ББМО-01-23",3,4.4,4.7
4267,"Студент 4267","ББМО-01-23",1,3.2,3.1
4270,"Студент 4270","ББМО-01-23",4,3.1,4.5
4271,"Студент 4271","ББМО-01-23",1,3.6,3.3
4273,"Студент 4273","ББМО-01-23",2,3.7,3.9
4274,"Студент 4274","ББМО-01-23",2,3.3,3.6
4275,"Студент 4275","ББМО-01-23",4,4.4,5.2
4277,"Студент 4277","ББМО-01-23",2,3.4,3.7
4279,"Студент 4279","ББМО-01-23",3,3.4,4.2
4280,"Студент 4280","ББМО-01-23",2,4.8,4.4
4281,"Студент 4281","ББМО-01-23",4,3.9,5
4282,"Студент 4282","ББМО-01-23",4,3.8,4.9
4284,"Студент 4284","ББМО-01-23",4,4.1,5
4287,"Студент 4287","ББМО-01-23",3,3.9,4.5
4289,"Студент 4289","ББМО-01-23",1,3.5,3.3
4290,"Студент 4290","ББМО-01-23",1,5,4
4294,"Студент 4294","ББМО-01-23",1,4.3,3.6
4295,"Студент 4295","ББМО-01-23",3,3.8,4.4
4297,"Студент 4297","ББМО-01-23",3,3.9,4.5
4298,"Студент 4298","ББМО-01-23",4,4.2,5.1
4301,"Студент 4301","ББМО-01-23",1,4.2,3.6
4302,"Студент 4302","ББМО-01-23",4,3.5,4.8
4303,"Студент 4303","ББМО-01-23",4,4.5,5.3
4305,"Студент 4305","ББМО-01-23",2,3.5,3.8
4307,"Студент 4307","ББМО-01-23",2,4.3,4.2
4308,"Студент 4308","ББМО-01-23",1,3.7,3.4
4310,"Студент 4310","ББМО-01-23",1,4.5,3.8
4312,"Студент 4312","ББМО-01-23",1,3.8,3.4
4313,"Студент 4313","ББМО-01-23",3,3.7,4.3
4314,"Студент 4314","ББМО-01-23",2,3.3,3.6
4315,"Студент 4315","ББМО-01-23",3,3.1,4
4318,"Студент 4318","ББМО-01-23",1,3.8,3.4
4320,"Студент 4320","ББМО-01-23",4,3.3,4.7
4322,"Студент 4322","ББМО-01-23",2,3.1,3.5
4323,"Студент 4323","ББМО-01-23",4,3.9,5
4324,"Студент 4324","ББМО-01-23",3,3.7,4.3
4325,"Студент 4325","ББМО-01-23",3,4,4.5
4326,"Студент 4326","ББМО-01-23",3,3.4,4.2
4328,"Студент 4328","ББМО-01-23",1,4.9,4
4329,"Студент 4329","ББМО-01-23",3,4.1,4.5
4332,"Студент 4332","ББМО-01-23",2,4.4,4.2
4333,"Студент 4333","ББМО-01-23",4,3.8,4.9
4335,"Студент 4335","ББМО-01-23",4,4.4,5.2
4336,"Студент 4336","ББМО-01-23",1,4.6,3.8
4337,"Студент 4337","ББМО-01-23",3,4.6,4.8
4338,"Студент 4338","ББМО-01-23",4,3.5,4.8
4339,"Студент 4339","ББМО-01-23",2,4.5,4.3
4340,"Студент 4340","ББМО-01-23",4,3.8,4.9
4341,"Студент 4341","ББМО-01-23",1,3.2,3.1
4342,"Студент 4342","ББМО-01-23",1,3.1,3
4344,"Студент 4344","ББМО-01-23",2,4.1,4
4347,"Студент 4347","ББМО-01-23",1,3.2,3.1
4349,"Студент 4349","ББМО-01-23",3,3.6,4.3
4350,"Студент 4350","ББМО-01-23",2,3.7,3.9
4351,"Студент 4351","ББМО-01-23",1,3.5,3.3
4352,"Студент 4352","ББМО-01-23",4,4.8,5.4
4355,"Студент 4355","ББМО-01-23",4,3.3,4.7
4356,"Студент 4356","ББМО-01-23",1,4.6,3.8
4359,"Студент 4359","ББМО-01-23",2,4.6,4.3
4360,"Студент 4360","ББМО-01-23",2,4.8,4.4
4361,"Студент 4361","ББМО-01-23",4,4.2,5.1
4362,"Студент 4362","ББМО-01-23",2,3.8,3.9
4363,"Студент 4363","ББМО-01-23",4,3.4,4.7
4366,"Студент 4366","ББМО-01-23",3,4,4.5
4367,"Студент 4367","ББМО-01-23",3,3.6,4.3
4369,"Студент 4369","ББМО-01-23",1,3.2,3.1
4370,"Студент 4370","ББМО-01-23",4,4.5,5.3
4373,"Студент 4373","ББМО-01-23",4,3.7,4.8
4374,"Студент 4374","ББМО-01-23",4,4.9,5.5
4375,"Студент 4375","ББМО-01-23",1,3.6,3.3
4376,"Студент 4376","ББМО-01-23",4,4.3,5.2
4377,"Студент 4377","ББМО-01-23",2,4.8,4.4
4378,"Студент 4378","ББМО-01-23",3,4.5,4.8
4380,"Студент 4380","ББМО-01-23",4,3.7,4.8
4381,"Студент 4381","ББМО-01-23",1,4.4,3.7
4382,"Студент 4382","ББМО-01-23",2,3.1,3.5
4384,"Студент 4384","ББМО-01-23",4,4.5,5.3
4386,"Студент 4386","ББМО-01-23",3,3.7,4.3
4387,"Студент 4387","ББМО-01-23",2,3.9,4
4390,"Студент 4390","ББМО-01-23",3,3.2,4.1
4391,"Студент 4391","ББМО-01-23",1,4.3,3.6
4392,"Студент 4392","ББМО-01-23",1,3.6,3.3
4393,"Студент 4393","ББМО-01-23",4,3.9,5
4394,"Студент 4394","ББМО-01-23",4,3.3,4.7
4395,"Студент 4395","ББМО-01-23",2,3.1,3.5
4396,"Студент 4396","ББМО-01-23",4,3.4,4.7
4402,"Студент 4402","ББМО-01-23",2,4,4
4403,"Студент 4403","ББМО-01-23",4,4.7,5.3
4404,"Студент 4404","ББМО-01-23",2,4.2,4.1
4405,"Студент 4405","ББМО-01-23",1,4.1,3.5
4406,"Студент 4406","ББМО-01-23",1,3.4,3.2
4407,"Студент 4407","ББМО-01-23",1,3.6,3.3
4408,"Студент 4408","ББМО-01-23",1,4.7,3.9
4411,"Студент 4411","ББМО-01-23",3,3.7,4.3
4412,"Студент 4412","ББМО-01-23",3,3.9,4.5
4419,"Студент 4419","ББМО-01-23",2,3.8,3.9
4422,"Студент 4422","ББМО-01-23",3,3.4,4.2
4425,"Студент 4425","ББМО-01-23",2,4.9,4.5
4426,"Студент 4426","ББМО-01-23",4,3.8,4.9
4427,"Студент 4427","ББМО-01-23",3,4.2,4.6
4430,"Студент 4430","ББМО-01-23",3,4.6,4.8
4432,"Студент 4432","ББМО-01-23",4,3.9,5
4433,"Студент 4433","ББМО-01-23",3,4.8,4.9
4436,"Студент 4436","ББМО-01-23",4,4.7,5.3
4437,"Студент 4437","ББМО-01-23",2,4.4,4.2
4438,"Студент 4438","ББМО-01-23",2,4.9,4.5
4440,"Студент 4440","ББМО-01-23",1,4.2,3.6
4441,"Студент 4441","ББМО-01-23",1,4.9,4
4443,"Студент 4443","ББМО-01-23",4,3.2,4.6
4444,"Студент 4444","ББМО-01-23",4,3.4,4.7
4445,"Студент 4445","ББМО-01-23",1,3.1,3
4446,"Студент 4446","ББМО-01-23",3,4.5,4.8
4450,"Студент 4450","ББМО-01-23",2,4.7,4.3
4451,"Студент 4451","ББМО-01-23",4,3.5,4.8
4455,"Студент 4455","ББМО-01-23",1,3.1,3
4456,"Студент 4456","ББМО-01-23",3,4.7,4.8
4459,"Студент 4459","ББМО-01-23",2,4.8,4.4
4460,"Студент 4460","ББМО-01-23",4,4.3,5.2
4462,"Студент 4462","ББМО-01-23",1,4,3.5
4463,"Студент 4463","ББМО-01-23",2,3.2,3.6
4465,"Студент 4465","ББМО-01-23",4,3.1,4.5
4466,"Студент 4466","ББМО-01-23",1,4.3,3.6
4468,"Студент 4468","ББМО-01-23",1,4.6,3.8
4469,"Студент 4469","ББМО-01-23",1,3.7,3.4
4471,"Студент 4471","ББМО-01-23",3,4.8,4.9
4472,"Студент 4472","ББМО-01-23",2,4.4,4.2
4474,"Студент 4474","ББМО-01-23",1,4.1,3.5
4475,"Студент 4475","ББМО-01-23",2,3.1,3.5
4477,"Студент 4477","ББМО-01-23",2,4.1,4
4478,"Студент 4478","ББМО-01-23",2,4.9,4.5
4479,"Студент 4479","ББМО-01-23",3,4.5,4.8
4480,"Студент 4480","ББМО-01-23",3,3.5,4.3
4481,"Студент 4481","ББМО-01-23",3,4.3,4.7
4483,"Студент 4483","ББМО-01-23",2,3.6,3.8
4484,"Студент 4484","ББМО-01-23",2,3.8,3.9
4485,"Студент 4485","ББМО-01-23",4,3.5,4.8
4494,"Студент 4494","ББМО-01-23",1,3.8,3.4
4496,"Студент 4496","ББМО-01-23",4,3.4,4.7
4497,"Студент 4497","ББМО-01-23",2,3.6,3.8
4498,"Студент 4498","ББМО-01-23",1,3.8,3.4
4499,"Студент 4499","ББМО-01-23",4,4.5,5.3
4501,"Студент 4501","ББМО-01-23",3,3.9,4.5
4502,"Студент 4502","ББМО-01-23",3,3.3,4.2
4503,"Студент 4503","ББМО-01-23",1,4,3.5
4505,"Студент 4505","ББМО-01-23",2,4.4,4.2
4506,"Студент 4506","ББМО-01-23",4,5,5.5
4507,"Студент 4507","ББМО-01-23",1,4.8,3.9
4509,"Студент 4509","ББМО-01-23",2,4.4,4.2
4512,"Студент 4512","ББМО-01-23",1,4.4,3.7
4515,"Студент 4515","ББМО-01-23",2,4.7,4.3
4516,"Студент 4516","ББМО-01-23",1,5,4
4518,"Студент 4518","ББМО-01-23",1,4.1,3.5
4519,"Студент 4519","ББМО-01-23",1,4.4,3.7
4520,"Студент 4520","ББМО-01-23",4,4.8,5.4
4521,"Студент 4521","ББМО-01-23",3,3.7,4.3
4522,"Студент 4522","ББМО-01-23",3,3.5,4.3
4523,"Студент 4523","ББМО-01-23",1,4.2,3.6
4526,"Студент 4526","ББМО-01-23",1,4.3,3.6
4528,"Студент 4528","ББМО-01-23",1,4.6,3.8
4530,"Студент 4530","ББМО-01-23",3,4.1,4.5
4531,"Студент 4531","ББМО-01-23",3,3.7,4.3
4532,"Студент 4532","ББМО-01-23",1,3.9,3.5
4533,"Студент 4533","ББМО-01-23",2,4.2,4.1
4535,"Студент 4535","ББМО-01-23",3,3.3,4.2
4537,"Студент 4537","ББМО-01-23",4,3.9,5
4538,"Студент 4538","ББМО-01-23",2,3.2,3.6
4540,"Студент 4540","ББМО-01-23",2,4.6,4.3
4541,"Студент 4541","ББМО-01-23",1,4.2,3.6
4542,"Студент 4542","ББМО-01-23",1,4.9,4
4544,"Студент 4544","ББМО-01-23",4,3.3,4.7
4545,"Студент 4545","ББМО-01-23",2,3.2,3.6
4546,"Студент 4546","ББМО-01-23",1,3.2,3.1
4547,"Студент 4547","ББМО-01-23",2,3.3,3.6
4549,"Студент 4549","ББМО-01-23",4,4.6,5.3
4550,"Студент 4550","ББМО-01-23",1,3.9,3.5
4552,"Студент 4552","ББМО-01-23",1,4.7,3.9
4554,"Студент 4554","ББМО-01-23",3,3.1,4
4555,"Студент 4555","ББМО-01-23",2,4.4,4.2
4556,"Студент 4556","ББМО-01-23",1,3.7,3.4
4558,"Студент 4558","ББМО-01-23",1,4.8,3.9
4559,"Студент 4559","ББМО-01-23",2,4.8,4.4
4560,"Студент 4560","ББМО-01-23",2,4.6,4.3
4561,"Студент 4561","ББМО-01-23",1,3.9,3.5
4563,"Студент 4563","ББМО-01-23",3,3.3,4.2
4564,"Студент 4564","ББМО-01-23",3,3.6,4.3
4565,"Студент 4565","ББМО-01-23",4,3.9,5
4567,"Студент 4567","ББМО-01-23",1,3.6,3.3
4568,"Студент 4568","ББМО-01-23",1,4.1,3.5
4569,"Студент 4569","ББМО-01-23",1,3.9,3.5
4570,"Студент 4570","ББМО-01-23",4,4.5,5.3
4571,"Студент 4571","ББМО-01-23",4,4.1,5
4573,"Студент 4573","ББМО-01-23",2,3.9,4
4575,"Студент 4575","ББМО-01-23",4,4.5,5.3
4576,"Студент 4576","ББМО-01-23",3,4.3,4.7
4577,"Студент 4577","ББМО-01-23",4,4.9,5.5
4578,"Студент 4578","ББМО-01-23",3,3.3,4.2
4580,"Студент 4580","ББМО-01-23",3,3.5,4.3
4583,"Студент 4583","ББМО-01-23",2,3.7,3.9
4585,"Студент 4585","ББМО-01-23",2,3.7,3.9
4586,"Студент 4586","ББМО-01-23",4,4.7,5.3
4588,"Студент 4588","ББМО-01-23",1,3.2,3.1
4589,"Студент 4589","ББМО-01-23",3,4.2,4.6
4590,"Студент 4590","ББМО-01-23",2,3.2,3.6
4591,"Студент 4591","ББМО-01-23",3,3.9,4.5
4592,"Студент 4592","ББМО-01-23",3,3.7,4.3
4593,"Студент 4593","ББМО-01-23",4,3.9,5
4595,"Студент 4595","ББМО-01-23",4,3.8,4.9
4596,"Студент 4596","ББМО-01-23",1,3.8,3.4
4599,"Студент 4599","ББМО-01-23",3,4.2,4.6
4600,"Студент 4600","ББМО-01-23",3,3.8,4.4
4602,"Студент 4602","ББМО-01-23",1,3.6,3.3
4603,"Студент 4603","ББМО-01-23",4,3.5,4.8
4604,"Студент 4604","ББМО-01-23",1,4.3,3.6
4605,"Студент 4605","ББМО-01-23",1,3.1,3
4606,"Студент 4606","ББМО-01-23",3,4,4.5
4607,"Студент 4607","ББМО-01-23",2,4.5,4.3
4608,"Студент 4608","ББМО-01-23",3,4,4.5
4609,"Студент 4609","ББМО-01-23",2,3.1,3.5
4611,"Студент 4611","ББМО-01-23",2,3.6,3.8
4612,"Студент 4612","ББМО-01-23",2,4.4,4.2
4614,"Студент 4614","ББМО-01-23",3,3.9,4.5
4615,"Студент 4615","ББМО-01-23",1,3.8,3.4
4617,"Студент 4617","ББМО-01-23",1,4.5,3.8
4618,"Студент 4618","ББМО-01-23",2,4.4,4.2
4619,"Студент 4619","ББМО-01-23",1,3.2,3.1
4620,"Студент 4620","ББМО-01-23",2,4.6,4.3
4621,"Студент 4621","ББМО-01-23",1,4.7,3.9
4623,"Студент 4623","ББМО-01-23",3,3.5,4.3
4624,"Студент 4624","ББМО-01-23",1,3.6,3.3
4625,"Студент 4625","ББМО-01-23",4,4,5
4626,"Студент 4626","ББМО-01-23",4,5,5.5
4627,"Студент 4627","ББМО-01-23",2,3.8,3.9
4629,"Студент 4629","ББМО-01-23",4,3.5,4.8
4630,"Студент 4630","ББМО-01-23",2,5,4.5
4631,"Студент 4631","ББМО-01-23",4,4,5
4632,"Студент 4632","ББМО-01-23",1,4.6,3.8
4637,"Студент 4637","ББМО-01-23",2,4.5,4.3
4639,"Студент 4639","ББМО-01-23",2,3.3,3.6
4641,"Студент 4641","ББМО-01-23",4,5,5.5
4642,"Студент 4642","ББМО-01-23",2,4.7,4.3
4643,"Студент 4643","ББМО-01-23",2,4.3,4.2
4644,"Студент 4644","ББМО-01-23",3,3.9,4.5
4645,"Студент 4645","ББМО-01-23",3,3.1,4
4647,"Студент 4647","ББМО-01-23",2,3.9,4
4648,"Студент 4648","ББМО-01-23",4,4.5,5.3
4650,"Студент 4650","ББМО-01-23",2,3.4,3.7
4651,"Студент 4651","ББМО-01-23",1,3.7,3.4
4652,"Студент 4652","ББМО-01-23",1,4.2,3.6
4653,"Студент 4653","ББМО-01-23",4,4.4,5.2
4654,"Студент 4654","ББМО-01-23",2,3.6,3.8
4655,"Студент 4655","ББМО-01-23",1,3.6,3.3
4656,"Студент 4656","ББМО-01-23",3,4.2,4.6
4657,"Студент 4657","ББМО-01-23",3,4,4.5
4659,"Студент 4659","ББМО-01-23",3,4.2,4.6
4660,"Студент 4660","ББМО-01-23",2,3.9,4
4661,"Студент 4661","ББМО-01-23",1,3.1,3
4662,"Студент 4662","ББМО-01-23",4,4.6,5.3
4663,"Студент 4663","ББМО-01-23",4,4.8,5.4
4664,"Студент 4664","ББМО-01-23",2,4.4,4.2
4666,"Студент 4666","ББМО-01-23",1,3.6,3.3
4667,"Студент 4667","ББМО-01-23",2,4.2,4.1
4669,"Студент 4669","ББМО-01-23",3,3.2,4.1
4670,"Студент 4670","ББМО-01-23",3,3.2,4.1
4671,"Студент 4671","ББМО-01-23",3,3.1,4
4674,"Студент 4674","ББМО-01-23",2,3.8,3.9
4675,"Студент 4675","ББМО-01-23",2,4.4,4.2
4677,"Студент 4677","ББМО-01-23",3,3.7,4.3
4678,"Студент 4678","ББМО-01-23",2,3.9,4
4680,"Студент 4680","ББМО-01-23",2,3.9,4
4681,"Студент 4681","ББМО-01-23",1,4.6,3.8
4682,"Студент 4682","ББМО-01-23",3,3.2,4.1
4683,"Студент 4683","ББМО-01-23",2,3.2,3.6
4685,"Студент 4685","ББМО-01-23",3,4,4.5
4686,"Студент 4686","ББМО-01-23",4,4.5,5.3
4687,"Студент 4687","ББМО-01-23",3,3.9,4.5
4688,"Студент 4688","ББМО-01-23",1,3.1,3
4689,"Студент 4689","ББМО-01-23",3,4.2,4.6
4692,"Студент 4692","ББМО-01-23",2,4.8,4.4
4693,"Студент 4693","ББМО-01-23",3,4.2,4.6
4694,"Студент 4694","ББМО-01-23",4,3.9,5
4696,"Студент 4696","ББМО-01-23",3,4.1,4.5
4698,"Студент 4698","ББМО-01-23",3,4.6,4.8
4699,"Студент 4699","ББМО-01-23",2,4.1,4
4701,"Студент 4701","ББМО-01-23",2,4.5,4.3
4703,"Студент 4703","ББМО-01-23",1,3.2,3.1
4705,"Студент 4705","ББМО-01-23",4,4.5,5.3
4706,"Студент 4706","ББМО-01-23",3,5,5
4710,"Студент 4710","ББМО-01-23",2,4.3,4.2
4712,"Студент 4712","ББМО-01-23",3,4.8,4.9
4713,"Студент 4713","ББМО-01-23",4,3.6,4.8
4714,"Студент 4714","ББМО-01-23",1,3.2,3.1
4715,"Студент 4715","ББМО-01-23",4,3.3,4.7
4717,"Студент 4717","ББМО-01-23",3,3.4,4.2
4718,"Студент 4718","ББМО-01-23",2,4.7,4.3
4720,"Студент 4720","ББМО-01-23",2,3.1,3.5
4721,"Студент 4721","ББМО-01-23",2,4.2,4.1
4722,"Студент 4722","ББМО-01-23",3,3.2,4.1
4723,"Студент 4723","ББМО-01-23",4,4.7,5.3
4727,"Студент 4727","ББМО-01-23",2,4.8,4.4
4728,"Студент 4728","ББМО-01-23",1,5,4
4729,"Студент 4729","ББМО-01-23",4,4.8,5.4
4732,"Студент 4732","ББМО-01-23",1,3.3,3.1
4733,"Студент 4733","ББМО-01-23",2,3.1,3.5
4738,"Студент 4738","ББМО-01-23",1,4.7,3.9
4739,"Студент 4739","ББМО-01-23",3,3.6,4.3
4741,"Студент 4741","ББМО-01-23",3,3.2,4.1
4742,"Студент 4742","ББМО-01-23",3,3.5,4.3
4743,"Студент 4743","ББМО-01-23",3,4.2,4.6
4744,"Студент 4744","ББМО-01-23",4,4.8,5.4
4745,"Студент 4745","ББМО-01-23",1,5,4
4746,"Студент 4746","ББМО-01-23",1,4.2,3.6
4751,"Студент 4751","ББМО-01-23",3,4.5,4.8
4752,"Студент 4752","ББМО-01-23",4,4.6,5.3
4753,"Студент 4753","ББМО-01-23",2,4.6,4.3
4754,"Студент 4754","ББМО-01-23",4,3.7,4.8
4755,"Студент 4755","ББМО-01-23",1,3.8,3.4
4756,"Студент 4756","ББМО-01-23",1,4.4,3.7
4757,"Студент 4757","ББМО-01-23",4,3.9,5
4758,"Студент 4758","ББМО-01-23",1,4.1,3.5
4759,"Студент 4759","ББМО-01-23",1,3.5,3.3
4763,"Студент 4763","ББМО-01-23",3,4.1,4.5
4765,"Студент 4765","ББМО-01-23",4,4.8,5.4
4766,"Студент 4766","ББМО-01-23",1,4.6,3.8
4767,"Студент 4767","ББМО-01-23",2,3.7,3.9
4768,"Студент 4768","ББМО-01-23",4,4.2,5.1
4769,"Студент 4769","ББМО-01-23",3,4.6,4.8
4771,"Студент 4771","ББМО-01-23",2,3.1,3.5
4772,"Студент 4772","ББМО-01-23",3,3.3,4.2
4773,"Студент 4773","ББМО-01-23",2,4.4,4.2
4774,"Студент 4774","ББМО-01-23",3,4.6,4.8
4775,"Студент 4775","ББМО-01-23",1,4.5,3.8
4776,"Студент 4776","ББМО-01-23",3,3.3,4.2
4777,"Студент 4777","ББМО-01-23",2,3.7,3.9
4778,"Студент 4778","ББМО-01-23",3,4.7,4.8
4779,"Студент 4779","ББМО-01-23",1,4.9,4
4780,"Студент 4780","ББМО-01-23",4,4.4,5.2
4782,"Студент 4782","ББМО-01-23",1,4.7,3.9
4783,"Студент 4783","ББМО-01-23",1,5,4
4785,"Студент 4785","ББМО-01-23",2,3.1,3.5
4787,"Студент 4787","ББМО-01-23",3,3.2,4.1
4789,"Студент 4789","ББМО-01-23",2,4.8,4.4
4793,"Студент 4793","ББМО-01-23",1,3.8,3.4
4795,"Студент 4795","ББМО-01-23",4,4.5,5.3
4796,"Студент 4796","ББМО-01-23",1,3.4,3.2
4798,"Студент 4798","ББМО-01-23",1,3.7,3.4
4800,"Студент 4800","ББМО-01-23",2,3.4,3.7
4802,"Студент 4802","ББМО-01-23",1,4.3,3.6
4803,"Студент 4803","ББМО-01-23",3,4.4,4.7
4804,"Студент 4804","ББМО-01-23",4,4.3,5.2
4805,"Студент 4805","ББМО-01-23",4,4.5,5.3
4806,"Студент 4806","ББМО-01-23",3,3.6,4.3
4807,"Студент 4807","ББМО-01-23",3,4.7,4.8
4808,"Студент 4808","ББМО-01-23",3,3.8,4.4
4809,"Студент 4809","ББМО-01-23",1,4.5,3.8
4811,"Студент 4811","ББМО-01-23",3,4.4,4.7
4814,"Студент 4814","ББМО-01-23",3,3.2,4.1
4815,"Студент 4815","ББМО-01-23",2,3.5,3.8
4816,"Студент 4816","ББМО-01-23",3,4.2,4.6
4817,"Студент 4817","ББМО-01-23",2,3.1,3.5
4818,"Студент 4818","ББМО-01-23",2,3.5,3.8
4820,"Студент 4820","ББМО-01-23",1,4.7,3.9
4822,"Студент 4822","ББМО-01-23",1,3.2,3.1
4824,"Студент 4824","ББМО-01-23",3,3.7,4.3
4825,"Студент 4825","ББМО-01-23",4,3.7,4.8
4826,"Студент 4826","ББМО-01-23",1,4,3.5
4828,"Студент 4828","ББМО-01-23",3,3.6,4.3
4829,"Студент 4829","ББМО-01-23",2,3.8,3.9
4830,"Студент 4830","ББМО-01-23",1,3.1,3
4831,"Студент 4831","ББМО-01-23",1,4.9,4
4832,"Студент 4832","ББМО-01-23",2,4.6,4.3
4833,"Студент 4833","ББМО-01-23",1,4.3,3.6
4834,"Студент 4834","ББМО-01-23",2,3.5,3.8
4835,"Студент 4835","ББМО-01-23",3,3.1,4
4837,"Студент 4837","ББМО-01-23",2,4.9,4.5
4838,"Студент 4838","ББМО-01-23",3,4.5,4.8
4839,"Студент 4839","ББМО-01-23",3,5,5
4840,"Студент 4840","ББМО-01-23",3,4.3,4.7
4841,"Студент 4841","ББМО-01-23",4,3.4,4.7
4845,"Студент 4845","ББМО-01-23",2,4,4
4847,"Студент 4847","ББМО-01-23",4,4.5,5.3
4848,"Студент 4848","ББМО-01-23",2,3.9,4
4849,"Студент 4849","ББМО-01-23",2,3.4,3.7
4850,"Студент 4850","ББМО-01-23",4,3.9,5
4851,"Студент 4851","ББМО-01-23",1,4.8,3.9
4853,"Студент 4853","ББМО-01-23",2,4.1,4
4854,"Студент 4854","ББМО-01-23",1,3.6,3.3
4855,"Студент 4855","ББМО-01-23",4,4.4,5.2
4856,"Студент 4856","ББМО-01-23",4,3.6,4.8
4857,"Студент 4857","ББМО-01-23",2,4,4
4858,"Студент 4858","ББМО-01-23",4,4.7,5.3
4859,"Студент 4859","ББМО-01-23",2,3.6,3.8
4860,"Студент 4860","ББМО-01-23",4,3.5,4.8
4862,"Студент 4862","ББМО-01-23",4,4.8,5.4
4863,"Студент 4863","ББМО-01-23",3,3.7,4.3
4865,"Студент 4865","ББМО-01-23",1,3.1,3
4871,"Студент 4871","ББМО-01-23",4,4.9,5.5
4872,"Студент 4872","ББМО-01-23",3,3.8,4.4
4875,"Студент 4875","ББМО-01-23",4,4.2,5.1
4876,"Студент 4876","ББМО-01-23",3,4.4,4.7
4877,"Студент 4877","ББМО-01-23",1,3.1,3
4878,"Студент 4878","ББМО-01-23",3,4.6,4.8
4879,"Студент 4879","ББМО-01-23",3,3.1,4
4880,"Студент 4880","ББМО-01-23",3,3.3,4.2
4881,"Студент 4881","ББМО-01-23",3,3.6,4.3
4882,"Студент 4882","ББМО-01-23",1,3.6,3.3
4884,"Студент 4884","ББМО-01-23",2,4.6,4.3
4885,"Студент 4885","ББМО-01-23",4,3.6,4.8
4887,"Студент 4887","ББМО-01-23",3,4.6,4.8
4888,"Студент 4888","ББМО-01-23",3,5,5
4889,"Студент 4889","ББМО-01-23",4,3.2,4.6
4892,"Студент 4892","ББМО-01-23",3,5,5
4893,"Студент 4893","ББМО-01-23",2,4.3,4.2
4894,"Студент 4894","ББМО-01-23",3,4.4,4.7
4895,"Студент 4895","ББМО-01-23",2,3.4,3.7
4896,"Студент 4896","ББМО-01-23",3,3.3,4.2
4898,"Студент 4898","ББМО-01-23",2,3.3,3.6
4899,"Студент 4899","ББМО-01-23",2,4.8,4.4
4900,"Студент 4900","ББМО-01-23",2,4.3,4.2
4904,"Студент 4904","ББМО-01-23",3,4.9,5
4907,"Студент 4907","ББМО-01-23",4,4.1,5
4908,"Студент 4908","ББМО-01-23",4,4.6,5.3
4910,"Студент 4910","ББМО-01-23",2,4.3,4.2
4911,"Студент 4911","ББМО-01-23",3,4.4,4.7
4912,"Студент 4912","ББМО-01-23",2,3.4,3.7
4913,"Студент 4913","ББМО-01-23",3,4.2,4.6
4915,"Студент 4915","ББМО-01-23",1,4.8,3.9
4916,"Студент 4916","ББМО-01-23",4,4.6,5.3
4918,"Студент 4918","ББМО-01-23",1,4.8,3.9
4919,"Студент 4919","ББМО-01-23",3,5,5
4920,"Студент 4920","ББМО-01-23",1,3.7,3.4
4921,"Студент 4921","ББМО-01-23",1,4.7,3.9
4922,"Студент 4922","ББМО-01-23",2,4.3,4.2
4923,"Студент 4923","ББМО-01-23",4,4.5,5.3
4925,"Студент 4925","ББМО-01-23",2,3.3,3.6
4927,"Студент 4927","ББМО-01-23",1,3.9,3.5
4928,"Студент 4928","ББМО-01-23",4,3.7,4.8
4929,"Студент 4929","ББМО-01-23",4,3.3,4.7
4930,"Студент 4930","ББМО-01-23",1,4,3.5
4931,"Студент 4931","ББМО-01-23",1,4.9,4
4932,"Студент 4932","ББМО-01-23",2,3.4,3.7
4933,"Студент 4933","ББМО-01-23",4,4.8,5.4
4934,"Студент 4934","ББМО-01-23",3,3.2,4.1
4935,"Студент 4935","ББМО-01-23",4,3.3,4.7
4936,"Студент 4936","ББМО-01-23",2,3.1,3.5
4939,"Студент 4939","ББМО-01-23",4,3.8,4.9
4940,"Студент 4940","ББМО-01-23",3,3.8,4.4
4942,"Студент 4942","ББМО-01-23",3,3.3,4.2
4943,"Студент 4943","ББМО-01-23",1,5,4
4944,"Студент 4944","ББМО-01-23",4,3.7,4.8
4945,"Студент 4945","ББМО-01-23",1,4.2,3.6
4947,"Студент 4947","ББМО-01-23",4,3.8,4.9
4951,"Студент 4951","ББМО-01-23",4,3.7,4.8
4953,"Студент 4953","ББМО-01-23",4,3.9,5
4954,"Студент 4954","ББМО-01-23",3,3.4,4.2
4956,"Студент 4956","ББМО-01-23",1,4.8,3.9
4957,"Студент 4957","ББМО-01-23",3,3.8,4.4
4959,"Студент 4959","ББМО-01-23",1,4.2,3.6
4962,"Студент 4962","ББМО-01-23",3,3.7,4.3
4967,"Студент 4967","ББМО-01-23",4,3.9,5
4968,"Студент 4968","ББМО-01-23",3,3.1,4
4969,"Студент 4969","ББМО-01-23",2,3.7,3.9
4970,"Студент 4970","ББМО-01-23",2,4.3,4.2
4971,"Студент 4971","ББМО-01-23",3,3.3,4.2
4973,"Студент 4973","ББМО-01-23",4,3.8,4.9
4974,"Студент 4974","ББМО-01-23",3,3.5,4.3
4975,"Студент 4975","ББМО-01-23",1,4.3,3.6
4976,"Студент 4976","ББМО-01-23",2,4.3,4.2
4977,"Студент 4977","ББМО-01-23",3,4.7,4.8
4981,"Студент 4981","ББМО-01-23",3,4.5,4.8
4983,"Студент 4983","ББМО-01-23",4,3.1,4.5
4984,"Студент 4984","ББМО-01-23",4,4.8,5.4
4986,"Студент 4986","ББМО-01-23",3,4.8,4.9
4987,"Студент 4987","ББМО-01-23",3,4.9,5
4988,"Студент 4988","ББМО-01-23",4,3.7,4.8
4989,"Студент 4989","ББМО-01-23",3,3.8,4.4
4990,"Студент 4990","ББМО-01-23",1,3.2,3.1
4992,"Студент 4992","ББМО-01-23",1,4.8,3.9
4993,"Студент 4993","ББМО-01-23",1,4.7,3.9
4995,"Студент 4995","ББМО-01-23",4,3.5,4.8
4997,"Студент 4997","ББМО-01-23",2,4.6,4.3
5000,"Студент 5000","ББМО-01-23",2,4.5,4.3
5004,"Студент 5004","ББМО-01-23",1,3.7,3.4
5006,"Студент 5006","ББМО-01-23",2,4.3,4.2
5008,"Студент 5008","ББМО-01-23",2,3.7,3.9
5009,"Студент 5009","ББМО-01-23",2,3.1,3.5
5010,"Студент 5010","ББМО-01-23",2,4.9,4.5
5012,"Студент 5012","ББМО-01-23",1,4.4,3.7
5015,"Студент 5015","ББМО-01-23",1,3.3,3.1
5016,"Студент 5016","ББМО-01-23",3,4.6,4.8
5017,"Студент 5017","ББМО-01-23",4,3.3,4.7
5021,"Студент 5021","ББМО-01-23",1,3.7,3.4
5024,"Студент 5024","ББМО-01-23",3,3.2,4.1
5025,"Студент 5025","ББМО-01-23",4,3.5,4.8
5027,"Студент 5027","ББМО-01-23",3,4.4,4.7
5028,"Студент 5028","ББМО-01-23",2,4,4
5029,"Студент 5029","ББМО-01-23",1,4.1,3.5
5030,"Студент 5030","ББМО-01-23",3,4.6,4.8
5031,"Студент 5031","ББМО-01-23",3,4.8,4.9
5032,"Студент 5032","ББМО-01-23",4,4.2,5.1
5033,"Студент 5033","ББМО-01-23",2,3.9,4
5036,"Студент 5036","ББМО-01-23",4,3.3,4.7
5037,"Студент 5037","ББМО-01-23",1,4.3,3.6
5038,"Студент 5038","ББМО-01-23",2,3.8,3.9
5040,"Студент 5040","ББМО-01-23",2,4.6,4.3
5041,"Студент 5041","ББМО-01-23",4,3.2,4.6
5043,"Студент 5043","ББМО-01-23",1,3.1,3
5044,"Студент 5044","ББМО-01-23",2,4.2,4.1
5045,"Студент 5045","ББМО-01-23",3,4.1,4.5
5046,"Студент 5046","ББМО-01-23",3,3.9,4.5
5047,"Студент 5047","ББМО-01-23",2,3.2,3.6
5048,"Студент 5048","ББМО-01-23",2,3.4,3.7
5049,"Студент 5049","ББМО-01-23",3,4,4.5
5052,"Студент 5052","ББМО-01-23",3,4.3,4.7
5053,"Студент 5053","ББМО-01-23",2,3.2,3.6
5056,"Студент 5056","ББМО-01-23",1,4.3,3.6
5057,"Студент 5057","ББМО-01-23",1,4.1,3.5
5058,"Студент 5058","ББМО-01-23",1,4.3,3.6
5059,"Студент 5059","ББМО-01-23",4,4.9,5.5
5060,"Студент 5060","ББМО-01-23",2,4.8,4.4
5061,"Студент 5061","ББМО-01-23",4,3.2,4.6
5062,"Студент 5062","ББМО-01-23",4,3.4,4.7
5066,"Студент 5066","ББМО-01-23",1,3.2,3.1
5067,"Студент 5067","ББМО-01-23",3,3.3,4.2
5068,"Студент 5068","ББМО-01-23",2,4.9,4.5
5070,"Студент 5070","ББМО-01-23",3,3.5,4.3
5071,"Студент 5071","ББМО-01-23",4,4.8,5.4
5072,"Студент 5072","ББМО-01-23",2,3.3,3.6
5074,"Студент 5074","ББМО-01-23",2,4.4,4.2
5077,"Студент 5077","ББМО-01-23",1,3.2,3.1
5078,"Студент 5078","ББМО-01-23",1,4.4,3.7
5079,"Студент 5079","ББМО-01-23",2,4.4,4.2
5084,"Студент 5084","ББМО-01-23",1,4.2,3.6
5085,"Студент 5085","ББМО-01-23",3,3.5,4.3
5087,"Студент 5087","ББМО-01-23",4,4.7,5.3
5088,"Студент 5088","ББМО-01-23",4,4.7,5.3
5090,"Студент 5090","ББМО-01-23",4,4.9,5.5
5092,"Студент 5092","ББМО-01-23",2,3.1,3.5
5093,"Студент 5093","ББМО-01-23",2,4.7,4.3
5094,"Студент 5094","ББМО-01-23",3,3.8,4.4
5095,"Студент 5095","ББМО-01-23",1,3.2,3.1
5096,"Студент 5096","ББМО-01-23",1,4.6,3.8
5097,"Студент 5097","ББМО-01-23",1,4.9,4
5098,"Студент 5098","ББМО-01-23",3,3.5,4.3
5099,"Студент 5099","ББМО-01-23",1,3.5,3.3
5100,"Студент 5100","ББМО-01-23",2,5,4.5
5101,"Студент 5101","ББМО-01-23",2,4.9,4.5
5102,"Студент 5102","ББМО-01-23",2,3.6,3.8
5103,"Студент 5103","ББМО-01-23",1,4.4,3.7
5105,"Студент 5105","ББМО-01-23",4,3.6,4.8
5106,"Студент 5106","ББМО-01-23",3,4,4.5
5108,"Студент 5108","ББМО-01-23",1,3.9,3.5
5110,"Студент 5110","ББМО-01-23",1,3.4,3.2
5114,"Студент 5114","ББМО-01-23",1,3.2,3.1
5115,"Студент 5115","ББМО-01-23",4,4.3,5.2
5116,"Студент 5116","ББМО-01-23",1,4.5,3.8
5117,"Студент 5117","ББМО-01-23",4,3.8,4.9
5118,"Студент 5118","ББМО-01-23",1,4.7,3.9
5120,"Студент 5120","ББМО-01-23",3,3.4,4.2
5122,"Студент 5122","ББМО-01-23",2,3.2,3.6
5126,"Студент 5126","ББМО-01-23",1,3.8,3.4
5127,"Студент 5127","ББМО-01-23",3,4.8,4.9
5128,"Студент 5128","ББМО-01-23",4,4.8,5.4
5129,"Студент 5129","ББМО-01-23",4,4.6,5.3
5130,"Студент 5130","ББМО-01-23",2,3.3,3.6
5131,"Студент 5131","ББМО-01-23",3,3.4,4.2
5132,"Студент 5132","ББМО-01-23",1,4.5,3.8
5133,"Студент 5133","ББМО-01-23",3,3.6,4.3
5134,"Студент 5134","ББМО-01-23",4,3.1,4.5
5136,"Студент 5136","ББМО-01-23",1,4.1,3.5
5137,"Студент 5137","ББМО-01-23",4,3.6,4.8
5138,"Студент 5138","ББМО-01-23",4,4.1,5
5140,"Студент 5140","ББМО-01-23",3,4.9,5
5141,"Студент 5141","ББМО-01-23",2,3.8,3.9
5143,"Студент 5143","ББМО-01-23",3,3.3,4.2
5145,"Студент 5145","ББМО-01-23",4,4.8,5.4
5146,"Студент 5146","ББМО-01-23",3,3.3,4.2
5149,"Студент 5149","ББМО-01-23",2,3.8,3.9
5152,"Студент 5152","ББМО-01-23",2,3.8,3.9
5154,"Студент 5154","ББМО-01-23",3,3.3,4.2
5155,"Студент 5155","ББМО-01-23",4,3.4,4.7
5156,"Студент 5156","ББМО-01-23",4,4,5
5157,"Студент 5157","ББМО-01-23",3,4.1,4.5
5158,"Студент 5158","ББМО-01-23",4,4.2,5.1
5160,"Студент 5160","ББМО-01-23",2,4.1,4
5161,"Студент 5161","ББМО-01-23",4,3.1,4.5
5163,"Студент 5163","ББМО-01-23",1,3.4,3.2
5165,"Студент 5165","ББМО-01-23",3,4.7,4.8
5166,"Студент 5166","ББМО-01-23",2,4.8,4.4
5171,"Студент 5171","ББМО-01-23",2,3.6,3.8
5173,"Студент 5173","ББМО-01-23",1,3.2,3.1
5174,"Студент 5174","ББМО-01-23",3,3.9,4.5
5176,"Студент 5176","ББМО-01-23",1,4.5,3.8
5177,"Студент 5177","ББМО-01-23",1,4.6,3.8
5178,"Студент 5178","ББМО-01-23",2,3.7,3.9
5179,"Студент 5179","ББМО-01-23",2,4.1,4
5180,"Студент 5180","ББМО-01-23",2,3.2,3.6
5182,"Студент 5182","ББМО-01-23",4,4.5,5.3
5183,"Студент 5183","ББМО-01-23",1,4,3.5
5184,"Студент 5184","ББМО-01-23",2,3.9,4
5185,"Студент 5185","ББМО-01-23",4,4.2,5.1
5187,"Студент 5187","ББМО-01-23",3,3.2,4.1
5188,"Студент 5188","ББМО-01-23",2,4.6,4.3
5189,"Студент 5189","ББМО-01-23",2,3.6,3.8
5190,"Студент 5190","ББМО-01-23",1,3.1,3
5191,"Студент 5191","ББМО-01-23",3,4.1,4.5
5194,"Студент 5194","ББМО-01-23",4,4.4,5.2
5195,"Студент 5195","ББМО-01-23",4,3.6,4.8
5197,"Студент 5197","ББМО-01-23",4,3.4,4.7
5198,"Студент 5198","ББМО-01-23",1,3.5,3.3
5200,"Студент 5200","ББМО-01-23",1,3.1,3
5201,"Студент 5201","ББМО-01-23",1,3.7,3.4
5202,"Студент 5202","ББМО-01-23",3,4.7,4.8
5205,"Студент 5205","ББМО-01-23",3,4,4.5
5208,"Студент 5208","ББМО-01-23",4,4.1,5
5209,"Студент 5209","ББМО-01-23",3,4.7,4.8
5211,"Студент 5211","ББМО-01-23",4,3.8,4.9
5212,"Студент 5212","ББМО-01-23",2,5,4.5
5214,"Студент 5214","ББМО-01-23",2,3.5,3.8
5216,"Студент 5216","ББМО-01-23",3,3.4,4.2
5218,"Студент 5218","ББМО-01-23",1,4.3,3.6
5219,"Студент 5219","ББМО-01-23",3,3.1,4
5225,"Студент 5225","ББМО-01-23",1,4.5,3.8
5226,"Студент 5226","ББМО-01-23",3,4,4.5
5227,"Студент 5227","ББМО-01-23",1,4.9,4
5228,"Студент 5228","ББМО-01-23",4,3.3,4.7
5232,"Студент 5232","ББМО-01-23",4,4.9,5.5
5234,"Студент 5234","ББМО-01-23",4,3.9,5
5235,"Студент 5235","ББМО-01-23",3,3.4,4.2
5236,"Студент 5236","ББМО-01-23",1,3.2,3.1
5238,"Студент 5238","ББМО-01-23",1,3.2,3.1
5239,"Студент 5239","ББМО-01-23",1,3.4,3.2
5240,"Студент 5240","ББМО-01-23",1,4.2,3.6
5241,"Студент 5241","ББМО-01-23",1,3.5,3.3
5243,"Студент 5243","ББМО-01-23",4,3.6,4.8
5244,"Студент 5244","ББМО-01-23",2,4.9,4.5
5245,"Студент 5245","ББМО-01-23",2,4,4
5247,"Студент 5247","ББМО-01-23",3,4.6,4.8
5248,"Студент 5248","ББМО-01-23",2,3.7,3.9
5250,"Студент 5250","ББМО-01-23",2,4,4
5251,"Студент 5251","ББМО-01-23",2,4.2,4.1
5252,"Студент 5252","ББМО-01-23",4,4.7,5.3
5253,"Студент 5253","ББМО-01-23",4,3.7,4.8
5256,"Студент 5256","ББМО-01-23",2,4,4
5257,"Студент 5257","ББМО-01-23",4,3.4,4.7
5258,"Студент 5258","ББМО-01-23",3,3.2,4.1
5260,"Студент 5260","ББМО-01-23",3,3.6,4.3
5262,"Студент 5262","ББМО-01-23",3,4.8,4.9
5264,"Студент 5264","ББМО-01-23",2,4.7,4.3
5266,"Студент 5266","ББМО-01-23",4,4.5,5.3
5267,"Студент 5267","ББМО-01-23",4,4.3,5.2
5269,"Студент 5269","ББМО-01-23",4,3.3,4.7
5270,"Студент 5270","ББМО-01-23",1,4.3,3.6
5275,"Студент 5275","ББМО-01-23",2,4.2,4.1
5276,"Студент 5276","ББМО-01-23",3,4.8,4.9
5278,"Студент 5278","ББМО-01-23",4,3.4,4.7
5279,"Студент 5279","ББМО-01-23",3,4.9,5
5280,"Студент 5280","ББМО-01-23",4,4.7,5.3
5281,"Студент 5281","ББМО-01-23",3,3.5,4.3
5283,"Студент 5283","ББМО-01-23",3,3.8,4.4
5287,"Студент 5287","ББМО-01-23",4,4.5,5.3
5288,"Студент 5288","ББМО-01-23",3,3.1,4
5290,"Студент 5290","ББМО-01-23",4,4.5,5.3
5291,"Студент 5291","ББМО-01-23",1,4.8,3.9
5294,"Студент 5294","ББМО-01-23",2,4,4
5296,"Студент 5296","ББМО-01-23",4,4.6,5.3
5297,"Студент 5297","ББМО-01-23",3,3.5,4.3
5298,"Студент 5298","ББМО-01-23",2,4.5,4.3
5299,"Студент 5299","ББМО-01-23",2,4,4
5300,"Студент 5300","ББМО-01-23",4,3.7,4.8
5301,"Студент 5301","ББМО-01-23",3,3.4,4.2
5309,"Студент 5309","ББМО-01-23",4,3.4,4.7
5311,"Студент 5311","ББМО-01-23",4,3.8,4.9
5312,"Студент 5312","ББМО-01-23",3,4.2,4.6
5314,"Студент 5314","ББМО-01-23",1,4.7,3.9
5316,"Студент 5316","ББМО-01-23",2,4.8,4.4
5317,"Студент 5317","ББМО-01-23",4,4.1,5
5318,"Студент 5318","ББМО-01-23",3,3.9,4.5
5320,"Студент 5320","ББМО-01-23",4,5,5.5
5322,"Студент 5322","ББМО-01-23",1,4.4,3.7
5323,"Студент 5323","ББМО-01-23",2,3.9,4
5324,"Студент 5324","ББМО-01-23",1,4.9,4
5325,"Студент 5325","ББМО-01-23",2,4.2,4.1
5326,"Студент 5326","ББМО-01-23",2,4.6,4.3
5327,"Студент 5327","ББМО-01-23",3,3.6,4.3
5331,"Студент 5331","ББМО-01-23",4,3.1,4.5
5332,"Студент 5332","ББМО-01-23",4,4,5
5334,"Студент 5334","ББМО-01-23",1,4.2,3.6
5337,"Студент 5337","ББМО-01-23",2,4.6,4.3
5338,"Студент 5338","ББМО-01-23",1,3.2,3.1
5339,"Студент 5339","ББМО-01-23",3,3.6,4.3
5341,"Студент 5341","ББМО-01-23",1,4.8,3.9
5342,"Студент 5342","ББМО-01-23",1,4.3,3.6
5343,"Студент 5343","ББМО-01-23",2,4.1,4
5344,"Студент 5344","ББМО-01-23",4,4.7,5.3
5345,"Студент 5345","ББМО-01-23",2,4.1,4
5348,"Студент 5348","ББМО-01-23",1,4.5,3.8
5352,"Студент 5352","ББМО-01-23",1,4.2,3.6
5354,"Студент 5354","ББМО-01-23",4,3.5,4.8
5356,"Студент 5356","ББМО-01-23",4,3.2,4.6
5357,"Студент 5357","ББМО-01-23",1,3.1,3
5358,"Студент 5358","ББМО-01-23",4,3.4,4.7
5359,"Студент 5359","ББМО-01-23",2,3.6,3.8
5360,"Студент 5360","ББМО-01-23",1,3.2,3.1
5361,"Студент 5361","ББМО-01-23",3,3.5,4.3
5362,"Студент 5362","ББМО-01-23",3,5,5
5363,"Студент 5363","ББМО-01-23",1,4.8,3.9
5364,"Студент 5364","ББМО-01-23",2,4.3,4.2
5365,"Студент 5365","ББМО-01-23",3,4.2,4.6
5366,"Студент 5366","ББМО-01-23",4,4.1,5
5368,"Студент 5368","ББМО-01-23",3,3.7,4.3
5370,"Студент 5370","ББМО-01-23",1,4.9,4
5372,"Студент 5372","ББМО-01-23",3,3.5,4.3
5377,"Студент 5377","ББМО-01-23",2,3.3,3.6
5379,"Студент 5379","ББМО-01-23",3,3.5,4.3
5380,"Студент 5380","ББМО-01-23",2,3.2,3.6
5381,"Студент 5381","ББМО-01-23",1,3.1,3
5382,"Студент 5382","ББМО-01-23",1,4.1,3.5
5383,"Студент 5383","ББМО-01-23",2,3.3,3.6
5384,"Студент 5384","ББМО-01-23",3,4.2,4.6
5385,"Студент 5385","ББМО-01-23",3,4.2,4.6
5386,"Студент 5386","ББМО-01-23",4,4.3,5.2
5388,"Студент 5388","ББМО-01-23",1,4.2,3.6
5390,"Студент 5390","ББМО-01-23",2,4.4,4.2
5393,"Студент 5393","ББМО-01-23",3,4.1,4.5
5394,"Студент 5394","ББМО-01-23",3,3.3,4.2
5395,"Студент 5395","ББМО-01-23",4,3.2,4.6
5396,"Студент 5396","ББМО-01-23",2,4.2,4.1
5397,"Студент 5397","ББМО-01-23",2,3.5,3.8
5399,"Студент 5399","ББМО-01-23",1,4.9,4
5400,"Студент 5400","ББМО-01-23",4,4.2,5.1
5401,"Студент 5401","ББМО-01-23",4,5,5.5
5402,"Студент 5402","ББМО-01-23",1,3.4,3.2
5405,"Студент 5405","ББМО-01-23",2,3.8,3.9
5406,"Студент 5406","ББМО-01-23",4,4.2,5.1
5407,"Студент 5407","ББМО-01-23",3,4.6,4.8
5412,"Студент 5412","ББМО-01-23",4,3.4,4.7
5414,"Студент 5414","ББМО-01-23",3,4.5,4.8
5416,"Студент 5416","ББМО-01-23",2,4,4
5419,"Студент 5419","ББМО-01-23",3,3.5,4.3
5421,"Студент 5421","ББМО-01-23",4,3.9,5
5422,"Студент 5422","ББМО-01-23",4,4.9,5.5
5425,"Студент 5425","ББМО-01-23",4,3.3,4.7
5427,"Студент 5427","ББМО-01-23",1,4.5,3.8
5428,"Студент 5428","ББМО-01-23",2,4.2,4.1
5429,"Студент 5429","ББМО-01-23",1,4.9,4
5430,"Студент 5430","ББМО-01-23",3,4.4,4.7
5431,"Студент 5431","ББМО-01-23",2,4.4,4.2
5432,"Студент 5432","ББМО-01-23",4,3.1,4.5
5434,"Студент 5434","ББМО-01-23",4,4,5
5437,"Студент 5437","ББМО-01-23",4,3.7,4.8
5438,"Студент 5438","ББМО-01-23",4,4,5
5440,"Студент 5440","ББМО-01-23",2,3.1,3.5
5442,"Студент 5442","ББМО-01-23",1,4.1,3.5
5443,"Студент 5443","ББМО-01-23",1,4,3.5
5444,"Студент 5444","ББМО-01-23",4,4.8,5.4
5446,"Студент 5446","ББМО-01-23",4,4.1,5
5449,"Студент 5449","ББМО-01-23",1,5,4
5450,"Студент 5450","ББМО-01-23",1,3.2,3.1
5451,"Студент 5451","ББМО-01-23",4,3.5,4.8
5452,"Студент 5452","ББМО-01-23",2,4.2,4.1
5453,"Студент 5453","ББМО-01-23",3,4.9,5
5454,"Студент 5454","ББМО-01-23",3,4.5,4.8
5455,"Студент 5455","ББМО-01-23",4,4.6,5.3
5456,"Студент 5456","ББМО-01-23",4,3.4,4.7
5458,"Студент 5458","ББМО-01-23",3,3.8,4.4
5459,"Студент 5459","ББМО-01-23",2,4.7,4.3
5460,"Студент 5460","ББМО-01-23",2,4.9,4.5
5461,"Студент 5461","ББМО-01-23",1,3.7,3.4
5463,"Студент 5463","ББМО-01-23",4,4.3,5.2
5464,"Студент 5464","ББМО-01-23",1,4.4,3.7
5465,"Студент 5465","ББМО-01-23",3,5,5
5466,"Студент 5466","ББМО-01-23",3,3.1,4
5468,"Студент 5468","ББМО-01-23",2,4.3,4.2
5470,"Студент 5470","ББМО-01-23",2,4.8,4.4
5471,"Студент 5471","ББМО-01-23",4,4.8,5.4
5474,"Студент 5474","ББМО-01-23",4,4.9,5.5
5475,"Студент 5475","ББМО-01-23",2,3.9,4
5477,"Студент 5477","ББМО-01-23",1,3.4,3.2
5478,"Студент 5478","ББМО-01-23",4,4.4,5.2
5480,"Студент 5480","ББМО-01-23",1,4.4,3.7
5485,"Студент 5485","ББМО-01-23",2,4.4,4.2
5490,"Студент 5490","ББМО-01-23",1,3.3,3.1
5491,"Студент 5491","ББМО-01-23",4,3.3,4.7
5493,"Студент 5493","ББМО-01-23",3,4.3,4.7
5495,"Студент 5495","ББМО-01-23",2,3.2,3.6
5496,"Студент 5496","ББМО-01-23",2,4,4
5498,"Студент 5498","ББМО-01-23",4,4.7,5.3
5499,"Студент 5499","ББМО-01-23",2,4.2,4.1
5503,"Студент 5503","ББМО-01-23",1,3.4,3.2
5504,"Студент 5504","ББМО-01-23",3,3.2,4.1
5505,"Студент 5505","ББМО-01-23",2,4.1,4
5506,"Студент 5506","ББМО-01-23",3,3.1,4
5507,"Студент 5507","ББМО-01-23",2,3.4,3.7
5510,"Студент 5510","ББМО-01-23",4,3.8,4.9
5511,"Студент 5511","ББМО-01-23",1,3.6,3.3
5513,"Студент 5513","ББМО-01-23",4,3.7,4.8
5516,"Студент 5516","ББМО-01-23",4,4.4,5.2
5518,"Студент 5518","ББМО-01-23",4,3.2,4.6
5520,"Студент 5520","ББМО-01-23",3,3.9,4.5
5522,"Студент 5522","ББМО-01-23",4,3.5,4.8
5523,"Студент 5523","ББМО-01-23",4,3.7,4.8
5524,"Студент 5524","ББМО-01-23",2,3.7,3.9
5525,"Студент 5525","ББМО-01-23",3,4.9,5
5526,"Студент 5526","ББМО-01-23",4,4.8,5.4
5527,"Студент 5527","ББМО-01-23",4,3.6,4.8
5528,"Студент 5528","ББМО-01-23",3,4.7,4.8
5530,"Студент 5530","ББМО-01-23",3,4,4.5
5532,"Студент 5532","ББМО-01-23",3,4.7,4.8
5534,"Студент 5534","ББМО-01-23",3,4.3,4.7
5538,"Студент 5538","ББМО-01-23",2,3.7,3.9
5539,"Студент 5539","ББМО-01-23",4,3.8,4.9
5540,"Студент 5540","ББМО-01-23",4,4.8,5.4
5541,"Студент 5541","ББМО-01-23",2,3.6,3.8
5542,"Студент 5542","ББМО-01-23",4,3.2,4.6
5543,"Студент 5543","ББМО-01-23",3,4.5,4.8
5545,"Студент 5545","ББМО-01-23",3,4.3,4.7
5548,"Студент 5548","ББМО-01-23",4,3.9,5
5549,"Студент 5549","ББМО-01-23",4,4.8,5.4
5551,"Студент 5551","ББМО-01-23",1,3.9,3.5
5552,"Студент 5552","ББМО-01-23",1,3.4,3.2
5553,"Студент 5553","ББМО-01-23",4,4.9,5.5
5554,"Студент 5554","ББМО-01-23",1,3.5,3.3
5555,"Студент 5555","ББМО-01-23",3,4.3,4.7
5556,"Студент 5556","ББМО-01-23",4,4.3,5.2
5557,"Студент 5557","ББМО-01-23",4,4.1,5
5559,"Студент 5559","ББМО-01-23",2,3.6,3.8
5561,"Студент 5561","ББМО-01-23",3,3.3,4.2
5562,"Студент 5562","ББМО-01-23",3,3.6,4.3
5564,"Студент 5564","ББМО-01-23",4,4.9,5.5
5565,"Студент 5565","ББМО-01-23",2,3.6,3.8
5566,"Студент 5566","ББМО-01-23",4,5,5.5
5567,"Студент 5567","ББМО-01-23",1,4.7,3.9
5568,"Студент 5568","ББМО-01-23",2,3.2,3.6
5570,"Студент 5570","ББМО-01-23",2,3.2,3.6
5572,"Студент 5572","ББМО-01-23",3,4.7,4.8
5574,"Студент 5574","ББМО-01-23",1,3.8,3.4
5576,"Студент 5576","ББМО-01-23",2,4.8,4.4
5577,"Студент 5577","ББМО-01-23",1,4.1,3.5
5578,"Студент 5578","ББМО-01-23",4,3.3,4.7
5579,"Студент 5579","ББМО-01-23",1,4.6,3.8
5580,"Студент 5580","ББМО-01-23",4,4.5,5.3
5581,"Студент 5581","ББМО-01-23",3,4.8,4.9
5582,"Студент 5582","ББМО-01-23",1,4.2,3.6
5583,"Студент 5583","ББМО-01-23",1,4.6,3.8
5584,"Студент 5584","ББМО-01-23",4,3.7,4.8
5585,"Студент 5585","ББМО-01-23",2,3.6,3.8
5586,"Студент 5586","ББМО-01-23",1,4.8,3.9
5587,"Студент 5587","ББМО-01-23",4,3.8,4.9
5588,"Студент 5588","ББМО-01-23",1,4.5,3.8
5589,"Студент 5589","ББМО-01-23",3,3.9,4.5
5590,"Студент 5590","ББМО-01-23",4,4.7,5.3
5591,"Студент 5591","ББМО-01-23",3,3.2,4.1
5592,"Студент 5592","ББМО-01-23",1,3.2,3.1
5593,"Студент 5593","ББМО-01-23",1,3.3,3.1
5594,"Студент 5594","ББМО-01-23",2,3.7,3.9
5595,"Студент 5595","ББМО-01-23",4,3.6,4.8
5596,"Студент 5596","ББМО-01-23",4,4.9,5.5
5597,"Студент 5597","ББМО-01-23",1,4.9,4
5598,"Студент 5598","ББМО-01-23",4,4.5,5.3
5600,"Студент 5600","ББМО-01-23",1,3.6,3.3
5601,"Студент 5601","ББМО-01-23",2,4.6,4.3
5602,"Студент 5602","ББМО-01-23",1,3.4,3.2
5604,"Студент 5604","ББМО-01-23",4,3.3,4.7
5606,"Студент 5606","ББМО-01-23",4,3.3,4.7
5607,"Студент 5607","ББМО-01-23",2,4.2,4.1
5608,"Студент 5608","ББМО-01-23",4,3.2,4.6
5610,"Студент 5610","ББМО-01-23",4,3.5,4.8
5611,"Студент 5611","ББМО-01-23",4,4.7,5.3
5612,"Студент 5612","ББМО-01-23",1,3.1,3
5613,"Студент 5613","ББМО-01-23",1,4,3.5
5615,"Студент 5615","ББМО-01-23",3,4.7,4.8
5616,"Студент 5616","ББМО-01-23",3,3.8,4.4
5617,"Студент 5617","ББМО-01-23",2,3.2,3.6
5618,"Студент 5618","ББМО-01-23",4,4.3,5.2
5619,"Студент 5619","ББМО-01-23",4,4.7,5.3
5620,"Студент 5620","ББМО-01-23",3,3.6,4.3
5622,"Студент 5622","ББМО-01-23",1,5,4
5623,"Студент 5623","ББМО-01-23",2,3.5,3.8
5624,"Студент 5624","ББМО-01-23",1,3.5,3.3
5625,"Студент 5625","ББМО-01-23",2,3.9,4
5626,"Студент 5626","ББМО-01-23",2,4.6,4.3
5627,"Студент 5627","ББМО-01-23",4,4.2,5.1
5628,"Студент 5628","ББМО-01-23",2,3.9,4
5633,"Студент 5633","ББМО-01-23",3,4.9,5
5634,"Студент 5634","ББМО-01-23",1,4.7,3.9
5636,"Студент 5636","ББМО-01-23",2,4.5,4.3
5638,"Студент 5638","ББМО-01-23",3,5,5
5640,"Студент 5640","ББМО-01-23",3,4.4,4.7
5641,"Студент 5641","ББМО-01-23",3,3.4,4.2
5642,"Студент 5642","ББМО-01-23",1,4.4,3.7
5644,"Студент 5644","ББМО-01-23",2,5,4.5
5646,"Студент 5646","ББМО-01-23",3,3.2,4.1
5647,"Студент 5647","ББМО-01-23",2,3.1,3.5
5648,"Студент 5648","ББМО-01-23",2,4.2,4.1
5652,"Студент 5652","ББМО-01-23",1,3.1,3
5655,"Студент 5655","ББМО-01-23",2,3.7,3.9
5656,"Студент 5656","ББМО-01-23",3,3.3,4.2
5657,"Студент 5657","ББМО-01-23",3,5,5
5658,"Студент 5658","ББМО-01-23",3,3.1,4
5661,"Студент 5661","ББМО-01-23",1,3.3,3.1
5667,"Студент 5667","ББМО-01-23",3,4.9,5
5670,"Студент 5670","ББМО-01-23",1,3.2,3.1
5671,"Студент 5671","ББМО-01-23",2,3.3,3.6
5672,"Студент 5672","ББМО-01-23",4,3.3,4.7
5675,"Студент 5675","ББМО-01-23",2,4.7,4.3
5677,"Студент 5677","ББМО-01-23",1,3.6,3.3
5679,"Студент 5679","ББМО-01-23",1,4.9,4
5680,"Студент 5680","ББМО-01-23",1,4,3.5
5681,"Студент 5681","ББМО-01-23",2,4.1,4
5682,"Студент 5682","ББМО-01-23",4,4.2,5.1
5683,"Студент 5683","ББМО-01-23",1,5,4
5684,"Студент 5684","ББМО-01-23",4,3.4,4.7
5685,"Студент 5685","ББМО-01-23",2,5,4.5
5686,"Студент 5686","ББМО-01-23",1,3.5,3.3
5689,"Студент 5689","ББМО-01-23",2,3.4,3.7
5690,"Студент 5690","ББМО-01-23",1,4.9,4
5691,"Студент 5691","ББМО-01-23",1,4.9,4
5692,"Студент 5692","ББМО-01-23",4,3.1,4.5
5693,"Студент 5693","ББМО-01-23",1,4.1,3.5
5694,"Студент 5694","ББМО-01-23",1,3.1,3
5695,"Студент 5695","ББМО-01-23",2,4.7,4.3
5696,"Студент 5696","ББМО-01-23",3,3.5,4.3
5699,"Студент 5699","ББМО-01-23",1,3.2,3.1
5700,"Студент 5700","ББМО-01-23",1,3.5,3.3
5702,"Студент 5702","ББМО-01-23",3,4.2,4.6
5704,"Студент 5704","ББМО-01-23",2,3.4,3.7
5705,"Студент 5705","ББМО-01-23",1,4.4,3.7
5706,"Студент 5706","ББМО-01-23",4,4.8,5.4
5708,"Студент 5708","ББМО-01-23",2,5,4.5
5710,"Студент 5710","ББМО-01-23",3,3.3,4.2
5713,"Студент 5713","ББМО-01-23",3,4,4.5
5714,"Студент 5714","ББМО-01-23",1,3.6,3.3
5715,"Студент 5715","ББМО-01-23",1,4.9,4
5716,"Студент 5716","ББМО-01-23",2,4,4
5717,"Студент 5717","ББМО-01-23",1,4,3.5
5718,"Студент 5718","ББМО-01-23",4,4.9,5.5
5719,"Студент 5719","ББМО-01-23",3,3.2,4.1
5720,"Студент 5720","ББМО-01-23",2,4.8,4.4
5721,"Студент 5721","ББМО-01-23",3,3.6,4.3
5722,"Студент 5722","ББМО-01-23",2,4.5,4.3
5723,"Студент 5723","ББМО-01-23",1,4.9,4
5724,"Студент 5724","ББМО-01-23",2,4.5,4.3
5725,"Студент 5725","ББМО-01-23",4,4.9,5.5
5727,"Студент 5727","ББМО-01-23",2,3.1,3.5
5728,"Студент 5728","ББМО-01-23",3,4.2,4.6
5729,"Студент 5729","ББМО-01-23",4,3.2,4.6
5730,"Студент 5730","ББМО-01-23",2,3.9,4
5731,"Студент 5731","ББМО-01-23",1,5,4
5736,"Студент 5736","ББМО-01-23",1,3.5,3.3
5737,"Студент 5737","ББМО-01-23",3,3.1,4
5739,"Студент 5739","ББМО-01-23",1,3.2,3.1
5741,"Студент 5741","ББМО-01-23",1,4.2,3.6
5742,"Студент 5742","ББМО-01-23",4,4.3,5.2
5744,"Студент 5744","ББМО-01-23",2,4.8,4.4
5745,"Студент 5745","ББМО-01-23",4,3.1,4.5
5746,"Студент 5746","ББМО-01-23",3,4.7,4.8
5747,"Студент 5747","ББМО-01-23",3,4.5,4.8
5748,"Студент 5748","ББМО-01-23",4,3.5,4.8
5750,"Студент 5750","ББМО-01-23",4,3.3,4.7
5751,"Студент 5751","ББМО-01-23",1,4.3,3.6
5753,"Студент 5753","ББМО-01-23",2,4.7,4.3
5754,"Студент 5754","ББМО-01-23",4,4.6,5.3
5756,"Студент 5756","ББМО-01-23",4,3.8,4.9
5757,"Студент 5757","ББМО-01-23",3,4.3,4.7
5761,"Студент 5761","ББМО-01-23",2,3.9,4
5762,"Студент 5762","ББМО-01-23",2,3.2,3.6
5763,"Студент 5763","ББМО-01-23",2,4.8,4.4
5765,"Студент 5765","ББМО-01-23",3,4.6,4.8
5766,"Студент 5766","ББМО-01-23",1,3.8,3.4
5767,"Студент 5767","ББМО-01-23",1,4.6,3.8
5768,"Студент 5768","ББМО-01-23",2,3.5,3.8
5772,"Студент 5772","ББМО-01-23",1,4.4,3.7
5774,"Студент 5774","ББМО-01-23",3,3.8,4.4
5775,"Студент 5775","ББМО-01-23",2,3.6,3.8
5776,"Студент 5776","ББМО-01-23",3,4.3,4.7
5777,"Студент 5777","ББМО-01-23",2,3.7,3.9
5778,"Студент 5778","ББМО-01-23",2,4.7,4.3
5780,"Студент 5780","ББМО-01-23",2,4.2,4.1
5782,"Студент 5782","ББМО-01-23",2,4.8,4.4
5784,"Студент 5784","ББМО-01-23",3,4.6,4.8
5785,"Студент 5785","ББМО-01-23",3,4.1,4.5
5786,"Студент 5786","ББМО-01-23",2,4.9,4.5
5787,"Студент 5787","ББМО-01-23",2,4.2,4.1
5788,"Студент 5788","ББМО-01-23",2,3.8,3.9
5789,"Студент 5789","ББМО-01-23",1,4.1,3.5
5790,"Студент 5790","ББМО-01-23",2,4.5,4.3
5791,"Студент 5791","ББМО-01-23",4,3.4,4.7
5792,"Студент 5792","ББМО-01-23",2,4.9,4.5
5793,"Студент 5793","ББМО-01-23",1,3.6,3.3
5795,"Студент 5795","ББМО-01-23",2,3.2,3.6
5798,"Студент 5798","ББМО-01-23",4,4.7,5.3
5799,"Студент 5799","ББМО-01-23",1,4.5,3.8
5800,"Студент 5800","ББМО-01-23",4,3.5,4.8
5801,"Студент 5801","ББМО-01-23",1,4.9,4
5802,"Студент 5802","ББМО-01-23",1,4.9,4
5806,"Студент 5806","ББМО-01-23",4,4.1,5
5809,"Студент 5809","ББМО-01-23",2,3.4,3.7
5811,"Студент 5811","ББМО-01-23",4,3.8,4.9
5814,"Студент 5814","ББМО-01-23",2,4.4,4.2
5815,"Студент 5815","ББМО-01-23",3,3.9,4.5
5816,"Студент 5816","ББМО-01-23",1,4,3.5
5818,"Студент 5818","ББМО-01-23",1,4.6,3.8
5819,"Студент 5819","ББМО-01-23",3,3.6,4.3
5820,"Студент 5820","ББМО-01-23",3,3.5,4.3
5821,"Студент 5821","ББМО-01-23",4,4,5
5822,"Студент 5822","ББМО-01-23",4,3.5,4.8
5823,"Студент 5823","ББМО-01-23",4,4.2,5.1
5825,"Студент 5825","ББМО-01-23",1,4.3,3.6
5826,"Студент 5826","ББМО-01-23",3,4.3,4.7
5827,"Студент 5827","ББМО-01-23",4,3.3,4.7
5829,"Студент 5829","ББМО-01-23",1,4,3.5
5831,"Студент 5831","ББМО-01-23",1,4.2,3.6
5832,"Студент 5832","ББМО-01-23",4,4.7,5.3
5834,"Студент 5834","ББМО-01-23",2,4.5,4.3
5836,"Студент 5836","ББМО-01-23",1,3.7,3.4
5839,"Студент 5839","ББМО-01-23",3,4.3,4.7
5840,"Студент 5840","ББМО-01-23",4,3.4,4.7
5841,"Студент 5841","ББМО-01-23",3,3.2,4.1
5842,"Студент 5842","ББМО-01-23",3,4,4.5
5843,"Студент 5843","ББМО-01-23",4,4,5
5845,"Студент 5845","ББМО-01-23",3,3.3,4.2
5846,"Студент 5846","ББМО-01-23",2,5,4.5
5849,"Студент 5849","ББМО-01-23",3,4.7,4.8
5850,"Студент 5850","ББМО-01-23",4,3.1,4.5
5851,"Студент 5851","ББМО-01-23",4,3.4,4.7
5852,"Студент 5852","ББМО-01-23",2,3.1,3.5
5854,"Студент 5854","ББМО-01-23",2,4,4
5855,"Студент 5855","ББМО-01-23",2,3.7,3.9
5856,"Студент 5856","ББМО-01-23",1,3.1,3
5857,"Студент 5857","ББМО-01-23",1,4,3.5
5858,"Студент 5858","ББМО-01-23",1,3.4,3.2
5859,"Студент 5859","ББМО-01-23",4,3.6,4.8
5860,"Студент 5860","ББМО-01-23",4,5,5.5
5862,"Студент 5862","ББМО-01-23",4,3.6,4.8
5865,"Студент 5865","ББМО-01-23",4,3.3,4.7
5866,"Студент 5866","ББМО-01-23",1,3.1,3
5869,"Студент 5869","ББМО-01-23",2,3.9,4
5870,"Студент 5870","ББМО-01-23",2,4.5,4.3
5871,"Студент 5871","ББМО-01-23",3,4.6,4.8
5872,"Студент 5872","ББМО-01-23",2,3.2,3.6
5875,"Студент 5875","ББМО-01-23",1,4.8,3.9
5876,"Студент 5876","ББМО-01-23",4,4.7,5.3
5878,"Студент 5878","ББМО-01-23",4,3.8,4.9
5880,"Студент 5880","ББМО-01-23",3,4.7,4.8
5881,"Студент 5881","ББМО-01-23",3,4.5,4.8
5882,"Студент 5882","ББМО-01-23",1,4,3.5
5884,"Студент 5884","ББМО-01-23",3,4.1,4.5
5887,"Студент 5887","ББМО-01-23",1,4.1,3.5
5888,"Студент 5888","ББМО-01-23",3,3.1,4
5889,"Студент 5889","ББМО-01-23",1,4.6,3.8
5893,"Студент 5893","ББМО-01-23",3,4.5,4.8
5894,"Студент 5894","ББМО-01-23",3,5,5
5895,"Студент 5895","ББМО-01-23",3,3.2,4.1
5896,"Студент 5896","ББМО-01-23",2,3.9,4
5898,"Студент 5898","ББМО-01-23",3,3.2,4.1
5900,"Студент 5900","ББМО-01-23",1,3.1,3
5902,"Студент 5902","ББМО-01-23",1,3.2,3.1
5904,"Студент 5904","ББМО-01-23",1,4.9,4
5905,"Студент 5905","ББМО-01-23",4,4.8,5.4
5907,"Студент 5907","ББМО-01-23",4,4.1,5
5908,"Студент 5908","ББМО-01-23",3,4,4.5
5910,"Студент 5910","ББМО-01-23",3,4.9,5
5911,"Студент 5911","ББМО-01-23",1,4.4,3.7
5915,"Студент 5915","ББМО-01-23",4,4.3,5.2
5916,"Студент 5916","ББМО-01-23",4,3.2,4.6
5917,"Студент 5917","ББМО-01-23",4,4.5,5.3
5918,"Студент 5918","ББМО-01-23",4,3.1,4.5
5919,"Студент 5919","ББМО-01-23",3,4.9,5
5921,"Студент 5921","ББМО-01-23",4,4.3,5.2
5924,"Студент 5924","ББМО-01-23",1,4.9,4
5926,"Студент 5926","ББМО-01-23",2,3.5,3.8
5927,"Студент 5927","ББМО-01-23",1,4.8,3.9
5929,"Студент 5929","ББМО-01-23",1,4.6,3.8
5930,"Студент 5930","ББМО-01-23",3,4.5,4.8
5932,"Студент 5932","ББМО-01-23",4,3.7,4.8
5934,"Студент 5934","ББМО-01-23",3,4.7,4.8
5935,"Студент 5935","ББМО-01-23",1,4.2,3.6
5936,"Студент 5936","ББМО-01-23",4,3.6,4.8
5937,"Студент 5937","ББМО-01-23",4,4.1,5
5938,"Студент 5938","ББМО-01-23",4,3.9,5
5939,"Студент 5939","ББМО-01-23",3,3.6,4.3
5940,"Студент 5940","ББМО-01-23",2,3.9,4
5942,"Студент 5942","ББМО-01-23",1,3.4,3.2
5943,"Студент 5943","ББМО-01-23",2,4.7,4.3
5945,"Студент 5945","ББМО-01-23",3,4.9,5
5946,"Студент 5946","ББМО-01-23",4,4.3,5.2
5948,"Студент 5948","ББМО-01-23",2,3.3,3.6
5949,"Студент 5949","ББМО-01-23",3,4.1,4.5
5952,"Студент 5952","ББМО-01-23",3,4.5,4.8
5953,"Студент 5953","ББМО-01-23",1,4.2,3.6
5954,"Студент 5954","ББМО-01-23",3,4.6,4.8
5955,"Студент 5955","ББМО-01-23",1,4.9,4
5956,"Студент 5956","ББМО-01-23",2,4.7,4.3
5957,"Студент 5957","ББМО-01-23",3,3.6,4.3
5958,"Студент 5958","ББМО-01-23",2,3.8,3.9
5959,"Студент 5959","ББМО-01-23",3,3.4,4.2
5960,"Студент 5960","ББМО-01-23",2,4.3,4.2
5961,"Студент 5961","ББМО-01-23",4,4.9,5.5
5962,"Студент 5962","ББМО-01-23",1,3.9,3.5
5963,"Студент 5963","ББМО-01-23",3,3.8,4.4
5964,"Студент 5964","ББМО-01-23",3,3.1,4
5965,"Студент 5965","ББМО-01-23",1,4,3.5
5967,"Студент 5967","ББМО-01-23",4,3.3,4.7
5969,"Студент 5969","ББМО-01-23",1,4.2,3.6
5971,"Студент 5971","ББМО-01-23",4,4.6,5.3
5972,"Студент 5972","ББМО-01-23",3,4.1,4.5
5975,"Студент 5975","ББМО-01-23",3,4.2,4.6
5976,"Студент 5976","ББМО-01-23",4,4.7,5.3
5977,"Студент 5977","ББМО-01-23",3,3.4,4.2
5979,"Студент 5979","ББМО-01-23",3,3.4,4.2
5980,"Студент 5980","ББМО-01-23",4,4.6,5.3
5981,"Студент 5981","ББМО-01-23",1,3.6,3.3
5984,"Студент 5984","ББМО-01-23",4,4.7,5.3
5985,"Студент 5985","ББМО-01-23",4,3.5,4.8
5986,"Студент 5986","ББМО-01-23",3,5,5
5988,"Студент 5988","ББМО-01-23",2,4.3,4.2
5989,"Студент 5989","ББМО-01-23",3,5,5
5991,"Студент 5991","ББМО-01-23",4,4.9,5.5
5992,"Студент 5992","ББМО-01-23",3,4.4,4.7
5995,"Студент 5995","ББМО-01-23",3,4.2,4.6
5996,"Студент 5996","ББМО-01-23",2,3.4,3.7
5998,"Студент 5998","ББМО-01-23",4,4.8,5.4
5999,"Студент 5999","ББМО-01-23",1,4.3,3.6
6000,"Студент 6000","ББМО-01-23",1,3.2,3.1
6003,"Студент 6003","ББМО-01-23",1,3.9,3.5
6004,"Студент 6004","ББМО-01-23",3,4.2,4.6
6005,"Студент 6005","ББМО-01-23",2,3.9,4
6007,"Студент 6007","ББМО-01-23",3,4.7,4.8
6011,"Студент 6011","ББМО-01-23",1,4.8,3.9
6013,"Студент 6013","ББМО-01-23",1,3.2,3.1
6014,"Студент 6014","ББМО-01-23",1,3.9,3.5
6015,"Студент 6015","ББМО-01-23",1,3.5,3.3
6016,"Студент 6016","ББМО-01-23",4,3.2,4.6
6018,"Студент 6018","ББМО-01-23",2,4.3,4.2
6019,"Студент 6019","ББМО-01-23",3,3.6,4.3
6020,"Студент 6020","ББМО-01-23",4,3.1,4.5
6021,"Студент 6021","ББМО-01-23",2,3.3,3.6
6023,"Студент 6023","ББМО-01-23",4,3.7,4.8
6028,"Студент 6028","ББМО-01-23",4,4.1,5
6029,"Студент 6029","ББМО-01-23",2,4.6,4.3
6030,"Студент 6030","ББМО-01-23",2,4.8,4.4
6032,"Студент 6032","ББМО-01-23",1,3.6,3.3
6033,"Студент 6033","ББМО-01-23",4,3.7,4.8
6035,"Студент 6035","ББМО-01-23",2,4.8,4.4
6036,"Студент 6036","ББМО-01-23",1,5,4
6037,"Студент 6037","ББМО-01-23",3,3.3,4.2
6038,"Студент 6038","ББМО-01-23",2,4.4,4.2
6041,"Студент 6041","ББМО-01-23",1,4.6,3.8
6042,"Студент 6042","ББМО-01-23",1,4.2,3.6
6043,"Студент 6043","ББМО-01-23",1,3.6,3.3
6045,"Студент 6045","ББМО-01-23",2,3.8,3.9
6050,"Студент 6050","ББМО-01-23",1,4.9,4
6051,"Студент 6051","ББМО-01-23",1,4.9,4
6053,"Студент 6053","ББМО-01-23",4,3.2,4.6
6054,"Студент 6054","ББМО-01-23",2,4.5,4.3
6057,"Студент 6057","ББМО-01-23",3,4.6,4.8
6059,"Студент 6059","ББМО-01-23",4,3.6,4.8
6060,"Студент 6060","ББМО-01-23",3,3.3,4.2
6061,"Студент 6061","ББМО-01-23",2,4.9,4.5
6062,"Студент 6062","ББМО-01-23",3,3.2,4.1
6063,"Студент 6063","ББМО-01-23",4,4.6,5.3
6064,"Студент 6064","ББМО-01-23",1,4.5,3.8
6065,"Студент 6065","ББМО-01-23",1,3.5,3.3
6066,"Студент 6066","ББМО-01-23",2,3.8,3.9
6067,"Студент 6067","ББМО-01-23",3,3.4,4.2
6070,"Студент 6070","ББМО-01-23",1,4.1,3.5
6072,"Студент 6072","ББМО-01-23",3,3.8,4.4
6074,"Студент 6074","ББМО-01-23",4,4.1,5
6075,"Студент 6075","ББМО-01-23",2,3.2,3.6
6076,"Студент 6076","ББМО-01-23",2,3.6,3.8
6078,"Студент 6078","ББМО-01-23",2,4.2,4.1
6079,"Студент 6079","ББМО-01-23",3,4.3,4.7
6080,"Студент 6080","ББМО-01-23",1,4.5,3.8
6081,"Студент 6081","ББМО-01-23",2,4.5,4.3
6082,"Студент 6082","ББМО-01-23",2,4.5,4.3
6083,"Студент 6083","ББМО-01-23",4,4.8,5.4
6084,"Студент 6084","ББМО-01-23",2,4.1,4
6085,"Студент 6085","ББМО-01-23",3,4.1,4.5
6086,"Студент 6086","ББМО-01-23",1,4.3,3.6
6087,"Студент 6087","ББМО-01-23",4,3.3,4.7
6088,"Студент 6088","ББМО-01-23",1,4.9,4
6091,"Студент 6091","ББМО-01-23",4,4.7,5.3
6092,"Студент 6092","ББМО-01-23",4,4.5,5.3
6093,"Студент 6093","ББМО-01-23",3,3.4,4.2
6095,"Студент 6095","ББМО-01-23",3,3.1,4
6096,"Студент 6096","ББМО-01-23",1,4,3.5
6097,"Студент 6097","ББМО-01-23",2,3.4,3.7
6099,"Студент 6099","ББМО-01-23",3,3.4,4.2
6100,"Студент 6100","ББМО-01-23",4,4.1,5
6102,"Студент 6102","ББМО-01-23",2,4.4,4.2
6105,"Студент 6105","ББМО-01-23",3,3.1,4
6106,"Студент 6106","ББМО-01-23",1,4.6,3.8
6108,"Студент 6108","ББМО-01-23",4,4.4,5.2
6109,"Студент 6109","ББМО-01-23",2,3.8,3.9
6112,"Студент 6112","ББМО-01-23",1,3.9,3.5
6113,"Студент 6113","ББМО-01-23",3,4,4.5
6114,"Студент 6114","ББМО-01-23",4,3.4,4.7
6115,"Студент 6115","ББМО-01-23",3,3.4,4.2
6117,"Студент 6117","ББМО-01-23",3,3.3,4.2
6119,"Студент 6119","ББМО-01-23",4,3.6,4.8
6120,"Студент 6120","ББМО-01-23",1,4.2,3.6
6122,"Студент 6122","ББМО-01-23",3,3.9,4.5
6124,"Студент 6124","ББМО-01-23",2,4.9,4.5
6125,"Студент 6125","ББМО-01-23",1,4.3,3.6
6126,"Студент 6126","ББМО-01-23",2,3.8,3.9
6127,"Студент 6127","ББМО-01-23",1,4.1,3.5
6128,"Студент 6128","ББМО-01-23",3,4.7,4.8
6129,"Студент 6129","ББМО-01-23",2,3.7,3.9
6130,"Студент 6130","ББМО-01-23",3,3.9,4.5
6132,"Студент 6132","ББМО-01-23",4,4.5,5.3
6133,"Студент 6133","ББМО-01-23",4,3.3,4.7
6134,"Студент 6134","ББМО-01-23",4,3.3,4.7
6136,"Студент 6136","ББМО-01-23",3,4.9,5
6137,"Студент 6137","ББМО-01-23",4,3.1,4.5
6139,"Студент 6139","ББМО-01-23",1,4.4,3.7
6140,"Студент 6140","ББМО-01-23",4,4.5,5.3
6141,"Студент 6141","ББМО-01-23",3,3.4,4.2
6142,"Студент 6142","ББМО-01-23",1,4.3,3.6
6143,"Студент 6143","ББМО-01-23",1,4.9,4
6147,"Студент 6147","ББМО-01-23",2,4.3,4.2
6148,"Студент 6148","ББМО-01-23",1,4,3.5
6150,"Студент 6150","ББМО-01-23",3,4.4,4.7
6152,"Студент 6152","ББМО-01-23",2,4,4
6153,"Студент 6153","ББМО-01-23",4,4.6,5.3
6155,"Студент 6155","ББМО-01-23",1,3.1,3
6158,"Студент 6158","ББМО-01-23",1,3.4,3.2
6160,"Студент 6160","ББМО-01-23",4,4.4,5.2
6161,"Студент 6161","ББМО-01-23",1,4.4,3.7
6162,"Студент 6162","ББМО-01-23",3,4.4,4.7
6164,"Студент 6164","ББМО-01-23",2,4.5,4.3
6166,"Студент 6166","ББМО-01-23",4,4.7,5.3
6169,"Студент 6169","ББМО-01-23",2,4.5,4.3
6170,"Студент 6170","ББМО-01-23",2,4.4,4.2
6171,"Студент 6171","ББМО-01-23",3,3.8,4.4
6172,"Студент 6172","ББМО-01-23",2,4.3,4.2
6173,"Студент 6173","ББМО-01-23",4,4.8,5.4
6174,"Студент 6174","ББМО-01-23",1,3.5,3.3
6175,"Студент 6175","ББМО-01-23",1,3.4,3.2
6177,"Студент 6177","ББМО-01-23",4,3.2,4.6
6178,"Студент 6178","ББМО-01-23",1,4.2,3.6
6179,"Студент 6179","ББМО-01-23",1,4.4,3.7
6180,"Студент 6180","ББМО-01-23",4,3.7,4.8
6182,"Студент 6182","ББМО-01-23",4,4,5
6183,"Студент 6183","ББМО-01-23",2,3.3,3.6
6185,"Студент 6185","ББМО-01-23",3,3.5,4.3
6186,"Студент 6186","ББМО-01-23",2,3.9,4
6187,"Студент 6187","ББМО-01-23",4,4.5,5.3
6188,"Студент 6188","ББМО-01-23",1,4.8,3.9
6189,"Студент 6189","ББМО-01-23",2,4.1,4
6190,"Студент 6190","ББМО-01-23",4,4,5
6192,"Студент 6192","ББМО-01-23",2,4.6,4.3
6194,"Студент 6194","ББМО-01-23",1,4.3,3.6
6195,"Студент 6195","ББМО-01-23",4,3.7,4.8
6196,"Студент 6196","ББМО-01-23",1,4.1,3.5
6197,"Студент 6197","ББМО-01-23",3,3.1,4
6201,"Студент 6201","ББМО-01-23",4,4.8,5.4
6203,"Студент 6203","ББМО-01-23",3,3.7,4.3
6204,"Студент 6204","ББМО-01-23",1,4.7,3.9
6206,"Студент 6206","ББМО-01-23",3,3.8,4.4
6207,"Студент 6207","ББМО-01-23",4,3.1,4.5
6208,"Студент 6208","ББМО-01-23",3,3.9,4.5
6210,"Студент 6210","ББМО-01-23",4,4.9,5.5
6213,"Студент 6213","ББМО-01-23",1,4.6,3.8
6214,"Студент 6214","ББМО-01-23",2,3.1,3.5
6216,"Студент 6216","ББМО-01-23",3,3.8,4.4
6217,"Студент 6217","ББМО-01-23",3,4.7,4.8
6219,"Студент 6219","ББМО-01-23",4,3.2,4.6
6220,"Студент 6220","ББМО-01-23",1,4.1,3.5
6221,"Студент 6221","ББМО-01-23",1,4,3.5
6222,"Студент 6222","ББМО-01-23",4,4.6,5.3
6224,"Студент 6224","ББМО-01-23",1,3.6,3.3
6226,"Студент 6226","ББМО-01-23",3,4.3,4.7
6227,"Студент 6227","ББМО-01-23",4,4.6,5.3
6228,"Студент 6228","ББМО-01-23",3,4.2,4.6
6229,"Студент 6229","ББМО-01-23",2,4.7,4.3
6230,"Студент 6230","ББМО-01-23",3,3.5,4.3
6231,"Студент 6231","ББМО-01-23",3,4.7,4.8
6233,"Студент 6233","ББМО-01-23",2,4.5,4.3
6234,"Студент 6234","ББМО-01-23",3,3.9,4.5
6235,"Студент 6235","ББМО-01-23",2,3.5,3.8
6236,"Студент 6236","ББМО-01-23",1,4.3,3.6
6237,"Студент 6237","ББМО-01-23",1,4.7,3.9
6239,"Студент 6239","ББМО-01-23",3,3.1,4
6240,"Студент 6240","ББМО-01-23",3,4.8,4.9
6244,"Студент 6244","ББМО-01-23",1,3.9,3.5
6246,"Студент 6246","ББМО-01-23",4,4.2,5.1
6249,"Студент 6249","ББМО-01-23",2,3.1,3.5
6250,"Студент 6250","ББМО-01-23",3,4.8,4.9
6252,"Студент 6252","ББМО-01-23",1,4.6,3.8
6253,"Студент 6253","ББМО-01-23",1,4.7,3.9
6254,"Студент 6254","ББМО-01-23",1,4.8,3.9
6256,"Студент 6256","ББМО-01-23",4,3.4,4.7
6261,"Студент 6261","ББМО-01-23",2,4.7,4.3
6262,"Студент 6262","ББМО-01-23",4,4.9,5.5
6263,"Студент 6263","ББМО-01-23",2,4.2,4.1
6264,"Студент 6264","ББМО-01-23",4,4.1,5
6266,"Студент 6266","ББМО-01-23",2,3.7,3.9
6270,"Студент 6270","ББМО-01-23",3,3.1,4
6277,"Студент 6277","ББМО-01-23",3,3.3,4.2
6278,"Студент 6278","ББМО-01-23",1,3.6,3.3
6279,"Студент 6279","ББМО-01-23",2,4.5,4.3
6280,"Студент 6280","ББМО-01-23",4,4.3,5.2
6281,"Студент 6281","ББМО-01-23",2,3.1,3.5
6282,"Студент 6282","ББМО-01-23",2,3.7,3.9
6284,"Студент 6284","ББМО-01-23",1,3.9,3.5
6285,"Студент 6285","ББМО-01-23",1,4,3.5
6286,"Студент 6286","ББМО-01-23",4,3.9,5
6289,"Студент 6289","ББМО-01-23",3,3.7,4.3
6290,"Студент 6290","ББМО-01-23",2,4.6,4.3
6291,"Студент 6291","ББМО-01-23",3,4.6,4.8
6292,"Студент 6292","ББМО-01-23",2,3.5,3.8
6293,"Студент 6293","ББМО-01-23",1,3.6,3.3
6296,"Студент 6296","ББМО-01-23",3,3.9,4.5
6298,"Студент 6298","ББМО-01-23",4,4.2,5.1
6299,"Студент 6299","ББМО-01-23",1,3.9,3.5
6300,"Студент 6300","ББМО-01-23",1,4.5,3.8
6302,"Студент 6302","ББМО-01-23",3,5,5
6303,"Студент 6303","ББМО-01-23",2,3.9,4
6304,"Студент 6304","ББМО-01-23",1,3.1,3
6306,"Студент 6306","ББМО-01-23",4,4.4,5.2
6307,"Студент 6307","ББМО-01-23",4,4.7,5.3
6308,"Студент 6308","ББМО-01-23",3,3.3,4.2
6309,"Студент 6309","ББМО-01-23",4,3.1,4.5
6310,"Студент 6310","ББМО-01-23",4,3.2,4.6
6311,"Студент 6311","ББМО-01-23",4,4.9,5.5
6312,"Студент 6312","ББМО-01-23",3,3.5,4.3
6313,"Студент 6313","ББМО-01-23",2,4.3,4.2
6315,"Студент 6315","ББМО-01-23",4,3.1,4.5
6316,"Студент 6316","ББМО-01-23",1,3.5,3.3
6317,"Студент 6317","ББМО-01-23",4,4.4,5.2
6318,"Студент 6318","ББМО-01-23",4,3.7,4.8
6319,"Студент 6319","ББМО-01-23",3,3.2,4.1
6320,"Студент 6320","ББМО-01-23",2,4.9,4.5
6321,"Студент 6321","ББМО-01-23",3,3.4,4.2
6322,"Студент 6322","ББМО-01-23",3,4.9,5
6323,"Студент 6323","ББМО-01-23",2,3.6,3.8
6324,"Студент 6324","ББМО-01-23",4,4.3,5.2
6327,"Студент 6327","ББМО-01-23",4,3.8,4.9
6329,"Студент 6329","ББМО-01-23",4,3.2,4.6
6331,"Студент 6331","ББМО-01-23",4,3.2,4.6
6332,"Студент 6332","ББМО-01-23",4,4.3,5.2
6333,"Студент 6333","ББМО-01-23",4,4.4,5.2
6334,"Студент 6334","ББМО-01-23",1,3.1,3
6335,"Студент 6335","ББМО-01-23",3,4.1,4.5
6336,"Студент 6336","ББМО-01-23",2,4.3,4.2
6337,"Студент 6337","ББМО-01-23",2,4.8,4.4
6338,"Студент 6338","ББМО-01-23",2,4.7,4.3
6339,"Студент 6339","ББМО-01-23",2,3.1,3.5
6340,"Студент 6340","ББМО-01-23",2,4.8,4.4
6341,"Студент 6341","ББМО-01-23",3,3.4,4.2
6342,"Студент 6342","ББМО-01-23",4,3.1,4.5
6343,"Студент 6343","ББМО-01-23",4,4.7,5.3
6344,"Студент 6344","ББМО-01-23",1,4.5,3.8
6345,"Студент 6345","ББМО-01-23",2,4.5,4.3
6346,"Студент 6346","ББМО-01-23",3,4.6,4.8
6348,"Студент 6348","ББМО-01-23",4,4.9,5.5
6349,"Студент 6349","ББМО-01-23",2,4.1,4
6350,"Студент 6350","ББМО-01-23",1,3.8,3.4
6351,"Студент 6351","ББМО-01-23",1,3.6,3.3
6352,"Студент 6352","ББМО-01-23",1,3.8,3.4
6353,"Студент 6353","ББМО-01-23",2,4.9,4.5
6358,"Студент 6358","ББМО-01-23",4,4.2,5.1
6360,"Студент 6360","ББМО-01-23",1,4.4,3.7
6361,"Студент 6361","ББМО-01-23",2,4,4
6363,"Студент 6363","ББМО-01-23",4,4.3,5.2
6364,"Студент 6364","ББМО-01-23",3,4.6,4.8
6366,"Студент 6366","ББМО-01-23",4,4.8,5.4
6367,"Студент 6367","ББМО-01-23",4,4.2,5.1
6368,"Студент 6368","ББМО-01-23",2,3.1,3.5
6370,"Студент 6370","ББМО-01-23",1,4.7,3.9
6371,"Студент 6371","ББМО-01-23",1,3.3,3.1
6373,"Студент 6373","ББМО-01-23",4,4.4,5.2
6374,"Студент 6374","ББМО-01-23",2,3.2,3.6
6375,"Студент 6375","ББМО-01-23",1,4.7,3.9
6377,"Студент 6377","ББМО-01-23",3,4.4,4.7
6378,"Студент 6378","ББМО-01-23",4,3.1,4.5
6380,"Студент 6380","ББМО-01-23",1,4.7,3.9
6383,"Студент 6383","ББМО-01-23",4,3.1,4.5
6384,"Студент 6384","ББМО-01-23",4,5,5.5
6385,"Студент 6385","ББМО-01-23",1,4.4,3.7
6388,"Студент 6388","ББМО-01-23",3,3.7,4.3
6390,"Студент 6390","ББМО-01-23",3,3.9,4.5
6391,"Студент 6391","ББМО-01-23",3,3.1,4
6394,"Студент 6394","ББМО-01-23",3,4.1,4.5
6395,"Студент 6395","ББМО-01-23",2,3.2,3.6
6396,"Студент 6396","ББМО-01-23",2,4.3,4.2
6401,"Студент 6401","ББМО-01-23",3,3.5,4.3
6402,"Студент 6402","ББМО-01-23",4,4.6,5.3
6405,"Студент 6405","ББМО-01-23",2,3.5,3.8
6407,"Студент 6407","ББМО-01-23",3,4.8,4.9
6409,"Студент 6409","ББМО-01-23",3,4.8,4.9
6410,"Студент 6410","ББМО-01-23",2,4,4
6411,"Студент 6411","ББМО-01-23",2,4.4,4.2
6412,"Студент 6412","ББМО-01-23",1,4.3,3.6
6413,"Студент 6413","ББМО-01-23",4,4.3,5.2
6414,"Студент 6414","ББМО-01-23",4,4.6,5.3
6415,"Студент 6415","ББМО-01-23",4,3.3,4.7
6416,"Студент 6416","ББМО-01-23",3,3.2,4.1
6417,"Студент 6417","ББМО-01-23",1,3.3,3.1
6419,"Студент 6419","ББМО-01-23",4,4.5,5.3
6421,"Студент 6421","ББМО-01-23",3,4.1,4.5
6424,"Студент 6424","ББМО-01-23",1,3.2,3.1
6425,"Студент 6425","ББМО-01-23",4,3.4,4.7
6426,"Студент 6426","ББМО-01-23",1,4.5,3.8
6427,"Студент 6427","ББМО-01-23",4,4.2,5.1
6431,"Студент 6431","ББМО-01-23",4,3.9,5
6432,"Студент 6432","ББМО-01-23",2,3.1,3.5
6433,"Студент 6433","ББМО-01-23",2,4.8,4.4
6434,"Студент 6434","ББМО-01-23",1,3.6,3.3
6436,"Студент 6436","ББМО-01-23",4,3.9,5
6437,"Студент 6437","ББМО-01-23",1,4,3.5
6439,"Студент 6439","ББМО-01-23",2,3.5,3.8
6443,"Студент 6443","ББМО-01-23",2,3.6,3.8
6446,"Студент 6446","ББМО-01-23",4,3.3,4.7
6447,"Студент 6447","ББМО-01-23",1,5,4
6449,"Студент 6449","ББМО-01-23",2,4.6,4.3
6452,"Студент 6452","ББМО-01-23",2,3.5,3.8
6453,"Студент 6453","ББМО-01-23",4,4.3,5.2
6455,"Студент 6455","ББМО-01-23",1,4.2,3.6
6457,"Студент 6457","ББМО-01-23",3,4,4.5
6461,"Студент 6461","ББМО-01-23",2,4.1,4
6462,"Студент 6462","ББМО-01-23",2,4.9,4.5
6463,"Студент 6463","ББМО-01-23",3,3.9,4.5
6465,"Студент 6465","ББМО-01-23",2,4.9,4.5
6466,"Студент 6466","ББМО-01-23",1,4.6,3.8
6467,"Студент 6467","ББМО-01-23",2,3.2,3.6
6469,"Студент 6469","ББМО-01-23",1,3.2,3.1
6474,"Студент 6474","ББМО-01-23",2,3.4,3.7
6475,"Студент 6475","ББМО-01-23",3,3.7,4.3
6476,"Студент 6476","ББМО-01-23",4,4.2,5.1
6477,"Студент 6477","ББМО-01-23",1,4.9,4
6478,"Студент 6478","ББМО-01-23",1,3.6,3.3
6479,"Студент 6479","ББМО-01-23",3,4.1,4.5
6481,"Студент 6481","ББМО-01-23",4,4.8,5.4
6482,"Студент 6482","ББМО-01-23",1,4.1,3.5
6483,"Студент 6483","ББМО-01-23",3,4.5,4.8
6484,"Студент 6484","ББМО-01-23",2,3.2,3.6
6485,"Студент 6485","ББМО-01-23",1,3.5,3.3
6486,"Студент 6486","ББМО-01-23",4,3.2,4.6
6487,"Студент 6487","ББМО-01-23",3,3.5,4.3
6488,"Студент 6488","ББМО-01-23",4,4.9,5.5
6489,"Студент 6489","ББМО-01-23",1,3.1,3
6490,"Студент 6490","ББМО-01-23",2,3.7,3.9
6491,"Студент 6491","ББМО-01-23",2,4.1,4
6492,"Студент 6492","ББМО-01-23",4,4.4,5.2
6493,"Студент 6493","ББМО-01-23",1,3.4,3.2
6494,"Студент 6494","ББМО-01-23",1,4.3,3.6
6495,"Студент 6495","ББМО-01-23",4,4.3,5.2
6496,"Студент 6496","ББМО-01-23",3,3.1,4
6498,"Студент 6498","ББМО-01-23",2,3.8,3.9
6499,"Студент 6499","ББМО-01-23",1,4.6,3.8
6501,"Студент 6501","ББМО-01-23",3,3.1,4
6503,"Студент 6503","ББМО-01-23",1,3.5,3.3
6504,"Студент 6504","ББМО-01-23",4,3.8,4.9
6506,"Студент 6506","ББМО-01-23",3,4.3,4.7
6507,"Студент 6507","ББМО-01-23",1,4.6,3.8
6508,"Студент 6508","ББМО-01-23",3,4.5,4.8
6509,"Студент 6509","ББМО-01-23",2,4.1,4
6512,"Студент 6512","ББМО-01-23",2,4.4,4.2
6513,"Студент 6513","ББМО-01-23",4,4.4,5.2
6514,"Студент 6514","ББМО-01-23",4,3.1,4.5
6515,"Студент 6515","ББМО-01-23",4,3.4,4.7
6516,"Студент 6516","ББМО-01-23",3,4.7,4.8
6518,"Студент 6518","ББМО-01-23",4,4.5,5.3
6520,"Студент 6520","ББМО-01-23",2,3.9,4
6523,"Студент 6523","ББМО-01-23",4,4.9,5.5
6524,"Студент 6524","ББМО-01-23",3,3.2,4.1
6525,"Студент 6525","ББМО-01-23",4,4.5,5.3
6526,"Студент 6526","ББМО-01-23",2,3.7,3.9
6527,"Студент 6527","ББМО-01-23",1,4,3.5
6529,"Студент 6529","ББМО-01-23",4,4.6,5.3
6531,"Студент 6531","ББМО-01-23",1,4.4,3.7
6533,"Студент 6533","ББМО-01-23",4,4.1,5
6534,"Студент 6534","ББМО-01-23",2,3.3,3.6
6536,"Студент 6536","ББМО-01-23",4,3.8,4.9
6537,"Студент 6537","ББМО-01-23",4,3.9,5
6538,"Студент 6538","ББМО-01-23",1,3.4,3.2
6539,"Студент 6539","ББМО-01-23",1,3.4,3.2
6542,"Студент 6542","ББМО-01-23",1,4.8,3.9
6543,"Студент 6543","ББМО-01-23",2,4.6,4.3
6544,"Студент 6544","ББМО-01-23",3,3.7,4.3
6545,"Студент 6545","ББМО-01-23",2,3.5,3.8
6547,"Студент 6547","ББМО-01-23",3,4.5,4.8
6548,"Студент 6548","ББМО-01-23",3,4.4,4.7
6549,"Студент 6549","ББМО-01-23",1,4.1,3.5
6550,"Студент 6550","ББМО-01-23",3,3.6,4.3
6551,"Студент 6551","ББМО-01-23",3,3.4,4.2
6552,"Студент 6552","ББМО-01-23",2,4.1,4
6553,"Студент 6553","ББМО-01-23",2,3.2,3.6
6554,"Студент 6554","ББМО-01-23",4,3.2,4.6
6556,"Студент 6556","ББМО-01-23",1,4,3.5
6557,"Студент 6557","ББМО-01-23",4,4.8,5.4
6558,"Студент 6558","ББМО-01-23",3,3.9,4.5
6559,"Студент 6559","ББМО-01-23",4,4.7,5.3
6560,"Студент 6560","ББМО-01-23",2,4.4,4.2
6561,"Студент 6561","ББМО-01-23",1,3.4,3.2
6562,"Студент 6562","ББМО-01-23",1,4.6,3.8
6563,"Студент 6563","ББМО-01-23",2,3.7,3.9
6564,"Студент 6564","ББМО-01-23",2,4.6,4.3
6565,"Студент 6565","ББМО-01-23",4,3.1,4.5
6567,"Студент 6567","ББМО-01-23",4,4.6,5.3
6569,"Студент 6569","ББМО-01-23",2,3.9,4
6570,"Студент 6570","ББМО-01-23",3,4.9,5
6571,"Студент 6571","ББМО-01-23",3,3.7,4.3
6572,"Студент 6572","ББМО-01-23",1,3.3,3.1
6573,"Студент 6573","ББМО-01-23",4,4.2,5.1
6575,"Студент 6575","ББМО-01-23",2,3.8,3.9
6577,"Студент 6577","ББМО-01-23",4,3.7,4.8
6578,"Студент 6578","ББМО-01-23",1,4.1,3.5
6580,"Студент 6580","ББМО-01-23",2,4.7,4.3
6581,"Студент 6581","ББМО-01-23",3,4.4,4.7
6582,"Студент 6582","ББМО-01-23",2,4.2,4.1
6583,"Студент 6583","ББМО-01-23",3,3.4,4.2
6586,"Студент 6586","ББМО-01-23",2,4.4,4.2
6587,"Студент 6587","ББМО-01-23",3,3.9,4.5
6590,"Студент 6590","ББМО-01-23",1,3.2,3.1
6592,"Студент 6592","ББМО-01-23",4,4.4,5.2
6594,"Студент 6594","ББМО-01-23",4,4.8,5.4
6595,"Студент 6595","ББМО-01-23",3,4.3,4.7
6596,"Студент 6596","ББМО-01-23",1,3.4,3.2
6600,"Студент 6600","ББМО-01-23",1,3.2,3.1
6601,"Студент 6601","ББМО-01-23",2,4.2,4.1
6603,"Студент 6603","ББМО-01-23",3,4.3,4.7
6604,"Студент 6604","ББМО-01-23",1,3.1,3
6605,"Студент 6605","ББМО-01-23",4,3.5,4.8
6606,"Студент 6606","ББМО-01-23",2,4.1,4
6607,"Студент 6607","ББМО-01-23",3,3.9,4.5
6608,"Студент 6608","ББМО-01-23",3,3.1,4
6609,"Студент 6609","ББМО-01-23",3,3.8,4.4
6611,"Студент 6611","ББМО-01-23",1,3.7,3.4
6612,"Студент 6612","ББМО-01-23",2,3.7,3.9
6614,"Студент 6614","ББМО-01-23",2,3.5,3.8
6615,"Студент 6615","ББМО-01-23",4,4.2,5.1
6616,"Студент 6616","ББМО-01-23",2,4.3,4.2
6618,"Студент 6618","ББМО-01-23",2,4.2,4.1
6619,"Студент 6619","ББМО-01-23",1,4.7,3.9
6621,"Студент 6621","ББМО-01-23",4,3.2,4.6
6622,"Студент 6622","ББМО-01-23",4,4.9,5.5
6624,"Студент 6624","ББМО-01-23",3,3.7,4.3
6626,"Студент 6626","ББМО-01-23",4,3.7,4.8
6627,"Студент 6627","ББМО-01-23",2,3.1,3.5
6629,"Студент 6629","ББМО-01-23",2,4.1,4
6630,"Студент 6630","ББМО-01-23",1,3.4,3.2
6631,"Студент 6631","ББМО-01-23",1,3.3,3.1
6633,"Студент 6633","ББМО-01-23",2,4,4
6634,"Студент 6634","ББМО-01-23",2,4.7,4.3
6635,"Студент 6635","ББМО-01-23",2,4.2,4.1
6636,"Студент 6636","ББМО-01-23",3,4.2,4.6
6637,"Студент 6637","ББМО-01-23",3,3.6,4.3
6640,"Студент 6640","ББМО-01-23",2,4.9,4.5
6642,"Студент 6642","ББМО-01-23",2,4,4
6644,"Студент 6644","ББМО-01-23",2,4.7,4.3
6645,"Студент 6645","ББМО-01-23",3,4.8,4.9
6646,"Студент 6646","ББМО-01-23",2,4.2,4.1
6647,"Студент 6647","ББМО-01-23",2,3.1,3.5
6648,"Студент 6648","ББМО-01-23",3,3.1,4
6650,"Студент 6650","ББМО-01-23",1,3.1,3
6651,"Студент 6651","ББМО-01-23",1,4.1,3.5
6652,"Студент 6652","ББМО-01-23",4,4.2,5.1
6657,"Студент 6657","ББМО-01-23",3,4.9,5
6659,"Студент 6659","ББМО-01-23",4,3.3,4.7
6660,"Студент 6660","ББМО-01-23",4,3.1,4.5
6662,"Студент 6662","ББМО-01-23",1,3.9,3.5
6663,"Студент 6663","ББМО-01-23",1,4.9,4
6665,"Студент 6665","ББМО-01-23",4,4.5,5.3
6666,"Студент 6666","ББМО-01-23",1,4.6,3.8
6667,"Студент 6667","ББМО-01-23",3,3.5,4.3
6668,"Студент 6668","ББМО-01-23",1,3.6,3.3
6669,"Студент 6669","ББМО-01-23",4,4.1,5
6671,"Студент 6671","ББМО-01-23",3,4.2,4.6
6672,"Студент 6672","ББМО-01-23",3,3.5,4.3
6677,"Студент 6677","ББМО-01-23",1,4.8,3.9
6678,"Студент 6678","ББМО-01-23",2,4.4,4.2
6680,"Студент 6680","ББМО-01-23",4,4.2,5.1
6682,"Студент 6682","ББМО-01-23",1,3.4,3.2
6683,"Студент 6683","ББМО-01-23",1,3.7,3.4
6684,"Студент 6684","ББМО-01-23",2,4.2,4.1
6686,"Студент 6686","ББМО-01-23",2,4.8,4.4
6687,"Студент 6687","ББМО-01-23",2,4.4,4.2
6688,"Студент 6688","ББМО-01-23",4,4.2,5.1
6690,"Студент 6690","ББМО-01-23",2,4.1,4
6691,"Студент 6691","ББМО-01-23",2,3.9,4
6692,"Студент 6692","ББМО-01-23",2,3.1,3.5
6693,"Студент 6693","ББМО-01-23",2,3.5,3.8
6696,"Студент 6696","ББМО-01-23",3,4.7,4.8
6697,"Студент 6697","ББМО-01-23",4,4.6,5.3
6698,"Студент 6698","ББМО-01-23",4,3.6,4.8
6699,"Студент 6699","ББМО-01-23",4,4.2,5.1
6702,"Студент 6702","ББМО-01-23",4,3.9,5
6704,"Студент 6704","ББМО-01-23",3,3.7,4.3
6705,"Студент 6705","ББМО-01-23",4,4.6,5.3
6706,"Студент 6706","ББМО-01-23",2,4.8,4.4
6708,"Студент 6708","ББМО-01-23",3,4.9,5
6709,"Студент 6709","ББМО-01-23",3,4.4,4.7
6710,"Студент 6710","ББМО-01-23",2,3.2,3.6
6711,"Студент 6711","ББМО-01-23",3,4.8,4.9
6713,"Студент 6713","ББМО-01-23",4,4.8,5.4
6715,"Студент 6715","ББМО-01-23",1,4.4,3.7
6716,"Студент 6716","ББМО-01-23",3,3.9,4.5
6717,"Студент 6717","ББМО-01-23",3,4.3,4.7
6718,"Студент 6718","ББМО-01-23",3,3.8,4.4
6719,"Студент 6719","ББМО-01-23",3,4.9,5
6721,"Студент 6721","ББМО-01-23",1,4,3.5
6722,"Студент 6722","ББМО-01-23",3,4.6,4.8
6724,"Студент 6724","ББМО-01-23",2,3.2,3.6
6726,"Студент 6726","ББМО-01-23",3,3.3,4.2
6727,"Студент 6727","ББМО-01-23",4,4.7,5.3
6728,"Студент 6728","ББМО-01-23",2,4.1,4
6730,"Студент 6730","ББМО-01-23",1,3.9,3.5
6731,"Студент 6731","ББМО-01-23",4,3.9,5
6732,"Студент 6732","ББМО-01-23",3,4.6,4.8
6734,"Студент 6734","ББМО-01-23",1,4.6,3.8
6735,"Студент 6735","ББМО-01-23",1,4,3.5
6736,"Студент 6736","ББМО-01-23",4,4.7,5.3
6738,"Студент 6738","ББМО-01-23",1,4.6,3.8
6740,"Студент 6740","ББМО-01-23",4,4.8,5.4
6741,"Студент 6741","ББМО-01-23",3,3.3,4.2
6742,"Студент 6742","ББМО-01-23",2,4.5,4.3
6743,"Студент 6743","ББМО-01-23",3,3.9,4.5
6744,"Студент 6744","ББМО-01-23",2,4.4,4.2
6747,"Студент 6747","ББМО-01-23",2,4.8,4.4
6748,"Студент 6748","ББМО-01-23",2,4.7,4.3
6749,"Студент 6749","ББМО-01-23",2,4.8,4.4
6750,"Студент 6750","ББМО-01-23",4,4.8,5.4
6751,"Студент 6751","ББМО-01-23",2,4.6,4.3
6752,"Студент 6752","ББМО-01-23",3,4,4.5
6753,"Студент 6753","ББМО-01-23",1,3.8,3.4
6754,"Студент 6754","ББМО-01-23",3,3.8,4.4
6757,"Студент 6757","ББМО-01-23",4,4.5,5.3
6759,"Студент 6759","ББМО-01-23",3,3.5,4.3
6760,"Студент 6760","ББМО-01-23",3,3.3,4.2
6762,"Студент 6762","ББМО-01-23",3,4.6,4.8
6763,"Студент 6763","ББМО-01-23",1,4.4,3.7
6764,"Студент 6764","ББМО-01-23",2,3.5,3.8
6765,"Студент 6765","ББМО-01-23",1,3.6,3.3
6766,"Студент 6766","ББМО-01-23",1,4.8,3.9
6768,"Студент 6768","ББМО-01-23",4,3.1,4.5
6769,"Студент 6769","ББМО-01-23",1,4.7,3.9
6771,"Студент 6771","ББМО-01-23",4,3.8,4.9
6773,"Студент 6773","ББМО-01-23",4,3.3,4.7
6774,"Студент 6774","ББМО-01-23",3,3.8,4.4
6775,"Студент 6775","ББМО-01-23",4,4.1,5
6776,"Студент 6776","ББМО-01-23",1,3.1,3
6778,"Студент 6778","ББМО-01-23",2,4.8,4.4
6779,"Студент 6779","ББМО-01-23",4,3.6,4.8
6780,"Студент 6780","ББМО-01-23",1,3.1,3
6782,"Студент 6782","ББМО-01-23",4,3.9,5
6783,"Студент 6783","ББМО-01-23",1,3.2,3.1
6784,"Студент 6784","ББМО-01-23",2,4.1,4
6785,"Студент 6785","ББМО-01-23",4,3.5,4.8
6786,"Студент 6786","ББМО-01-23",1,3.8,3.4
6787,"Студент 6787","ББМО-01-23",1,4.5,3.8
6788,"Студент 6788","ББМО-01-23",1,4.9,4
6790,"Студент 6790","ББМО-01-23",2,3.3,3.6
6791,"Студент 6791","ББМО-01-23",2,3.3,3.6
6792,"Студент 6792","ББМО-01-23",1,4.5,3.8
6793,"Студент 6793","ББМО-01-23",4,3.7,4.8
6795,"Студент 6795","ББМО-01-23",2,3.6,3.8
6796,"Студент 6796","ББМО-01-23",3,3.1,4
6797,"Студент 6797","ББМО-01-23",2,3.2,3.6
6798,"Студент 6798","ББМО-01-23",1,3.4,3.2
6801,"Студент 6801","ББМО-01-23",4,3.6,4.8
6802,"Студент 6802","ББМО-01-23",3,3.9,4.5
6803,"Студент 6803","ББМО-01-23",4,4.5,5.3
6804,"Студент 6804","ББМО-01-23",4,3.1,4.5
6805,"Студент 6805","ББМО-01-23",3,4.1,4.5
6807,"Студент 6807","ББМО-01-23",3,3.6,4.3
6808,"Студент 6808","ББМО-01-23",4,4.8,5.4
6809,"Студент 6809","ББМО-01-23",1,3.6,3.3
6810,"Студент 6810","ББМО-01-23",4,4.1,5
6812,"Студент 6812","ББМО-01-23",1,4.1,3.5
6814,"Студент 6814","ББМО-01-23",4,4.4,5.2
6815,"Студент 6815","ББМО-01-23",4,5,5.5
6816,"Студент 6816","ББМО-01-23",1,3.6,3.3
6818,"Студент 6818","ББМО-01-23",2,3.8,3.9
6819,"Студент 6819","ББМО-01-23",2,3.2,3.6
6820,"Студент 6820","ББМО-01-23",1,4.9,4
6821,"Студент 6821","ББМО-01-23",1,3.7,3.4
6822,"Студент 6822","ББМО-01-23",3,4.6,4.8
6823,"Студент 6823","ББМО-01-23",4,4.8,5.4
6824,"Студент 6824","ББМО-01-23",3,4.9,5
6825,"Студент 6825","ББМО-01-23",4,3.4,4.7
6826,"Студент 6826","ББМО-01-23",3,4,4.5
6827,"Студент 6827","ББМО-01-23",2,4.8,4.4
6829,"Студент 6829","ББМО-01-23",4,4.4,5.2
6830,"Студент 6830","ББМО-01-23",1,4.4,3.7
6832,"Студент 6832","ББМО-01-23",4,3.3,4.7
6834,"Студент 6834","ББМО-01-23",2,4.3,4.2
6835,"Студент 6835","ББМО-01-23",4,4.9,5.5
6836,"Студент 6836","ББМО-01-23",4,4.8,5.4
6838,"Студент 6838","ББМО-01-23",1,4.8,3.9
6839,"Студент 6839","ББМО-01-23",2,3.8,3.9
6840,"Студент 6840","ББМО-01-23",3,5,5
6842,"Студент 6842","ББМО-01-23",4,3.5,4.8
6843,"Студент 6843","ББМО-01-23",4,4,5
6844,"Студент 6844","ББМО-01-23",4,4.5,5.3
6845,"Студент 6845","ББМО-01-23",4,4.3,5.2
6847,"Студент 6847","ББМО-01-23",3,3.8,4.4
6850,"Студент 6850","ББМО-01-23",4,4,5
6853,"Студент 6853","ББМО-01-23",2,3.3,3.6
6855,"Студент 6855","ББМО-01-23",1,3.1,3
6859,"Студент 6859","ББМО-01-23",2,4,4
6864,"Студент 6864","ББМО-01-23",4,3.9,5
6865,"Студент 6865","ББМО-01-23",3,4.7,4.8
6866,"Студент 6866","ББМО-01-23",1,4.3,3.6
6867,"Студент 6867","ББМО-01-23",4,4.1,5
6868,"Студент 6868","ББМО-01-23",4,3.7,4.8
6869,"Студент 6869","ББМО-01-23",1,4.3,3.6
6870,"Студент 6870","ББМО-01-23",2,3.9,4
6871,"Студент 6871","ББМО-01-23",1,4.6,3.8
6873,"Студент 6873","ББМО-01-23",1,3.8,3.4
6875,"Студент 6875","ББМО-01-23",1,3.4,3.2
6876,"Студент 6876","ББМО-01-23",1,4.8,3.9
6877,"Студент 6877","ББМО-01-23",3,4.6,4.8
6879,"Студент 6879","ББМО-01-23",3,3.5,4.3
6880,"Студент 6880","ББМО-01-23",4,5,5.5
6881,"Студент 6881","ББМО-01-23",1,4.5,3.8
6882,"Студент 6882","ББМО-01-23",1,4.9,4
6883,"Студент 6883","ББМО-01-23",2,4.4,4.2
6885,"Студент 6885","ББМО-01-23",1,3.7,3.4
6886,"Студент 6886","ББМО-01-23",1,3.5,3.3
6895,"Студент 6895","ББМО-01-23",2,3.9,4
6897,"Студент 6897","ББМО-01-23",3,3.8,4.4
6898,"Студент 6898","ББМО-01-23",1,3.2,3.1
6900,"Студент 6900","ББМО-01-23",4,4.3,5.2
6901,"Студент 6901","ББМО-01-23",1,5,4
6902,"Студент 6902","ББМО-01-23",4,4.4,5.2
6903,"Студент 6903","ББМО-01-23",4,4.1,5
6904,"Студент 6904","ББМО-01-23",4,3.5,4.8
6907,"Студент 6907","ББМО-01-23",2,4.7,4.3
6908,"Студент 6908","ББМО-01-23",3,3.2,4.1
6910,"Студент 6910","ББМО-01-23",4,4.4,5.2
6911,"Студент 6911","ББМО-01-23",4,4.6,5.3
6912,"Студент 6912","ББМО-01-23",1,3.3,3.1
6913,"Студент 6913","ББМО-01-23",2,3.2,3.6
6914,"Студент 6914","ББМО-01-23",2,4.2,4.1
6916,"Студент 6916","ББМО-01-23",4,4,5
6918,"Студент 6918","ББМО-01-23",2,3.3,3.6
6919,"Студент 6919","ББМО-01-23",3,4.4,4.7
6920,"Студент 6920","ББМО-01-23",3,3.9,4.5
6921,"Студент 6921","ББМО-01-23",1,3.2,3.1
6922,"Студент 6922","ББМО-01-23",3,4.8,4.9
6923,"Студент 6923","ББМО-01-23",1,3.8,3.4
6925,"Студент 6925","ББМО-01-23",4,3.2,4.6
6926,"Студент 6926","ББМО-01-23",3,4.3,4.7
6928,"Студент 6928","ББМО-01-23",2,4.7,4.3
6930,"Студент 6930","ББМО-01-23",4,3.8,4.9
6933,"Студент 6933","ББМО-01-23",2,3.4,3.7
6934,"Студент 6934","ББМО-01-23",4,3.3,4.7
6935,"Студент 6935","ББМО-01-23",4,4.9,5.5
6936,"Студент 6936","ББМО-01-23",3,4.3,4.7
6938,"Студент 6938","ББМО-01-23",1,3.5,3.3
6939,"Студент 6939","ББМО-01-23",4,3.4,4.7
6941,"Студент 6941","ББМО-01-23",2,3.6,3.8
6942,"Студент 6942","ББМО-01-23",3,3.8,4.4
6943,"Студент 6943","ББМО-01-23",3,3.8,4.4
6944,"Студент 6944","ББМО-01-23",4,4.2,5.1
6945,"Студент 6945","ББМО-01-23",2,3.8,3.9
6948,"Студент 6948","ББМО-01-23",2,4.2,4.1
6949,"Студент 6949","ББМО-01-23",1,4.5,3.8
6950,"Студент 6950","ББМО-01-23",4,3.8,4.9
6952,"Студент 6952","ББМО-01-23",1,3.5,3.3
6953,"Студент 6953","ББМО-01-23",4,4.4,5.2
6955,"Студент 6955","ББМО-01-23",1,4.8,3.9
6956,"Студент 6956","ББМО-01-23",4,3.3,4.7
6958,"Студент 6958","ББМО-01-23",3,4,4.5
6959,"Студент 6959","ББМО-01-23",4,4.3,5.2
6960,"Студент 6960","ББМО-01-23",4,4,5
6962,"Студент 6962","ББМО-01-23",4,3.8,4.9
6964,"Студент 6964","ББМО-01-23",3,3.8,4.4
6966,"Студент 6966","ББМО-01-23",1,3.4,3.2
6968,"Студент 6968","ББМО-01-23",4,3.7,4.8
6969,"Студент 6969","ББМО-01-23",3,4.5,4.8
6970,"Студент 6970","ББМО-01-23",4,3.2,4.6
6973,"Студент 6973","ББМО-01-23",4,4.3,5.2
6974,"Студент 6974","ББМО-01-23",1,4.8,3.9
6975,"Студент 6975","ББМО-01-23",1,4.2,3.6
6977,"Студент 6977","ББМО-01-23",3,4.2,4.6
6978,"Студент 6978","ББМО-01-23",3,3.1,4
6979,"Студент 6979","ББМО-01-23",4,3.6,4.8
6981,"Студент 6981","ББМО-01-23",1,4.8,3.9
6982,"Студент 6982","ББМО-01-23",4,4.8,5.4
6983,"Студент 6983","ББМО-01-23",4,3.2,4.6
6984,"Студент 6984","ББМО-01-23",2,4.3,4.2
6985,"Студент 6985","ББМО-01-23",1,4.1,3.5
6988,"Студент 6988","ББМО-01-23",2,3.4,3.7
6989,"Студент 6989","ББМО-01-23",4,3.3,4.7
6990,"Студент 6990","ББМО-01-23",2,3.2,3.6
6993,"Студент 6993","ББМО-01-23",2,4.3,4.2
6995,"Студент 6995","ББМО-01-23",1,4.9,4
6998,"Студент 6998","ББМО-01-23",3,4.9,5
7000,"Студент 7000","ББМО-01-23",1,3.8,3.4
7002,"Студент 7002","ББМО-01-23",2,4.8,4.4
7003,"Студент 7003","ББМО-01-23",1,4.3,3.6
7006,"Студент 7006","ББМО-01-23",4,4.1,5
7007,"Студент 7007","ББМО-01-23",2,4.3,4.2
7010,"Студент 7010","ББМО-01-23",2,3.3,3.6
7014,"Студент 7014","ББМО-01-23",3,3.2,4.1
7015,"Студент 7015","ББМО-01-23",1,4.9,4
7016,"Студент 7016","ББМО-01-23",2,3.7,3.9
7017,"Студент 7017","ББМО-01-23",1,4.7,3.9
7018,"Студент 7018","ББМО-01-23",1,3.4,3.2
7019,"Студент 7019","ББМО-01-23",1,3.2,3.1
7022,"Студент 7022","ББМО-01-23",1,3.1,3
7024,"Студент 7024","ББМО-01-23",4,4.4,5.2
7026,"Студент 7026","ББМО-01-23",2,4.8,4.4
7027,"Студент 7027","ББМО-01-23",4,4.2,5.1
7028,"Студент 7028","ББМО-01-23",4,3.8,4.9
7029,"Студент 7029","ББМО-01-23",1,4.1,3.5
7030,"Студент 7030","ББМО-01-23",2,3.2,3.6
7035,"Студент 7035","ББМО-01-23",3,4.6,4.8
7036,"Студент 7036","ББМО-01-23",4,4.8,5.4
7037,"Студент 7037","ББМО-01-23",1,4.8,3.9
7040,"Студент 7040","ББМО-01-23",1,4.4,3.7
7041,"Студент 7041","ББМО-01-23",1,3.4,3.2
7045,"Студент 7045","ББМО-01-23",2,3.2,3.6
7046,"Студент 7046","ББМО-01-23",1,4.5,3.8
7047,"Студент 7047","ББМО-01-23",1,4,3.5
7048,"Студент 7048","ББМО-01-23",1,4.8,3.9
7049,"Студент 7049","ББМО-01-23",2,4.7,4.3
7052,"Студент 7052","ББМО-01-23",1,3.5,3.3
7053,"Студент 7053","ББМО-01-23",4,3.5,4.8
7055,"Студент 7055","ББМО-01-23",1,3.2,3.1
7057,"Студент 7057","ББМО-01-23",4,4.6,5.3
7058,"Студент 7058","ББМО-01-23",2,4.8,4.4
7060,"Студент 7060","ББМО-01-23",4,3.1,4.5
7061,"Студент 7061","ББМО-01-23",3,4.4,4.7
7064,"Студент 7064","ББМО-01-23",1,4.2,3.6
7066,"Студент 7066","ББМО-01-23",3,4.2,4.6
7067,"Студент 7067","ББМО-01-23",4,4.3,5.2
7068,"Студент 7068","ББМО-01-23",3,4.7,4.8
7070,"Студент 7070","ББМО-01-23",1,4.4,3.7
7071,"Студент 7071","ББМО-01-23",1,4.1,3.5
7073,"Студент 7073","ББМО-01-23",4,3.4,4.7
7074,"Студент 7074","ББМО-01-23",2,3.3,3.6
7075,"Студент 7075","ББМО-01-23",1,4.8,3.9
7076,"Студент 7076","ББМО-01-23",1,3.9,3.5
7078,"Студент 7078","ББМО-01-23",3,3.9,4.5
7079,"Студент 7079","ББМО-01-23",2,3.6,3.8
7080,"Студент 7080","ББМО-01-23",1,4.5,3.8
7082,"Студент 7082","ББМО-01-23",2,4.9,4.5
7084,"Студент 7084","ББМО-01-23",3,4,4.5
7086,"Студент 7086","ББМО-01-23",4,3.3,4.7
7088,"Студент 7088","ББМО-01-23",2,3.4,3.7
7089,"Студент 7089","ББМО-01-23",1,4.2,3.6
7093,"Студент 7093","ББМО-01-23",3,3.2,4.1
7094,"Студент 7094","ББМО-01-23",3,3.1,4
7095,"Студент 7095","ББМО-01-23",2,3.1,3.5
7096,"Студент 7096","ББМО-01-23",4,3.8,4.9
7100,"Студент 7100","ББМО-01-23",2,4.9,4.5
7101,"Студент 7101","ББМО-01-23",4,4.9,5.5
7102,"Студент 7102","ББМО-01-23",1,4.4,3.7
7104,"Студент 7104","ББМО-01-23",2,3.8,3.9
7105,"Студент 7105","ББМО-01-23",1,3.2,3.1
7106,"Студент 7106","ББМО-01-23",3,4.8,4.9
7107,"Студент 7107","ББМО-01-23",2,4.9,4.5
7110,"Студент 7110","ББМО-01-23",4,3.5,4.8
7114,"Студент 7114","ББМО-01-23",3,3.5,4.3
7116,"Студент 7116","ББМО-01-23",1,4.8,3.9
7117,"Студент 7117","ББМО-01-23",2,4.5,4.3
7119,"Студент 7119","ББМО-01-23",2,4.8,4.4
7120,"Студент 7120","ББМО-01-23",1,4.1,3.5
7121,"Студент 7121","ББМО-01-23",2,4.2,4.1
7122,"Студент 7122","ББМО-01-23",1,4.5,3.8
7123,"Студент 7123","ББМО-01-23",2,3.6,3.8
7125,"Студент 7125","ББМО-01-23",4,3.7,4.8
7126,"Студент 7126","ББМО-01-23",3,4.4,4.7
7127,"Студент 7127","ББМО-01-23",4,4.1,5
7128,"Студент 7128","ББМО-01-23",4,4.2,5.1
7129,"Студент 7129","ББМО-01-23",3,4.4,4.7
7130,"Студент 7130","ББМО-01-23",1,4.7,3.9
7131,"Студент 7131","ББМО-01-23",4,4.8,5.4
7132,"Студент 7132","ББМО-01-23",2,4.1,4
7133,"Студент 7133","ББМО-01-23",2,4.2,4.1
7134,"Студент 7134","ББМО-01-23",1,4.5,3.8
7135,"Студент 7135","ББМО-01-23",1,3.7,3.4
7138,"Студент 7138","ББМО-01-23",1,3.6,3.3
7140,"Студент 7140","ББМО-01-23",3,4.4,4.7
7141,"Студент 7141","ББМО-01-23",3,4.8,4.9
7142,"Студент 7142","ББМО-01-23",3,5,5
7143,"Студент 7143","ББМО-01-23",2,4.8,4.4
7145,"Студент 7145","ББМО-01-23",3,3.1,4
7146,"Студент 7146","ББМО-01-23",3,3.7,4.3
7150,"Студент 7150","ББМО-01-23",3,4,4.5
7151,"Студент 7151","ББМО-01-23",2,3.8,3.9
7152,"Студент 7152","ББМО-01-23",2,3.5,3.8
7153,"Студент 7153","ББМО-01-23",4,3.6,4.8
7154,"Студент 7154","ББМО-01-23",3,3.3,4.2
7157,"Студент 7157","ББМО-01-23",2,4.3,4.2
7158,"Студент 7158","ББМО-01-23",3,3.5,4.3
7159,"Студент 7159","ББМО-01-23",2,3.8,3.9
7160,"Студент 7160","ББМО-01-23",4,4.7,5.3
7161,"Студент 7161","ББМО-01-23",2,4.7,4.3
7163,"Студент 7163","ББМО-01-23",2,4.7,4.3
7165,"Студент 7165","ББМО-01-23",3,3.3,4.2
7167,"Студент 7167","ББМО-01-23",2,4.5,4.3
7168,"Студент 7168","ББМО-01-23",3,4.2,4.6
7169,"Студент 7169","ББМО-01-23",1,3.4,3.2
7170,"Студент 7170","ББМО-01-23",4,3.4,4.7
7171,"Студент 7171","ББМО-01-23",1,5,4
7172,"Студент 7172","ББМО-01-23",1,3.4,3.2
7173,"Студент 7173","ББМО-01-23",1,4.6,3.8
7174,"Студент 7174","ББМО-01-23",1,4.4,3.7
7175,"Студент 7175","ББМО-01-23",4,4.7,5.3
7177,"Студент 7177","ББМО-01-23",1,5,4
7178,"Студент 7178","ББМО-01-23",3,3.5,4.3
7179,"Студент 7179","ББМО-01-23",2,4.9,4.5
7181,"Студент 7181","ББМО-01-23",2,3.8,3.9
7182,"Студент 7182","ББМО-01-23",1,3.2,3.1
7184,"Студент 7184","ББМО-01-23",2,4.1,4
7185,"Студент 7185","ББМО-01-23",3,4.3,4.7
7187,"Студент 7187","ББМО-01-23",4,3.6,4.8
7188,"Студент 7188","ББМО-01-23",4,4.7,5.3
7189,"Студент 7189","ББМО-01-23",3,3.7,4.3
7190,"Студент 7190","ББМО-01-23",2,3.5,3.8
7192,"Студент 7192","ББМО-01-23",3,4.9,5
7194,"Студент 7194","ББМО-01-23",1,4.3,3.6
7195,"Студент 7195","ББМО-01-23",3,5,5
7196,"Студент 7196","ББМО-01-23",1,3.3,3.1
7199,"Студент 7199","ББМО-01-23",1,3.1,3
7200,"Студент 7200","ББМО-01-23",4,4.4,5.2
7201,"Студент 7201","ББМО-01-23",3,3.1,4
7202,"Студент 7202","ББМО-01-23",2,4.4,4.2
7203,"Студент 7203","ББМО-01-23",1,3.1,3
7204,"Студент 7204","ББМО-01-23",1,3.9,3.5
7205,"Студент 7205","ББМО-01-23",1,3.7,3.4
7206,"Студент 7206","ББМО-01-23",1,3.6,3.3
7207,"Студент 7207","ББМО-01-23",4,3.3,4.7
7209,"Студент 7209","ББМО-01-23",4,3.8,4.9
7211,"Студент 7211","ББМО-01-23",1,4.9,4
7212,"Студент 7212","ББМО-01-23",2,4.1,4
7213,"Студент 7213","ББМО-01-23",3,5,5
7214,"Студент 7214","ББМО-01-23",1,3.6,3.3
7215,"Студент 7215","ББМО-01-23",1,4.4,3.7
7216,"Студент 7216","ББМО-01-23",2,4.4,4.2
7219,"Студент 7219","ББМО-01-23",1,4.3,3.6
7220,"Студент 7220","ББМО-01-23",3,4.2,4.6
7225,"Студент 7225","ББМО-01-23",4,4.5,5.3
7226,"Студент 7226","ББМО-01-23",2,3.1,3.5
7231,"Студент 7231","ББМО-01-23",4,3.4,4.7
7233,"Студент 7233","ББМО-01-23",3,3.5,4.3
7234,"Студент 7234","ББМО-01-23",3,3.3,4.2
7235,"Студент 7235","ББМО-01-23",4,4.1,5
7236,"Студент 7236","ББМО-01-23",2,4.2,4.1
7237,"Студент 7237","ББМО-01-23",4,3.5,4.8
7239,"Студент 7239","ББМО-01-23",2,3.4,3.7
7242,"Студент 7242","ББМО-01-23",2,4.1,4
7243,"Студент 7243","ББМО-01-23",2,3.4,3.7
7244,"Студент 7244","ББМО-01-23",3,4.1,4.5
7245,"Студент 7245","ББМО-01-23",2,4.8,4.4
7246,"Студент 7246","ББМО-01-23",2,3.3,3.6
7249,"Студент 7249","ББМО-01-23",3,4.6,4.8
7250,"Студент 7250","ББМО-01-23",1,3.7,3.4
7251,"Студент 7251","ББМО-01-23",4,3.9,5
7252,"Студент 7252","ББМО-01-23",2,3.6,3.8
7254,"Студент 7254","ББМО-01-23",3,4.5,4.8
7255,"Студент 7255","ББМО-01-23",4,4,5
7256,"Студент 7256","ББМО-01-23",4,4,5
7257,"Студент 7257","ББМО-01-23",3,3.5,4.3
7258,"Студент 7258","ББМО-01-23",2,4.3,4.2
7259,"Студент 7259","ББМО-01-23",4,4.4,5.2
7260,"Студент 7260","ББМО-01-23",3,3.6,4.3
7261,"Студент 7261","ББМО-01-23",4,4.9,5.5
7262,"Студент 7262","ББМО-01-23",4,3.8,4.9
7264,"Студент 7264","ББМО-01-23",1,3.9,3.5
7267,"Студент 7267","ББМО-01-23",3,4.8,4.9
7268,"Студент 7268","ББМО-01-23",2,3.3,3.6
7269,"Студент 7269","ББМО-01-23",2,4.4,4.2
7270,"Студент 7270","ББМО-01-23",2,4.7,4.3
7271,"Студент 7271","ББМО-01-23",3,3.8,4.4
7272,"Студент 7272","ББМО-01-23",1,4.1,3.5
7273,"Студент 7273","ББМО-01-23",4,3.7,4.8
7276,"Студент 7276","ББМО-01-23",1,4.3,3.6
7278,"Студент 7278","ББМО-01-23",2,3.2,3.6
7279,"Студент 7279","ББМО-01-23",1,4.5,3.8
7281,"Студент 7281","ББМО-01-23",3,4,4.5
7282,"Студент 7282","ББМО-01-23",4,3.1,4.5
7284,"Студент 7284","ББМО-01-23",2,3.2,3.6
7288,"Студент 7288","ББМО-01-23",2,4.4,4.2
7289,"Студент 7289","ББМО-01-23",1,3.7,3.4
7291,"Студент 7291","ББМО-01-23",2,4.6,4.3
7292,"Студент 7292","ББМО-01-23",2,3.9,4
7294,"Студент 7294","ББМО-01-23",4,3.8,4.9
7297,"Студент 7297","ББМО-01-23",2,3.8,3.9
7299,"Студент 7299","ББМО-01-23",2,4.7,4.3
7300,"Студент 7300","ББМО-01-23",4,4.9,5.5
7303,"Студент 7303","ББМО-01-23",2,3.8,3.9
7304,"Студент 7304","ББМО-01-23",2,4.7,4.3
7305,"Студент 7305","ББМО-01-23",1,4.6,3.8
7306,"Студент 7306","ББМО-01-23",1,3.5,3.3
7307,"Студент 7307","ББМО-01-23",2,3.8,3.9
7309,"Студент 7309","ББМО-01-23",3,3.9,4.5
7311,"Студент 7311","ББМО-01-23",2,4,4
7312,"Студент 7312","ББМО-01-23",1,3.1,3
7313,"Студент 7313","ББМО-01-23",1,3.8,3.4
7314,"Студент 7314","ББМО-01-23",3,3.5,4.3
7315,"Студент 7315","ББМО-01-23",1,3.5,3.3
7316,"Студент 7316","ББМО-01-23",3,4.3,4.7
7320,"Студент 7320","ББМО-01-23",2,3.6,3.8
7322,"Студент 7322","ББМО-01-23",4,3.2,4.6
7323,"Студент 7323","ББМО-01-23",2,4.3,4.2
7324,"Студент 7324","ББМО-01-23",3,3.5,4.3
7325,"Студент 7325","ББМО-01-23",1,3.9,3.5
7326,"Студент 7326","ББМО-01-23",2,4.9,4.5
7328,"Студент 7328","ББМО-01-23",3,3.5,4.3
7331,"Студент 7331","ББМО-01-23",4,3.1,4.5
7332,"Студент 7332","ББМО-01-23",3,3.8,4.4
7335,"Студент 7335","ББМО-01-23",2,4.9,4.5
7336,"Студент 7336","ББМО-01-23",4,3.9,5
7337,"Студент 7337","ББМО-01-23",2,4.5,4.3
7339,"Студент 7339","ББМО-01-23",3,4.9,5
7342,"Студент 7342","ББМО-01-23",2,4.4,4.2
7343,"Студент 7343","ББМО-01-23",1,4.3,3.6
7344,"Студент 7344","ББМО-01-23",2,4.7,4.3
7346,"Студент 7346","ББМО-01-23",3,3.7,4.3
7347,"Студент 7347","ББМО-01-23",4,3.1,4.5
7348,"Студент 7348","ББМО-01-23",1,3.7,3.4
7349,"Студент 7349","ББМО-01-23",3,3.5,4.3
7350,"Студент 7350","ББМО-01-23",1,3.7,3.4
7352,"Студент 7352","ББМО-01-23",4,3.9,5
7355,"Студент 7355","ББМО-01-23",3,4.4,4.7
7356,"Студент 7356","ББМО-01-23",4,4.4,5.2
7360,"Студент 7360","ББМО-01-23",3,3.5,4.3
7361,"Студент 7361","ББМО-01-23",1,3.8,3.4
7362,"Студент 7362","ББМО-01-23",1,3.7,3.4
7363,"Студент 7363","ББМО-01-23",3,4.8,4.9
7365,"Студент 7365","ББМО-01-23",3,3.4,4.2
7366,"Студент 7366","ББМО-01-23",4,4.3,5.2
7369,"Студент 7369","ББМО-01-23",1,3.1,3
7370,"Студент 7370","ББМО-01-23",4,4.1,5
7371,"Студент 7371","ББМО-01-23",4,3.9,5
7373,"Студент 7373","ББМО-01-23",3,3.3,4.2
7374,"Студент 7374","ББМО-01-23",4,4,5
7375,"Студент 7375","ББМО-01-23",2,3.3,3.6
7376,"Студент 7376","ББМО-01-23",2,4,4
7377,"Студент 7377","ББМО-01-23",1,3.6,3.3
7379,"Студент 7379","ББМО-01-23",3,3.1,4
7381,"Студент 7381","ББМО-01-23",3,3.2,4.1
7382,"Студент 7382","ББМО-01-23",1,5,4
7383,"Студент 7383","ББМО-01-23",2,3.6,3.8
7384,"Студент 7384","ББМО-01-23",4,3.5,4.8
7385,"Студент 7385","ББМО-01-23",3,3.4,4.2
7387,"Студент 7387","ББМО-01-23",3,4.1,4.5
7390,"Студент 7390","ББМО-01-23",2,3.9,4
7391,"Студент 7391","ББМО-01-23",4,4.4,5.2
7392,"Студент 7392","ББМО-01-23",3,4.2,4.6
7394,"Студент 7394","ББМО-01-23",3,4.5,4.8
7395,"Студент 7395","ББМО-01-23",2,3.1,3.5
7396,"Студент 7396","ББМО-01-23",2,3.8,3.9
7397,"Студент 7397","ББМО-01-23",2,4.6,4.3
7398,"Студент 7398","ББМО-01-23",3,4.7,4.8
7399,"Студент 7399","ББМО-01-23",4,4.2,5.1
7402,"Студент 7402","ББМО-01-23",2,4.3,4.2
7404,"Студент 7404","ББМО-01-23",2,5,4.5
7405,"Студент 7405","ББМО-01-23",4,4.4,5.2
7408,"Студент 7408","ББМО-01-23",3,4.3,4.7
7410,"Студент 7410","ББМО-01-23",2,3.3,3.6
7412,"Студент 7412","ББМО-01-23",1,3.9,3.5
7413,"Студент 7413","ББМО-01-23",3,3.7,4.3
7414,"Студент 7414","ББМО-01-23",1,4.5,3.8
7415,"Студент 7415","ББМО-01-23",1,3.4,3.2
7416,"Студент 7416","ББМО-01-23",3,4,4.5
7420,"Студент 7420","ББМО-01-23",3,4.1,4.5
7421,"Студент 7421","ББМО-01-23",4,4,5
7422,"Студент 7422","ББМО-01-23",2,3.3,3.6
7423,"Студент 7423","ББМО-01-23",4,4,5
7424,"Студент 7424","ББМО-01-23",3,4.8,4.9
7425,"Студент 7425","ББМО-01-23",2,4.9,4.5
7428,"Студент 7428","ББМО-01-23",4,4.8,5.4
7431,"Студент 7431","ББМО-01-23",3,3.1,4
7435,"Студент 7435","ББМО-01-23",4,3.1,4.5
7437,"Студент 7437","ББМО-01-23",1,4.6,3.8
7438,"Студент 7438","ББМО-01-23",4,3.3,4.7
7440,"Студент 7440","ББМО-01-23",1,4.3,3.6
7441,"Студент 7441","ББМО-01-23",2,4.6,4.3
7443,"Студент 7443","ББМО-01-23",2,4,4
7444,"Студент 7444","ББМО-01-23",3,5,5
7445,"Студент 7445","ББМО-01-23",3,3.9,4.5
7446,"Студент 7446","ББМО-01-23",2,3.9,4
7447,"Студент 7447","ББМО-01-23",1,3.8,3.4
7448,"Студент 7448","ББМО-01-23",4,4.2,5.1
7449,"Студент 7449","ББМО-01-23",4,4,5
7451,"Студент 7451","ББМО-01-23",1,4.7,3.9
7452,"Студент 7452","ББМО-01-23",4,3.8,4.9
7454,"Студент 7454","ББМО-01-23",2,3.1,3.5
7456,"Студент 7456","ББМО-01-23",2,4.2,4.1
7457,"Студент 7457","ББМО-01-23",2,3.3,3.6
7458,"Студент 7458","ББМО-01-23",2,3.2,3.6
7460,"Студент 7460","ББМО-01-23",2,3.9,4
7461,"Студент 7461","ББМО-01-23",3,3.9,4.5
7463,"Студент 7463","ББМО-01-23",3,4.9,5
7465,"Студент 7465","ББМО-01-23",2,3.3,3.6
7466,"Студент 7466","ББМО-01-23",1,3.1,3
7467,"Студент 7467","ББМО-01-23",3,3.5,4.3
7468,"Студент 7468","ББМО-01-23",3,4.4,4.7
7469,"Студент 7469","ББМО-01-23",1,4.2,3.6
7473,"Студент 7473","ББМО-01-23",1,4.3,3.6
7474,"Студент 7474","ББМО-01-23",2,4.7,4.3
7475,"Студент 7475","ББМО-01-23",2,4.7,4.3
7476,"Студент 7476","ББМО-01-23",1,4.8,3.9
7477,"Студент 7477","ББМО-01-23",4,3.3,4.7
7479,"Студент 7479","ББМО-01-23",2,3.5,3.8
7480,"Студент 7480","ББМО-01-23",2,4.5,4.3
7481,"Студент 7481","ББМО-01-23",3,5,5
7482,"Студент 7482","ББМО-01-23",1,3.1,3
7483,"Студент 7483","ББМО-01-23",2,4.9,4.5
7485,"Студент 7485","ББМО-01-23",4,3.8,4.9
7487,"Студент 7487","ББМО-01-23",2,3.7,3.9
7489,"Студент 7489","ББМО-01-23",2,4.5,4.3
7490,"Студент 7490","ББМО-01-23",4,3.4,4.7
7491,"Студент 7491","ББМО-01-23",1,3.5,3.3
7492,"Студент 7492","ББМО-01-23",3,3.7,4.3
7493,"Студент 7493","ББМО-01-23",2,3.7,3.9
7494,"Студент 7494","ББМО-01-23",2,4.2,4.1
7495,"Студент 7495","ББМО-01-23",1,3.8,3.4
7496,"Студент 7496","ББМО-01-23",1,3.2,3.1
7497,"Студент 7497","ББМО-01-23",3,3.9,4.5
7498,"Студент 7498","ББМО-01-23",2,4.3,4.2
7501,"Студент 7501","ББМО-01-23",1,3.9,3.5
7503,"Студент 7503","ББМО-01-23",3,4.8,4.9
7506,"Студент 7506","ББМО-01-23",2,4.5,4.3
7508,"Студент 7508","ББМО-01-23",1,4.4,3.7
7509,"Студент 7509","ББМО-01-23",3,4.1,4.5
7510,"Студент 7510","ББМО-01-23",3,4,4.5
7511,"Студент 7511","ББМО-01-23",1,4.6,3.8
7512,"Студент 7512","ББМО-01-23",4,3.4,4.7
7514,"Студент 7514","ББМО-01-23",4,4.2,5.1
7516,"Студент 7516","ББМО-01-23",3,4.5,4.8
7522,"Студент 7522","ББМО-01-23",2,4,4
7525,"Студент 7525","ББМО-01-23",1,3.6,3.3
7526,"Студент 7526","ББМО-01-23",1,4.9,4
7528,"Студент 7528","ББМО-01-23",2,4.6,4.3
7530,"Студент 7530","ББМО-01-23",2,3.7,3.9
7531,"Студент 7531","ББМО-01-23",1,3.1,3
7535,"Студент 7535","ББМО-01-23",3,4.6,4.8
7537,"Студент 7537","ББМО-01-23",3,4.7,4.8
7539,"Студент 7539","ББМО-01-23",3,4.3,4.7
7541,"Студент 7541","ББМО-01-23",2,4.9,4.5
7542,"Студент 7542","ББМО-01-23",4,4.2,5.1
7545,"Студент 7545","ББМО-01-23",4,4.6,5.3
7546,"Студент 7546","ББМО-01-23",1,4.1,3.5
7547,"Студент 7547","ББМО-01-23",2,4.5,4.3
7549,"Студент 7549","ББМО-01-23",4,4.8,5.4
7551,"Студент 7551","ББМО-01-23",3,3.4,4.2
7552,"Студент 7552","ББМО-01-23",1,4.1,3.5
7553,"Студент 7553","ББМО-01-23",1,4.2,3.6
7555,"Студент 7555","ББМО-01-23",3,4.9,5
7556,"Студент 7556","ББМО-01-23",2,3.3,3.6
7558,"Студент 7558","ББМО-01-23",1,4.9,4
7559,"Студент 7559","ББМО-01-23",4,4.1,5
7560,"Студент 7560","ББМО-01-23",4,4.1,5
7562,"Студент 7562","ББМО-01-23",4,3.8,4.9
7563,"Студент 7563","ББМО-01-23",2,4.1,4
7565,"Студент 7565","ББМО-01-23",3,3.5,4.3
7566,"Студент 7566","ББМО-01-23",3,4,4.5
7567,"Студент 7567","ББМО-01-23",1,4.5,3.8
7569,"Студент 7569","ББМО-01-23",4,4.9,5.5
7570,"Студент 7570","ББМО-01-23",1,3.2,3.1
7571,"Студент 7571","ББМО-01-23",4,4.8,5.4
7572,"Студент 7572","ББМО-01-23",1,4.4,3.7
7573,"Студент 7573","ББМО-01-23",3,5,5
7574,"Студент 7574","ББМО-01-23",1,4.8,3.9
7575,"Студент 7575","ББМО-01-23",4,4.8,5.4
7576,"Студент 7576","ББМО-01-23",1,4.1,3.5
7577,"Студент 7577","ББМО-01-23",2,3.3,3.6
7578,"Студент 7578","ББМО-01-23",4,4.1,5
7579,"Студент 7579","ББМО-01-23",3,4.8,4.9
7582,"Студент 7582","ББМО-01-23",1,4,3.5
7583,"Студент 7583","ББМО-01-23",3,3.3,4.2
7586,"Студент 7586","ББМО-01-23",2,3.6,3.8
7587,"Студент 7587","ББМО-01-23",3,4.6,4.8
7590,"Студент 7590","ББМО-01-23",2,4.6,4.3
7591,"Студент 7591","ББМО-01-23",3,3.1,4
7593,"Студент 7593","ББМО-01-23",1,4.1,3.5
7594,"Студент 7594","ББМО-01-23",3,3.4,4.2
7595,"Студент 7595","ББМО-01-23",3,4.3,4.7
7597,"Студент 7597","ББМО-01-23",2,3.6,3.8
7598,"Студент 7598","ББМО-01-23",3,4.4,4.7
7599,"Студент 7599","ББМО-01-23",1,3.5,3.3
7601,"Студент 7601","ББМО-01-23",1,3.2,3.1
7602,"Студент 7602","ББМО-01-23",2,3.8,3.9
7604,"Студент 7604","ББМО-01-23",4,3.5,4.8
7605,"Студент 7605","ББМО-01-23",1,3.1,3
7606,"Студент 7606","ББМО-01-23",2,4.8,4.4
7607,"Студент 7607","ББМО-01-23",3,3.4,4.2
7609,"Студент 7609","ББМО-01-23",2,5,4.5
7611,"Студент 7611","ББМО-01-23",1,4.8,3.9
7613,"Студент 7613","ББМО-01-23",1,4.6,3.8
7614,"Студент 7614","ББМО-01-23",1,3.4,3.2
7616,"Студент 7616","ББМО-01-23",1,4,3.5
7617,"Студент 7617","ББМО-01-23",2,4.2,4.1
7618,"Студент 7618","ББМО-01-23",2,3.9,4
7619,"Студент 7619","ББМО-01-23",4,4.9,5.5
7622,"Студент 7622","ББМО-01-23",2,4.4,4.2
7623,"Студент 7623","ББМО-01-23",2,3.6,3.8
7627,"Студент 7627","ББМО-01-23",2,4.2,4.1
7628,"Студент 7628","ББМО-01-23",4,3.2,4.6
7629,"Студент 7629","ББМО-01-23",1,3.6,3.3
7633,"Студент 7633","ББМО-01-23",3,4.2,4.6
7635,"Студент 7635","ББМО-01-23",2,4.5,4.3
7636,"Студент 7636","ББМО-01-23",2,4.5,4.3
7637,"Студент 7637","ББМО-01-23",4,4.1,5
7639,"Студент 7639","ББМО-01-23",3,3.4,4.2
7641,"Студент 7641","ББМО-01-23",2,4.4,4.2
7642,"Студент 7642","ББМО-01-23",3,4.1,4.5
7646,"Студент 7646","ББМО-01-23",2,3.9,4
7647,"Студент 7647","ББМО-01-23",3,4.9,5
7650,"Студент 7650","ББМО-01-23",3,4.3,4.7
7652,"Студент 7652","ББМО-01-23",1,3.2,3.1
7653,"Студент 7653","ББМО-01-23",2,4.8,4.4
7656,"Студент 7656","ББМО-01-23",2,3.4,3.7
7657,"Студент 7657","ББМО-01-23",4,3.8,4.9
7658,"Студент 7658","ББМО-01-23",3,5,5
7659,"Студент 7659","ББМО-01-23",4,3.2,4.6
7660,"Студент 7660","ББМО-01-23",3,4.5,4.8
7661,"Студент 7661","ББМО-01-23",3,4.2,4.6
7663,"Студент 7663","ББМО-01-23",2,4.8,4.4
7665,"Студент 7665","ББМО-01-23",1,4.8,3.9
7666,"Студент 7666","ББМО-01-23",1,3.3,3.1
7668,"Студент 7668","ББМО-01-23",2,4.5,4.3
7670,"Студент 7670","ББМО-01-23",1,4.4,3.7
7671,"Студент 7671","ББМО-01-23",2,4.1,4
7672,"Студент 7672","ББМО-01-23",1,3.5,3.3
7673,"Студент 7673","ББМО-01-23",3,4.7,4.8
7674,"Студент 7674","ББМО-01-23",1,3.5,3.3
7675,"Студент 7675","ББМО-01-23",2,3.5,3.8
7676,"Студент 7676","ББМО-01-23",2,4,4
7677,"Студент 7677","ББМО-01-23",3,3.1,4
7678,"Студент 7678","ББМО-01-23",4,4.1,5
7679,"Студент 7679","ББМО-01-23",1,4,3.5
7680,"Студент 7680","ББМО-01-23",1,3.7,3.4
7681,"Студент 7681","ББМО-01-23",3,4.7,4.8
7682,"Студент 7682","ББМО-01-23",3,3.9,4.5
7683,"Студент 7683","ББМО-01-23",2,4.6,4.3
7685,"Студент 7685","ББМО-01-23",2,4.9,4.5
7686,"Студент 7686","ББМО-01-23",1,3.6,3.3
7687,"Студент 7687","ББМО-01-23",3,3.3,4.2
7688,"Студент 7688","ББМО-01-23",2,4.6,4.3
7692,"Студент 7692","ББМО-01-23",1,3.5,3.3
7694,"Студент 7694","ББМО-01-23",1,3.6,3.3
7695,"Студент 7695","ББМО-01-23",1,4.5,3.8
7697,"Студент 7697","ББМО-01-23",3,4.9,5
7699,"Студент 7699","ББМО-01-23",2,4.7,4.3
7700,"Студент 7700","ББМО-01-23",1,3.5,3.3
7703,"Студент 7703","ББМО-01-23",1,4.5,3.8
7705,"Студент 7705","ББМО-01-23",4,3.6,4.8
7706,"Студент 7706","ББМО-01-23",3,4.1,4.5
7707,"Студент 7707","ББМО-01-23",3,3.8,4.4
7708,"Студент 7708","ББМО-01-23",3,3.4,4.2
7709,"Студент 7709","ББМО-01-23",1,4.2,3.6
7710,"Студент 7710","ББМО-01-23",4,3.2,4.6
7711,"Студент 7711","ББМО-01-23",2,4.7,4.3
7712,"Студент 7712","ББМО-01-23",1,4.1,3.5
7713,"Студент 7713","ББМО-01-23",2,4.5,4.3
7715,"Студент 7715","ББМО-01-23",3,3.2,4.1
7716,"Студент 7716","ББМО-01-23",1,3.9,3.5
7718,"Студент 7718","ББМО-01-23",4,4.6,5.3
7720,"Студент 7720","ББМО-01-23",2,4.1,4
7721,"Студент 7721","ББМО-01-23",4,4.6,5.3
7722,"Студент 7722","ББМО-01-23",2,3.5,3.8
7726,"Студент 7726","ББМО-01-23",3,4.7,4.8
7728,"Студент 7728","ББМО-01-23",4,4.5,5.3
7731,"Студент 7731","ББМО-01-23",3,4.6,4.8
7732,"Студент 7732","ББМО-01-23",1,3.2,3.1
7733,"Студент 7733","ББМО-01-23",2,4.9,4.5
7734,"Студент 7734","ББМО-01-23",2,4.9,4.5
7735,"Студент 7735","ББМО-01-23",2,3.2,3.6
7737,"Студент 7737","ББМО-01-23",1,3.4,3.2
7738,"Студент 7738","ББМО-01-23",3,3.3,4.2
7740,"Студент 7740","ББМО-01-23",2,3.3,3.6
7742,"Студент 7742","ББМО-01-23",4,4.5,5.3
7743,"Студент 7743","ББМО-01-23",2,4.8,4.4
7744,"Студент 7744","ББМО-01-23",1,4.5,3.8
7745,"Студент 7745","ББМО-01-23",3,3.5,4.3
7746,"Студент 7746","ББМО-01-23",2,3.5,3.8
7747,"Студент 7747","ББМО-01-23",2,4.9,4.5
7748,"Студент 7748","ББМО-01-23",3,4.4,4.7
7749,"Студент 7749","ББМО-01-23",2,4.7,4.3
7751,"Студент 7751","ББМО-01-23",2,4.6,4.3
7752,"Студент 7752","ББМО-01-23",2,3.1,3.5
7753,"Студент 7753","ББМО-01-23",3,5,5
7754,"Студент 7754","ББМО-01-23",4,5,5.5
7756,"Студент 7756","ББМО-01-23",2,3.4,3.7
7757,"Студент 7757","ББМО-01-23",1,3.2,3.1
7758,"Студент 7758","ББМО-01-23",3,4,4.5
7759,"Студент 7759","ББМО-01-23",2,4.9,4.5
7760,"Студент 7760","ББМО-01-23",4,3.9,5
7762,"Студент 7762","ББМО-01-23",1,3.2,3.1
7763,"Студент 7763","ББМО-01-23",4,4.5,5.3
7764,"Студент 7764","ББМО-01-23",3,4.7,4.8
7765,"Студент 7765","ББМО-01-23",2,4.5,4.3
7767,"Студент 7767","ББМО-01-23",4,3.4,4.7
7769,"Студент 7769","ББМО-01-23",1,3.7,3.4
7770,"Студент 7770","ББМО-01-23",2,4.6,4.3
7772,"Студент 7772","ББМО-01-23",4,3.8,4.9
7773,"Студент 7773","ББМО-01-23",4,3.1,4.5
7776,"Студент 7776","ББМО-01-23",1,3.1,3
7777,"Студент 7777","ББМО-01-23",3,3.4,4.2
7778,"Студент 7778","ББМО-01-23",3,4.7,4.8
7780,"Студент 7780","ББМО-01-23",1,3.1,3
7782,"Студент 7782","ББМО-01-23",2,4.6,4.3
7785,"Студент 7785","ББМО-01-23",1,4.6,3.8
7786,"Студент 7786","ББМО-01-23",1,3.3,3.1
7788,"Студент 7788","ББМО-01-23",1,3.4,3.2
7789,"Студент 7789","ББМО-01-23",1,4.7,3.9
7790,"Студент 7790","ББМО-01-23",1,4.2,3.6
7791,"Студент 7791","ББМО-01-23",4,4,5
7792,"Студент 7792","ББМО-01-23",3,3.1,4
7793,"Студент 7793","ББМО-01-23",2,3.1,3.5
7794,"Студент 7794","ББМО-01-23",1,4.7,3.9
7795,"Студент 7795","ББМО-01-23",2,3.9,4
7796,"Студент 7796","ББМО-01-23",3,4.7,4.8
7798,"Студент 7798","ББМО-01-23",4,3.5,4.8
7800,"Студент 7800","ББМО-01-23",3,4.1,4.5
7802,"Студент 7802","ББМО-01-23",1,4.7,3.9
7804,"Студент 7804","ББМО-01-23",4,4,5
7805,"Студент 7805","ББМО-01-23",1,4.8,3.9
7807,"Студент 7807","ББМО-01-23",1,4,3.5
7809,"Студент 7809","ББМО-01-23",4,4.3,5.2
7810,"Студент 7810","ББМО-01-23",3,4.2,4.6
7812,"Студент 7812","ББМО-01-23",1,4.9,4
7813,"Студент 7813","ББМО-01-23",4,3.5,4.8
7814,"Студент 7814","ББМО-01-23",4,3.1,4.5
7816,"Студент 7816","ББМО-01-23",1,4.2,3.6
7817,"Студент 7817","ББМО-01-23",4,4.5,5.3
7820,"Студент 7820","ББМО-01-23",4,5,5.5
7821,"Студент 7821","ББМО-01-23",1,3.6,3.3
7822,"Студент 7822","ББМО-01-23",3,4.4,4.7
7823,"Студент 7823","ББМО-01-23",4,4.4,5.2
7825,"Студент 7825","ББМО-01-23",1,4.9,4
7826,"Студент 7826","ББМО-01-23",1,3.2,3.1
7828,"Студент 7828","ББМО-01-23",2,4.8,4.4
7829,"Студент 7829","ББМО-01-23",4,3.2,4.6
7830,"Студент 7830","ББМО-01-23",1,3.7,3.4
7831,"Студент 7831","ББМО-01-23",4,4.6,5.3
7832,"Студент 7832","ББМО-01-23",4,4.2,5.1
7833,"Студент 7833","ББМО-01-23",4,4.1,5
7834,"Студент 7834","ББМО-01-23",4,3.1,4.5
7836,"Студент 7836","ББМО-01-23",1,3.2,3.1
7839,"Студент 7839","ББМО-01-23",2,4.2,4.1
7842,"Студент 7842","ББМО-01-23",1,4.4,3.7
7843,"Студент 7843","ББМО-01-23",1,4.9,4
7845,"Студент 7845","ББМО-01-23",4,4.3,5.2
7846,"Студент 7846","ББМО-01-23",2,4.4,4.2
7848,"Студент 7848","ББМО-01-23",4,4.4,5.2
7850,"Студент 7850","ББМО-01-23",4,4.8,5.4
7851,"Студент 7851","ББМО-01-23",2,3.3,3.6
7852,"Студент 7852","ББМО-01-23",1,3.2,3.1
7853,"Студент 7853","ББМО-01-23",2,3.4,3.7
7854,"Студент 7854","ББМО-01-23",4,3.4,4.7
7858,"Студент 7858","ББМО-01-23",2,3.8,3.9
7860,"Студент 7860","ББМО-01-23",1,4.9,4
7861,"Студент 7861","ББМО-01-23",4,4.4,5.2
7862,"Студент 7862","ББМО-01-23",4,4.3,5.2
7865,"Студент 7865","ББМО-01-23",3,3.8,4.4
7866,"Студент 7866","ББМО-01-23",3,4.4,4.7
7868,"Студент 7868","ББМО-01-23",2,4.3,4.2
7869,"Студент 7869","ББМО-01-23",2,3.7,3.9
7871,"Студент 7871","ББМО-01-23",3,4.7,4.8
7873,"Студент 7873","ББМО-01-23",4,4.1,5
7874,"Студент 7874","ББМО-01-23",4,4.4,5.2
7876,"Студент 7876","ББМО-01-23",4,3.7,4.8
7878,"Студент 7878","ББМО-01-23",1,4.2,3.6
7879,"Студент 7879","ББМО-01-23",2,4.5,4.3
7881,"Студент 7881","ББМО-01-23",2,3.9,4
7882,"Студент 7882","ББМО-01-23",4,3.6,4.8
7884,"Студент 7884","ББМО-01-23",4,4.1,5
7885,"Студент 7885","ББМО-01-23",4,3.6,4.8
7886,"Студент 7886","ББМО-01-23",1,3.6,3.3
7888,"Студент 7888","ББМО-01-23",1,4.6,3.8
7889,"Студент 7889","ББМО-01-23",3,3.1,4
7890,"Студент 7890","ББМО-01-23",2,4.4,4.2
7891,"Студент 7891","ББМО-01-23",2,4.4,4.2
7892,"Студент 7892","ББМО-01-23",1,4.7,3.9
7893,"Студент 7893","ББМО-01-23",2,4.2,4.1
7894,"Студент 7894","ББМО-01-23",1,4.9,4
7895,"Студент 7895","ББМО-01-23",2,4.9,4.5
7896,"Студент 7896","ББМО-01-23",3,3.4,4.2
7897,"Студент 7897","ББМО-01-23",1,4.7,3.9
7899,"Студент 7899","ББМО-01-23",3,3.2,4.1
7901,"Студент 7901","ББМО-01-23",2,4.5,4.3
7902,"Студент 7902","ББМО-01-23",3,4.3,4.7
7903,"Студент 7903","ББМО-01-23",1,3.5,3.3
7904,"Студент 7904","ББМО-01-23",1,3.1,3
7905,"Студент 7905","ББМО-01-23",1,4.4,3.7
7907,"Студент 7907","ББМО-01-23",1,4.8,3.9
7909,"Студент 7909","ББМО-01-23",1,4.1,3.5
7914,"Студент 7914","ББМО-01-23",2,4.3,4.2
7915,"Студент 7915","ББМО-01-23",3,3.1,4
7916,"Студент 7916","ББМО-01-23",2,3.1,3.5
7917,"Студент 7917","ББМО-01-23",3,4.1,4.5
7923,"Студент 7923","ББМО-01-23",3,3.9,4.5
7924,"Студент 7924","ББМО-01-23",4,4,5
7925,"Студент 7925","ББМО-01-23",1,3.6,3.3
7926,"Студент 7926","ББМО-01-23",1,4.3,3.6
7927,"Студент 7927","ББМО-01-23",1,4.8,3.9
7928,"Студент 7928","ББМО-01-23",4,4.2,5.1
7929,"Студент 7929","ББМО-01-23",3,3.1,4
7931,"Студент 7931","ББМО-01-23",2,4.3,4.2
7932,"Студент 7932","ББМО-01-23",4,4.9,5.5
7933,"Студент 7933","ББМО-01-23",3,3.6,4.3
7937,"Студент 7937","ББМО-01-23",2,3.3,3.6
7938,"Студент 7938","ББМО-01-23",4,4.2,5.1
7941,"Студент 7941","ББМО-01-23",1,3.7,3.4
7942,"Студент 7942","ББМО-01-23",1,4.6,3.8
7943,"Студент 7943","ББМО-01-23",3,4.6,4.8
7945,"Студент 7945","ББМО-01-23",2,4.1,4
7946,"Студент 7946","ББМО-01-23",4,3.5,4.8
7947,"Студент 7947","ББМО-01-23",1,4,3.5
7948,"Студент 7948","ББМО-01-23",3,4.8,4.9
7950,"Студент 7950","ББМО-01-23",4,3.3,4.7
7954,"Студент 7954","ББМО-01-23",3,4.4,4.7
7955,"Студент 7955","ББМО-01-23",1,3.4,3.2
7956,"Студент 7956","ББМО-01-23",4,4.8,5.4
7957,"Студент 7957","ББМО-01-23",2,4,4
7958,"Студент 7958","ББМО-01-23",1,4.2,3.6
7959,"Студент 7959","ББМО-01-23",1,4.6,3.8
7960,"Студент 7960","ББМО-01-23",1,3.9,3.5
7961,"Студент 7961","ББМО-01-23",4,3.5,4.8
7962,"Студент 7962","ББМО-01-23",1,4,3.5
7963,"Студент 7963","ББМО-01-23",3,4.4,4.7
7964,"Студент 7964","ББМО-01-23",3,3.6,4.3
7966,"Студент 7966","ББМО-01-23",2,3.4,3.7
7967,"Студент 7967","ББМО-01-23",3,3.3,4.2
7968,"Студент 7968","ББМО-01-23",1,3.7,3.4
7971,"Студент 7971","ББМО-01-23",2,3.8,3.9
7972,"Студент 7972","ББМО-01-23",4,3.3,4.7
7973,"Студент 7973","ББМО-01-23",4,4.1,5
7975,"Студент 7975","ББМО-01-23",3,4.9,5
7976,"Студент 7976","ББМО-01-23",3,5,5
7977,"Студент 7977","ББМО-01-23",1,4.3,3.6
7979,"Студент 7979","ББМО-01-23",1,4.1,3.5
7980,"Студент 7980","ББМО-01-23",1,4.9,4
7982,"Студент 7982","ББМО-01-23",1,3.4,3.2
7983,"Студент 7983","ББМО-01-23",3,3.2,4.1
7984,"Студент 7984","ББМО-01-23",4,3.5,4.8
7985,"Студент 7985","ББМО-01-23",4,3.9,5
7986,"Студент 7986","ББМО-01-23",4,3.4,4.7
7989,"Студент 7989","ББМО-01-23",1,4.2,3.6
7992,"Студент 7992","ББМО-01-23",1,4.1,3.5
7993,"Студент 7993","ББМО-01-23",4,4.9,5.5
7994,"Студент 7994","ББМО-01-23",1,4.1,3.5
7995,"Студент 7995","ББМО-01-23",2,4.9,4.5
7996,"Студент 7996","ББМО-01-23",3,4.5,4.8
7998,"Студент 7998","ББМО-01-23",4,3.7,4.8
7999,"Студент 7999","ББМО-01-23",1,3.7,3.4
8000,"Студент 8000","ББМО-01-23",4,3.9,5
8001,"Студент 8001","ББМО-01-23",2,3.1,3.5
8002,"Студент 8002","ББМО-01-23",3,3.6,4.3
8003,"Студент 8003","ББМО-01-23",1,4.5,3.8
8004,"Студент 8004","ББМО-01-23",1,3.8,3.4
8006,"Студент 8006","ББМО-01-23",4,4.3,5.2
8007,"Студент 8007","ББМО-01-23",4,4.3,5.2
8008,"Студент 8008","ББМО-01-23",2,4.1,4
8009,"Студент 8009","ББМО-01-23",2,4.8,4.4
8010,"Студент 8010","ББМО-01-23",1,3.9,3.5
8012,"Студент 8012","ББМО-01-23",3,4.7,4.8
8013,"Студент 8013","ББМО-01-23",2,3.7,3.9
8014,"Студент 8014","ББМО-01-23",4,3.9,5
8017,"Студент 8017","ББМО-01-23",4,3.8,4.9
8019,"Студент 8019","ББМО-01-23",2,4.4,4.2
8025,"Студент 8025","ББМО-01-23",4,4.6,5.3
8026,"Студент 8026","ББМО-01-23",2,4.3,4.2
8027,"Студент 8027","ББМО-01-23",3,4.8,4.9
8028,"Студент 8028","ББМО-01-23",3,4.1,4.5
8030,"Студент 8030","ББМО-01-23",2,3.5,3.8
8031,"Студент 8031","ББМО-01-23",4,4.2,5.1
8032,"Студент 8032","ББМО-01-23",2,4,4
8033,"Студент 8033","ББМО-01-23",1,4,3.5
8034,"Студент 8034","ББМО-01-23",4,4.7,5.3
8037,"Студент 8037","ББМО-01-23",3,3.3,4.2
8039,"Студент 8039","ББМО-01-23",1,3.1,3
8040,"Студент 8040","ББМО-01-23",2,3.7,3.9
8041,"Студент 8041","ББМО-01-23",3,3.4,4.2
8042,"Студент 8042","ББМО-01-23",2,4.7,4.3
8043,"Студент 8043","ББМО-01-23",4,4.6,5.3
8044,"Студент 8044","ББМО-01-23",1,4.8,3.9
8045,"Студент 8045","ББМО-01-23",3,3.3,4.2
8046,"Студент 8046","ББМО-01-23",4,3.3,4.7
8047,"Студент 8047","ББМО-01-23",2,3.7,3.9
8048,"Студент 8048","ББМО-01-23",2,4.6,4.3
8049,"Студент 8049","ББМО-01-23",1,3.8,3.4
8050,"Студент 8050","ББМО-01-23",3,3.3,4.2
8051,"Студент 8051","ББМО-01-23",1,4.1,3.5
8053,"Студент 8053","ББМО-01-23",3,4.1,4.5
8054,"Студент 8054","ББМО-01-23",2,4.9,4.5
8055,"Студент 8055","ББМО-01-23",3,3.1,4
8056,"Студент 8056","ББМО-01-23",4,3.5,4.8
8059,"Студент 8059","ББМО-01-23",4,3.9,5
8060,"Студент 8060","ББМО-01-23",2,4,4
8061,"Студент 8061","ББМО-01-23",3,4.8,4.9
8062,"Студент 8062","ББМО-01-23",3,4.1,4.5
8063,"Студент 8063","ББМО-01-23",4,4.4,5.2
8064,"Студент 8064","ББМО-01-23",2,3.5,3.8
8065,"Студент 8065","ББМО-01-23",2,4.3,4.2
8066,"Студент 8066","ББМО-01-23",3,3.2,4.1
8071,"Студент 8071","ББМО-01-23",1,4.9,4
8072,"Студент 8072","ББМО-01-23",4,4.1,5
8074,"Студент 8074","ББМО-01-23",3,4.8,4.9
8075,"Студент 8075","ББМО-01-23",2,4,4
8078,"Студент 8078","ББМО-01-23",1,3.5,3.3
8079,"Студент 8079","ББМО-01-23",2,3.3,3.6
8080,"Студент 8080","ББМО-01-23",4,4.8,5.4
8081,"Студент 8081","ББМО-01-23",3,3.2,4.1
8082,"Студент 8082","ББМО-01-23",4,3.8,4.9
8083,"Студент 8083","ББМО-01-23",2,4.2,4.1
8084,"Студент 8084","ББМО-01-23",2,4.5,4.3
8086,"Студент 8086","ББМО-01-23",1,3.8,3.4
8087,"Студент 8087","ББМО-01-23",4,3.9,5
8088,"Студент 8088","ББМО-01-23",3,4.4,4.7
8091,"Студент 8091","ББМО-01-23",1,3.9,3.5
8096,"Студент 8096","ББМО-01-23",2,4.7,4.3
8098,"Студент 8098","ББМО-01-23",1,4.2,3.6
8102,"Студент 8102","ББМО-01-23",2,3.3,3.6
8104,"Студент 8104","ББМО-01-23",2,4.2,4.1
8105,"Студент 8105","ББМО-01-23",3,4,4.5
8106,"Студент 8106","ББМО-01-23",2,5,4.5
8109,"Студент 8109","ББМО-01-23",4,3.9,5
8112,"Студент 8112","ББМО-01-23",1,4.4,3.7
8113,"Студент 8113","ББМО-01-23",2,4.4,4.2
8114,"Студент 8114","ББМО-01-23",1,3.1,3
8115,"Студент 8115","ББМО-01-23",4,5,5.5
8116,"Студент 8116","ББМО-01-23",2,4.8,4.4
8117,"Студент 8117","ББМО-01-23",1,4,3.5
8118,"Студент 8118","ББМО-01-23",3,4.1,4.5
8121,"Студент 8121","ББМО-01-23",1,4.8,3.9
8122,"Студент 8122","ББМО-01-23",3,3.5,4.3
8123,"Студент 8123","ББМО-01-23",2,4,4
8125,"Студент 8125","ББМО-01-23",3,3.4,4.2
8130,"Студент 8130","ББМО-01-23",3,4.4,4.7
8134,"Студент 8134","ББМО-01-23",3,4.6,4.8
8135,"Студент 8135","ББМО-01-23",3,3.9,4.5
8137,"Студент 8137","ББМО-01-23",4,4.3,5.2
8138,"Студент 8138","ББМО-01-23",2,4.4,4.2
8140,"Студент 8140","ББМО-01-23",3,3.1,4
8141,"Студент 8141","ББМО-01-23",3,4.2,4.6
8142,"Студент 8142","ББМО-01-23",1,4,3.5
8143,"Студент 8143","ББМО-01-23",4,3.6,4.8
8145,"Студент 8145","ББМО-01-23",3,3.3,4.2
8146,"Студент 8146","ББМО-01-23",1,4.7,3.9
8147,"Студент 8147","ББМО-01-23",2,3.8,3.9
8148,"Студент 8148","ББМО-01-23",2,4.6,4.3
8150,"Студент 8150","ББМО-01-23",2,3.9,4
8151,"Студент 8151","ББМО-01-23",3,3.6,4.3
8153,"Студент 8153","ББМО-01-23",3,4.9,5
8155,"Студент 8155","ББМО-01-23",4,4.8,5.4
8156,"Студент 8156","ББМО-01-23",2,3.9,4
8157,"Студент 8157","ББМО-01-23",3,3.1,4
8159,"Студент 8159","ББМО-01-23",1,4.2,3.6
8160,"Студент 8160","ББМО-01-23",4,3.1,4.5
8161,"Студент 8161","ББМО-01-23",1,4.4,3.7
8162,"Студент 8162","ББМО-01-23",1,4.4,3.7
8163,"Студент 8163","ББМО-01-23",2,3.5,3.8
8165,"Студент 8165","ББМО-01-23",2,4.9,4.5
8167,"Студент 8167","ББМО-01-23",4,3.1,4.5
8169,"Студент 8169","ББМО-01-23",2,3.1,3.5
8170,"Студент 8170","ББМО-01-23",1,3.3,3.1
8171,"Студент 8171","ББМО-01-23",2,4.6,4.3
8172,"Студент 8172","ББМО-01-23",1,4.8,3.9
8173,"Студент 8173","ББМО-01-23",3,3.8,4.4
8175,"Студент 8175","ББМО-01-23",3,3.7,4.3
8176,"Студент 8176","ББМО-01-23",3,3.2,4.1
8179,"Студент 8179","ББМО-01-23",3,3.1,4
8180,"Студент 8180","ББМО-01-23",1,3.8,3.4
8182,"Студент 8182","ББМО-01-23",3,3.7,4.3
8183,"Студент 8183","ББМО-01-23",3,3.5,4.3
8184,"Студент 8184","ББМО-01-23",1,4.6,3.8
8185,"Студент 8185","ББМО-01-23",2,4.1,4
8186,"Студент 8186","ББМО-01-23",4,3.4,4.7
8187,"Студент 8187","ББМО-01-23",3,5,5
8188,"Студент 8188","ББМО-01-23",3,4.5,4.8
8189,"Студент 8189","ББМО-01-23",3,4.6,4.8
8190,"Студент 8190","ББМО-01-23",2,3.8,3.9
8191,"Студент 8191","ББМО-01-23",4,4.5,5.3
8192,"Студент 8192","ББМО-01-23",3,4.3,4.7
8193,"Студент 8193","ББМО-01-23",3,4.5,4.8
8195,"Студент 8195","ББМО-01-23",2,3.4,3.7
8196,"Студент 8196","ББМО-01-23",4,3.8,4.9
8197,"Студент 8197","ББМО-01-23",2,3.8,3.9
8198,"Студент 8198","ББМО-01-23",3,4.2,4.6
8200,"Студент 8200","ББМО-01-23",2,3.3,3.6
8203,"Студент 8203","ББМО-01-23",4,4.3,5.2
8205,"Студент 8205","ББМО-01-23",2,3.5,3.8
8208,"Студент 8208","ББМО-01-23",4,4.2,5.1
8209,"Студент 8209","ББМО-01-23",3,4.4,4.7
8210,"Студент 8210","ББМО-01-23",2,4.7,4.3
8211,"Студент 8211","ББМО-01-23",2,4.1,4
8212,"Студент 8212","ББМО-01-23",2,3.4,3.7
8213,"Студент 8213","ББМО-01-23",3,4.5,4.8
8214,"Студент 8214","ББМО-01-23",2,3.2,3.6
8215,"Студент 8215","ББМО-01-23",4,3.5,4.8
8216,"Студент 8216","ББМО-01-23",2,3.8,3.9
8217,"Студент 8217","ББМО-01-23",3,3.3,4.2
8218,"Студент 8218","ББМО-01-23",3,4.7,4.8
8219,"Студент 8219","ББМО-01-23",1,4.1,3.5
8221,"Студент 8221","ББМО-01-23",1,3.4,3.2
8224,"Студент 8224","ББМО-01-23",3,3.3,4.2
8225,"Студент 8225","ББМО-01-23",1,4.2,3.6
8227,"Студент 8227","ББМО-01-23",2,4.5,4.3
8228,"Студент 8228","ББМО-01-23",4,4.8,5.4
8230,"Студент 8230","ББМО-01-23",4,3.4,4.7
8231,"Студент 8231","ББМО-01-23",3,4.2,4.6
8232,"Студент 8232","ББМО-01-23",4,4.3,5.2
8233,"Студент 8233","ББМО-01-23",1,4.5,3.8
8234,"Студент 8234","ББМО-01-23",2,3.3,3.6
8235,"Студент 8235","ББМО-01-23",2,3.4,3.7
8236,"Студент 8236","ББМО-01-23",3,3.3,4.2
8237,"Студент 8237","ББМО-01-23",2,3.2,3.6
8238,"Студент 8238","ББМО-01-23",1,4.1,3.5
8240,"Студент 8240","ББМО-01-23",2,3.7,3.9
8242,"Студент 8242","ББМО-01-23",2,4,4
8243,"Студент 8243","ББМО-01-23",2,4.4,4.2
8246,"Студент 8246","ББМО-01-23",1,4.3,3.6
8247,"Студент 8247","ББМО-01-23",4,3.9,5
8248,"Студент 8248","ББМО-01-23",4,3.1,4.5
8249,"Студент 8249","ББМО-01-23",4,4.5,5.3
8250,"Студент 8250","ББМО-01-23",2,4.3,4.2
8251,"Студент 8251","ББМО-01-23",4,4.4,5.2
8255,"Студент 8255","ББМО-01-23",4,4.5,5.3
8257,"Студент 8257","ББМО-01-23",1,4.8,3.9
8258,"Студент 8258","ББМО-01-23",4,4.5,5.3
8259,"Студент 8259","ББМО-01-23",1,3.9,3.5
8260,"Студент 8260","ББМО-01-23",1,4.5,3.8
8262,"Студент 8262","ББМО-01-23",4,4.7,5.3
8264,"Студент 8264","ББМО-01-23",4,4.1,5
8266,"Студент 8266","ББМО-01-23",1,4.6,3.8
8268,"Студент 8268","ББМО-01-23",3,3.3,4.2
8270,"Студент 8270","ББМО-01-23",1,4.3,3.6
8271,"Студент 8271","ББМО-01-23",1,3.7,3.4
8272,"Студент 8272","ББМО-01-23",3,3.3,4.2
8273,"Студент 8273","ББМО-01-23",1,3.9,3.5
8275,"Студент 8275","ББМО-01-23",2,4.2,4.1
8277,"Студент 8277","ББМО-01-23",1,4.2,3.6
8278,"Студент 8278","ББМО-01-23",2,4.6,4.3
8280,"Студент 8280","ББМО-01-23",4,5,5.5
8281,"Студент 8281","ББМО-01-23",3,5,5
8282,"Студент 8282","ББМО-01-23",4,4.9,5.5
8283,"Студент 8283","ББМО-01-23",2,3.6,3.8
8285,"Студент 8285","ББМО-01-23",2,4.7,4.3
8286,"Студент 8286","ББМО-01-23",4,3.5,4.8
8287,"Студент 8287","ББМО-01-23",2,4.9,4.5
8289,"Студент 8289","ББМО-01-23",2,4.7,4.3
8290,"Студент 8290","ББМО-01-23",2,4.3,4.2
8291,"Студент 8291","ББМО-01-23",1,3.8,3.4
8292,"Студент 8292","ББМО-01-23",4,4.4,5.2
8293,"Студент 8293","ББМО-01-23",4,4.5,5.3
8294,"Студент 8294","ББМО-01-23",3,4.8,4.9
8296,"Студент 8296","ББМО-01-23",1,4.4,3.7
8297,"Студент 8297","ББМО-01-23",3,4.6,4.8
8298,"Студент 8298","ББМО-01-23",2,3.7,3.9
8299,"Студент 8299","ББМО-01-23",3,4.3,4.7
8301,"Студент 8301","ББМО-01-23",1,4.5,3.8
8302,"Студент 8302","ББМО-01-23",3,4.5,4.8
8303,"Студент 8303","ББМО-01-23",1,4.1,3.5
8304,"Студент 8304","ББМО-01-23",3,3.1,4
8306,"Студент 8306","ББМО-01-23",3,3.4,4.2
8308,"Студент 8308","ББМО-01-23",2,5,4.5
8309,"Студент 8309","ББМО-01-23",4,3.9,5
8310,"Студент 8310","ББМО-01-23",1,3.5,3.3
8311,"Студент 8311","ББМО-01-23",3,3.7,4.3
8312,"Студент 8312","ББМО-01-23",4,4.7,5.3
8313,"Студент 8313","ББМО-01-23",3,4.2,4.6
8315,"Студент 8315","ББМО-01-23",4,4.5,5.3
8316,"Студент 8316","ББМО-01-23",3,4,4.5
8318,"Студент 8318","ББМО-01-23",2,4.8,4.4
8319,"Студент 8319","ББМО-01-23",4,4.6,5.3
8320,"Студент 8320","ББМО-01-23",3,3.1,4
8321,"Студент 8321","ББМО-01-23",4,3.8,4.9
8322,"Студент 8322","ББМО-01-23",2,4.2,4.1
8323,"Студент 8323","ББМО-01-23",4,4.6,5.3
8324,"Студент 8324","ББМО-01-23",2,4.3,4.2
8326,"Студент 8326","ББМО-01-23",2,3.7,3.9
8329,"Студент 8329","ББМО-01-23",1,3.8,3.4
8332,"Студент 8332","ББМО-01-23",4,3.2,4.6
8334,"Студент 8334","ББМО-01-23",2,4.2,4.1
8335,"Студент 8335","ББМО-01-23",1,3.5,3.3
8336,"Студент 8336","ББМО-01-23",3,4.7,4.8
8338,"Студент 8338","ББМО-01-23",3,4.7,4.8
8340,"Студент 8340","ББМО-01-23",2,4.2,4.1
8341,"Студент 8341","ББМО-01-23",3,4.2,4.6
8342,"Студент 8342","ББМО-01-23",4,4.6,5.3
8343,"Студент 8343","ББМО-01-23",4,4.6,5.3
8344,"Студент 8344","ББМО-01-23",1,4,3.5
8345,"Студент 8345","ББМО-01-23",1,4.9,4
8346,"Студент 8346","ББМО-01-23",4,3.7,4.8
8348,"Студент 8348","ББМО-01-23",3,3.1,4
8350,"Студент 8350","ББМО-01-23",3,3.7,4.3
8353,"Студент 8353","ББМО-01-23",1,3.3,3.1
8355,"Студент 8355","ББМО-01-23",2,4.6,4.3
8358,"Студент 8358","ББМО-01-23",4,3.3,4.7
8359,"Студент 8359","ББМО-01-23",2,4.4,4.2
8360,"Студент 8360","ББМО-01-23",4,4.4,5.2
8361,"Студент 8361","ББМО-01-23",1,4.4,3.7
8362,"Студент 8362","ББМО-01-23",1,4.5,3.8
8364,"Студент 8364","ББМО-01-23",1,4.5,3.8
8365,"Студент 8365","ББМО-01-23",4,5,5.5
8367,"Студент 8367","ББМО-01-23",2,4.8,4.4
8368,"Студент 8368","ББМО-01-23",1,4.8,3.9
8373,"Студент 8373","ББМО-01-23",2,4.5,4.3
8374,"Студент 8374","ББМО-01-23",3,4.5,4.8
8375,"Студент 8375","ББМО-01-23",1,4.9,4
8376,"Студент 8376","ББМО-01-23",3,4.4,4.7
8377,"Студент 8377","ББМО-01-23",2,4.4,4.2
8378,"Студент 8378","ББМО-01-23",3,3.9,4.5
8379,"Студент 8379","ББМО-01-23",4,3.9,5
8380,"Студент 8380","ББМО-01-23",3,4.9,5
8382,"Студент 8382","ББМО-01-23",2,4.2,4.1
8383,"Студент 8383","ББМО-01-23",3,3.7,4.3
8385,"Студент 8385","ББМО-01-23",3,4.4,4.7
8386,"Студент 8386","ББМО-01-23",1,3.8,3.4
8387,"Студент 8387","ББМО-01-23",1,3.8,3.4
8390,"Студент 8390","ББМО-01-23",2,4.8,4.4
8391,"Студент 8391","ББМО-01-23",4,4.7,5.3
8392,"Студент 8392","ББМО-01-23",4,4.3,5.2
8394,"Студент 8394","ББМО-01-23",1,4.7,3.9
8395,"Студент 8395","ББМО-01-23",4,3.9,5
8396,"Студент 8396","ББМО-01-23",3,4,4.5
8397,"Студент 8397","ББМО-01-23",2,4.6,4.3
8399,"Студент 8399","ББМО-01-23",1,4.1,3.5
8400,"Студент 8400","ББМО-01-23",3,4.2,4.6
8401,"Студент 8401","ББМО-01-23",4,3.2,4.6
8402,"Студент 8402","ББМО-01-23",2,3.8,3.9
8403,"Студент 8403","ББМО-01-23",2,4.9,4.5
8404,"Студент 8404","ББМО-01-23",1,3.8,3.4
8405,"Студент 8405","ББМО-01-23",4,4.2,5.1
8406,"Студент 8406","ББМО-01-23",1,3.1,3
8407,"Студент 8407","ББМО-01-23",4,4.7,5.3
8408,"Студент 8408","ББМО-01-23",2,3.9,4
8409,"Студент 8409","ББМО-01-23",2,4.4,4.2
8410,"Студент 8410","ББМО-01-23",3,4,4.5
8413,"Студент 8413","ББМО-01-23",4,4.4,5.2
8414,"Студент 8414","ББМО-01-23",4,5,5.5
8415,"Студент 8415","ББМО-01-23",1,3.9,3.5
8416,"Студент 8416","ББМО-01-23",4,4.7,5.3
8417,"Студент 8417","ББМО-01-23",4,5,5.5
8419,"Студент 8419","ББМО-01-23",1,3.1,3
8420,"Студент 8420","ББМО-01-23",4,3.4,4.7
8424,"Студент 8424","ББМО-01-23",2,4.4,4.2
8425,"Студент 8425","ББМО-01-23",1,4.2,3.6
8426,"Студент 8426","ББМО-01-23",3,3.2,4.1
8427,"Студент 8427","ББМО-01-23",2,3.8,3.9
8428,"Студент 8428","ББМО-01-23",1,4.3,3.6
8430,"Студент 8430","ББМО-01-23",3,4.9,5
8431,"Студент 8431","ББМО-01-23",2,5,4.5
8432,"Студент 8432","ББМО-01-23",3,4.2,4.6
8433,"Студент 8433","ББМО-01-23",3,4.2,4.6
8434,"Студент 8434","ББМО-01-23",3,4.6,4.8
8435,"Студент 8435","ББМО-01-23",3,3.2,4.1
8437,"Студент 8437","ББМО-01-23",2,4.2,4.1
8438,"Студент 8438","ББМО-01-23",1,4.4,3.7
8440,"Студент 8440","ББМО-01-23",1,3.7,3.4
8441,"Студент 8441","ББМО-01-23",4,4.5,5.3
8442,"Студент 8442","ББМО-01-23",4,3.2,4.6
8445,"Студент 8445","ББМО-01-23",2,4.7,4.3
8446,"Студент 8446","ББМО-01-23",3,3.3,4.2
8447,"Студент 8447","ББМО-01-23",4,4.9,5.5
8452,"Студент 8452","ББМО-01-23",4,4.8,5.4
8453,"Студент 8453","ББМО-01-23",3,3.1,4
8456,"Студент 8456","ББМО-01-23",2,4.7,4.3
8457,"Студент 8457","ББМО-01-23",1,4.3,3.6
8458,"Студент 8458","ББМО-01-23",4,4.8,5.4
8459,"Студент 8459","ББМО-01-23",1,3.3,3.1
8460,"Студент 8460","ББМО-01-23",4,3.5,4.8
8461,"Студент 8461","ББМО-01-23",2,4.6,4.3
8462,"Студент 8462","ББМО-01-23",4,4,5
8463,"Студент 8463","ББМО-01-23",2,4.7,4.3
8464,"Студент 8464","ББМО-01-23",1,4.2,3.6
8465,"Студент 8465","ББМО-01-23",3,4.2,4.6
8467,"Студент 8467","ББМО-01-23",1,4.6,3.8
8468,"Студент 8468","ББМО-01-23",3,3.2,4.1
8469,"Студент 8469","ББМО-01-23",4,4.4,5.2
8470,"Студент 8470","ББМО-01-23",1,3.8,3.4
8472,"Студент 8472","ББМО-01-23",3,3.1,4
8473,"Студент 8473","ББМО-01-23",4,4.5,5.3
8474,"Студент 8474","ББМО-01-23",4,4.4,5.2
8475,"Студент 8475","ББМО-01-23",4,3.8,4.9
8478,"Студент 8478","ББМО-01-23",1,4.2,3.6
8481,"Студент 8481","ББМО-01-23",3,4.5,4.8
8482,"Студент 8482","ББМО-01-23",2,3.3,3.6
8486,"Студент 8486","ББМО-01-23",4,4.7,5.3
8487,"Студент 8487","ББМО-01-23",4,4.5,5.3
8488,"Студент 8488","ББМО-01-23",2,3.8,3.9
8489,"Студент 8489","ББМО-01-23",1,3.9,3.5
8490,"Студент 8490","ББМО-01-23",3,3.1,4
8491,"Студент 8491","ББМО-01-23",1,3.8,3.4
8492,"Студент 8492","ББМО-01-23",4,4.3,5.2
8493,"Студент 8493","ББМО-01-23",3,3.2,4.1
8494,"Студент 8494","ББМО-01-23",4,3.6,4.8
8496,"Студент 8496","ББМО-01-23",3,3.5,4.3
8497,"Студент 8497","ББМО-01-23",1,4.8,3.9
8498,"Студент 8498","ББМО-01-23",4,4.1,5
8500,"Студент 8500","ББМО-01-23",2,3.5,3.8
8501,"Студент 8501","ББМО-01-23",2,4.8,4.4
8502,"Студент 8502","ББМО-01-23",4,4.5,5.3
8503,"Студент 8503","ББМО-01-23",2,3.7,3.9
8505,"Студент 8505","ББМО-01-23",2,4.1,4
8506,"Студент 8506","ББМО-01-23",2,3.7,3.9
8508,"Студент 8508","ББМО-01-23",3,3.4,4.2
8509,"Студент 8509","ББМО-01-23",4,3.3,4.7
8510,"Студент 8510","ББМО-01-23",4,3.7,4.8
8512,"Студент 8512","ББМО-01-23",2,4.1,4
8517,"Студент 8517","ББМО-01-23",4,4.9,5.5
8518,"Студент 8518","ББМО-01-23",2,4.1,4
8519,"Студент 8519","ББМО-01-23",1,3.5,3.3
8520,"Студент 8520","ББМО-01-23",2,4.9,4.5
8521,"Студент 8521","ББМО-01-23",4,4.5,5.3
8523,"Студент 8523","ББМО-01-23",4,4,5
8525,"Студент 8525","ББМО-01-23",2,3.8,3.9
8526,"Студент 8526","ББМО-01-23",4,4.6,5.3
8527,"Студент 8527","ББМО-01-23",1,3.4,3.2
8529,"Студент 8529","ББМО-01-23",2,4.3,4.2
8530,"Студент 8530","ББМО-01-23",1,4.6,3.8
8531,"Студент 8531","ББМО-01-23",4,3.3,4.7
8532,"Студент 8532","ББМО-01-23",1,3.6,3.3
8533,"Студент 8533","ББМО-01-23",4,3.6,4.8
8534,"Студент 8534","ББМО-01-23",3,3.2,4.1
8536,"Студент 8536","ББМО-01-23",4,3.3,4.7
8537,"Студент 8537","ББМО-01-23",3,3.5,4.3
8538,"Студент 8538","ББМО-01-23",3,3.8,4.4
8539,"Студент 8539","ББМО-01-23",3,4.3,4.7
8540,"Студент 8540","ББМО-01-23",1,3.9,3.5
8541,"Студент 8541","ББМО-01-23",3,4.1,4.5
8542,"Студент 8542","ББМО-01-23",4,3.7,4.8
8544,"Студент 8544","ББМО-01-23",4,4.9,5.5
8546,"Студент 8546","ББМО-01-23",3,3.3,4.2
8547,"Студент 8547","ББМО-01-23",3,4.6,4.8
8551,"Студент 8551","ББМО-01-23",1,4.8,3.9
8552,"Студент 8552","ББМО-01-23",1,4.5,3.8
8553,"Студент 8553","ББМО-01-23",1,4.9,4
8556,"Студент 8556","ББМО-01-23",3,4.5,4.8
8559,"Студент 8559","ББМО-01-23",3,3.6,4.3
8561,"Студент 8561","ББМО-01-23",4,4.1,5
8562,"Студент 8562","ББМО-01-23",1,3.4,3.2
8563,"Студент 8563","ББМО-01-23",4,3.6,4.8
8564,"Студент 8564","ББМО-01-23",3,4.9,5
8566,"Студент 8566","ББМО-01-23",2,4.1,4
8567,"Студент 8567","ББМО-01-23",2,3.6,3.8
8568,"Студент 8568","ББМО-01-23",1,4.6,3.8
8572,"Студент 8572","ББМО-01-23",1,4.2,3.6
8573,"Студент 8573","ББМО-01-23",4,4.7,5.3
8575,"Студент 8575","ББМО-01-23",3,3.9,4.5
8576,"Студент 8576","ББМО-01-23",1,3.3,3.1
8578,"Студент 8578","ББМО-01-23",2,4.9,4.5
8579,"Студент 8579","ББМО-01-23",1,5,4
8580,"Студент 8580","ББМО-01-23",4,3.4,4.7
8583,"Студент 8583","ББМО-01-23",1,4.4,3.7
8587,"Студент 8587","ББМО-01-23",4,3.1,4.5
8588,"Студент 8588","ББМО-01-23",2,3.1,3.5
8590,"Студент 8590","ББМО-01-23",2,3.6,3.8
8593,"Студент 8593","ББМО-01-23",3,3.6,4.3
8594,"Студент 8594","ББМО-01-23",1,4.6,3.8
8595,"Студент 8595","ББМО-01-23",3,3.3,4.2
8596,"Студент 8596","ББМО-01-23",4,3.4,4.7
8597,"Студент 8597","ББМО-01-23",3,4.4,4.7
8598,"Студент 8598","ББМО-01-23",2,3.5,3.8
8600,"Студент 8600","ББМО-01-23",1,3.4,3.2
8602,"Студент 8602","ББМО-01-23",1,4.1,3.5
8603,"Студент 8603","ББМО-01-23",1,4.7,3.9
8605,"Студент 8605","ББМО-01-23",3,4.7,4.8
8606,"Студент 8606","ББМО-01-23",3,3.6,4.3
8607,"Студент 8607","ББМО-01-23",1,4.2,3.6
8609,"Студент 8609","ББМО-01-23",3,3.2,4.1
8611,"Студент 8611","ББМО-01-23",3,3.9,4.5
8613,"Студент 8613","ББМО-01-23",4,4.9,5.5
8614,"Студент 8614","ББМО-01-23",1,4.6,3.8
8615,"Студент 8615","ББМО-01-23",2,5,4.5
8618,"Студент 8618","ББМО-01-23",2,4.3,4.2
8620,"Студент 8620","ББМО-01-23",4,3.9,5
8622,"Студент 8622","ББМО-01-23",1,4.5,3.8
8623,"Студент 8623","ББМО-01-23",2,4.4,4.2
8625,"Студент 8625","ББМО-01-23",2,4.6,4.3
8626,"Студент 8626","ББМО-01-23",2,4.7,4.3
8627,"Студент 8627","ББМО-01-23",3,4.9,5
8628,"Студент 8628","ББМО-01-23",1,4.5,3.8
8629,"Студент 8629","ББМО-01-23",3,3.7,4.3
8631,"Студент 8631","ББМО-01-23",3,3.5,4.3
8632,"Студент 8632","ББМО-01-23",1,3.2,3.1
8633,"Студент 8633","ББМО-01-23",3,3.8,4.4
8634,"Студент 8634","ББМО-01-23",3,4.2,4.6
8635,"Студент 8635","ББМО-01-23",3,3.8,4.4
8637,"Студент 8637","ББМО-01-23",1,4.5,3.8
8639,"Студент 8639","ББМО-01-23",4,5,5.5
8640,"Студент 8640","ББМО-01-23",1,3.3,3.1
8643,"Студент 8643","ББМО-01-23",3,4.3,4.7
8645,"Студент 8645","ББМО-01-23",3,4.8,4.9
8646,"Студент 8646","ББМО-01-23",1,3.5,3.3
8647,"Студент 8647","ББМО-01-23",1,3.3,3.1
8649,"Студент 8649","ББМО-01-23",4,4.9,5.5
8651,"Студент 8651","ББМО-01-23",2,4.3,4.2
8654,"Студент 8654","ББМО-01-23",4,4.8,5.4
8657,"Студент 8657","ББМО-01-23",2,4.9,4.5
8658,"Студент 8658","ББМО-01-23",4,4.3,5.2
8659,"Студент 8659","ББМО-01-23",2,4.2,4.1
8660,"Студент 8660","ББМО-01-23",4,4,5
8662,"Студент 8662","ББМО-01-23",1,3.4,3.2
8666,"Студент 8666","ББМО-01-23",3,3.9,4.5
8668,"Студент 8668","ББМО-01-23",1,3.3,3.1
8669,"Студент 8669","ББМО-01-23",1,3.1,3
8670,"Студент 8670","ББМО-01-23",1,3.4,3.2
8671,"Студент 8671","ББМО-01-23",4,4,5
8672,"Студент 8672","ББМО-01-23",2,4.6,4.3
8673,"Студент 8673","ББМО-01-23",1,4.8,3.9
8674,"Студент 8674","ББМО-01-23",4,4.9,5.5
8675,"Студент 8675","ББМО-01-23",4,3.5,4.8
8677,"Студент 8677","ББМО-01-23",1,4.1,3.5
8680,"Студент 8680","ББМО-01-23",2,4.1,4
8682,"Студент 8682","ББМО-01-23",3,3.7,4.3
8683,"Студент 8683","ББМО-01-23",2,4.4,4.2
8684,"Студент 8684","ББМО-01-23",2,3.6,3.8
8685,"Студент 8685","ББМО-01-23",1,4.6,3.8
8687,"Студент 8687","ББМО-01-23",1,3.9,3.5
8688,"Студент 8688","ББМО-01-23",3,3.1,4
8689,"Студент 8689","ББМО-01-23",4,4,5
8692,"Студент 8692","ББМО-01-23",2,3.6,3.8
8693,"Студент 8693","ББМО-01-23",1,4.4,3.7
8694,"Студент 8694","ББМО-01-23",1,3.3,3.1
8696,"Студент 8696","ББМО-01-23",1,4.8,3.9
8698,"Студент 8698","ББМО-01-23",4,3.6,4.8
8700,"Студент 8700","ББМО-01-23",2,4.7,4.3
8704,"Студент 8704","ББМО-01-23",3,4.9,5
8705,"Студент 8705","ББМО-01-23",2,3.4,3.7
8706,"Студент 8706","ББМО-01-23",2,4.6,4.3
8707,"Студент 8707","ББМО-01-23",1,3.7,3.4
8709,"Студент 8709","ББМО-01-23",2,3.5,3.8
8710,"Студент 8710","ББМО-01-23",1,3.7,3.4
8711,"Студент 8711","ББМО-01-23",2,4,4
8713,"Студент 8713","ББМО-01-23",1,4,3.5
8714,"Студент 8714","ББМО-01-23",3,3.9,4.5
8715,"Студент 8715","ББМО-01-23",2,4.4,4.2
8717,"Студент 8717","ББМО-01-23",3,3.3,4.2
8718,"Студент 8718","ББМО-01-23",3,4,4.5
8719,"Студент 8719","ББМО-01-23",1,3.8,3.4
8721,"Студент 8721","ББМО-01-23",3,4.8,4.9
8722,"Студент 8722","ББМО-01-23",4,3.3,4.7
8723,"Студент 8723","ББМО-01-23",4,4.6,5.3
8724,"Студент 8724","ББМО-01-23",3,4.4,4.7
8726,"Студент 8726","ББМО-01-23",2,4.9,4.5
8734,"Студент 8734","ББМО-01-23",3,4.2,4.6
8735,"Студент 8735","ББМО-01-23",4,4.3,5.2
8736,"Студент 8736","ББМО-01-23",4,3.5,4.8
8737,"Студент 8737","ББМО-01-23",2,3.7,3.9
8738,"Студент 8738","ББМО-01-23",1,4,3.5
8740,"Студент 8740","ББМО-01-23",4,4,5
8741,"Студент 8741","ББМО-01-23",1,3.5,3.3
8743,"Студент 8743","ББМО-01-23",2,4.9,4.5
8745,"Студент 8745","ББМО-01-23",1,4.7,3.9
8747,"Студент 8747","ББМО-01-23",3,3.8,4.4
8748,"Студент 8748","ББМО-01-23",1,3.4,3.2
8749,"Студент 8749","ББМО-01-23",3,4.1,4.5
8751,"Студент 8751","ББМО-01-23",2,3.4,3.7
8754,"Студент 8754","ББМО-01-23",2,3.4,3.7
8755,"Студент 8755","ББМО-01-23",3,3.1,4
8757,"Студент 8757","ББМО-01-23",1,3.9,3.5
8761,"Студент 8761","ББМО-01-23",3,4.7,4.8
8763,"Студент 8763","ББМО-01-23",2,4.5,4.3
8764,"Студент 8764","ББМО-01-23",2,3.4,3.7
8765,"Студент 8765","ББМО-01-23",4,3.3,4.7
8766,"Студент 8766","ББМО-01-23",1,4,3.5
8767,"Студент 8767","ББМО-01-23",3,3.2,4.1
8769,"Студент 8769","ББМО-01-23",4,4.5,5.3
8771,"Студент 8771","ББМО-01-23",4,3.3,4.7
8772,"Студент 8772","ББМО-01-23",2,4,4
8774,"Студент 8774","ББМО-01-23",1,3.7,3.4
8775,"Студент 8775","ББМО-01-23",2,4.5,4.3
8776,"Студент 8776","ББМО-01-23",4,4.9,5.5
8777,"Студент 8777","ББМО-01-23",2,4.9,4.5
8778,"Студент 8778","ББМО-01-23",3,3.9,4.5
8780,"Студент 8780","ББМО-01-23",1,3.1,3
8785,"Студент 8785","ББМО-01-23",2,3.5,3.8
8787,"Студент 8787","ББМО-01-23",2,4,4
8788,"Студент 8788","ББМО-01-23",4,4.9,5.5
8789,"Студент 8789","ББМО-01-23",2,3.1,3.5
8790,"Студент 8790","ББМО-01-23",4,4.8,5.4
8792,"Студент 8792","ББМО-01-23",3,4.6,4.8
8793,"Студент 8793","ББМО-01-23",3,3.7,4.3
8794,"Студент 8794","ББМО-01-23",2,4.5,4.3
8797,"Студент 8797","ББМО-01-23",1,3.9,3.5
8799,"Студент 8799","ББМО-01-23",1,4.7,3.9
8800,"Студент 8800","ББМО-01-23",2,3.4,3.7
8801,"Студент 8801","ББМО-01-23",1,3.1,3
8802,"Студент 8802","ББМО-01-23",2,4.1,4
8803,"Студент 8803","ББМО-01-23",1,4.7,3.9
8804,"Студент 8804","ББМО-01-23",2,3.4,3.7
8805,"Студент 8805","ББМО-01-23",1,3.3,3.1
8809,"Студент 8809","ББМО-01-23",4,4.6,5.3
8810,"Студент 8810","ББМО-01-23",1,4.2,3.6
8811,"Студент 8811","ББМО-01-23",3,4.2,4.6
8814,"Студент 8814","ББМО-01-23",1,4,3.5
8815,"Студент 8815","ББМО-01-23",2,3.4,3.7
8820,"Студент 8820","ББМО-01-23",4,3.9,5
8821,"Студент 8821","ББМО-01-23",3,4.9,5
8823,"Студент 8823","ББМО-01-23",2,4.1,4
8824,"Студент 8824","ББМО-01-23",4,4.7,5.3
8827,"Студент 8827","ББМО-01-23",2,4.5,4.3
8828,"Студент 8828","ББМО-01-23",1,4.4,3.7
8831,"Студент 8831","ББМО-01-23",4,3.1,4.5
8832,"Студент 8832","ББМО-01-23",2,3.8,3.9
8833,"Студент 8833","ББМО-01-23",1,3.7,3.4
8835,"Студент 8835","ББМО-01-23",2,4.5,4.3
8836,"Студент 8836","ББМО-01-23",2,4.7,4.3
8837,"Студент 8837","ББМО-01-23",4,4.2,5.1
8838,"Студент 8838","ББМО-01-23",4,4.4,5.2
8839,"Студент 8839","ББМО-01-23",1,4,3.5
8840,"Студент 8840","ББМО-01-23",3,3.2,4.1
8841,"Студент 8841","ББМО-01-23",2,4.1,4
8844,"Студент 8844","ББМО-01-23",1,4.5,3.8
8845,"Студент 8845","ББМО-01-23",1,4.7,3.9
8847,"Студент 8847","ББМО-01-23",1,3.2,3.1
8849,"Студент 8849","ББМО-01-23",3,4.9,5
8850,"Студент 8850","ББМО-01-23",4,4.1,5
8851,"Студент 8851","ББМО-01-23",3,4.1,4.5
8852,"Студент 8852","ББМО-01-23",2,4.6,4.3
8853,"Студент 8853","ББМО-01-23",2,3.2,3.6
8855,"Студент 8855","ББМО-01-23",1,4.7,3.9
8858,"Студент 8858","ББМО-01-23",1,3.9,3.5
8860,"Студент 8860","ББМО-01-23",1,4.4,3.7
8862,"Студент 8862","ББМО-01-23",3,4.1,4.5
8863,"Студент 8863","ББМО-01-23",1,4.3,3.6
8865,"Студент 8865","ББМО-01-23",1,3.3,3.1
8866,"Студент 8866","ББМО-01-23",3,4.3,4.7
8867,"Студент 8867","ББМО-01-23",4,4,5
8869,"Студент 8869","ББМО-01-23",2,3.4,3.7
8870,"Студент 8870","ББМО-01-23",4,4.3,5.2
8873,"Студент 8873","ББМО-01-23",1,3.9,3.5
8876,"Студент 8876","ББМО-01-23",3,5,5
8877,"Студент 8877","ББМО-01-23",1,4.1,3.5
8879,"Студент 8879","ББМО-01-23",2,4.8,4.4
8880,"Студент 8880","ББМО-01-23",4,4,5
8882,"Студент 8882","ББМО-01-23",1,3.1,3
8883,"Студент 8883","ББМО-01-23",1,4.6,3.8
8884,"Студент 8884","ББМО-01-23",4,4.8,5.4
8885,"Студент 8885","ББМО-01-23",1,4.3,3.6
8886,"Студент 8886","ББМО-01-23",1,4.3,3.6
8887,"Студент 8887","ББМО-01-23",2,3.7,3.9
8889,"Студент 8889","ББМО-01-23",4,4.5,5.3
8891,"Студент 8891","ББМО-01-23",3,4.9,5
8892,"Студент 8892","ББМО-01-23",4,4.8,5.4
8893,"Студент 8893","ББМО-01-23",3,3.3,4.2
8894,"Студент 8894","ББМО-01-23",1,5,4
8895,"Студент 8895","ББМО-01-23",1,4.1,3.5
8898,"Студент 8898","ББМО-01-23",3,4.2,4.6
8901,"Студент 8901","ББМО-01-23",2,3.7,3.9
8903,"Студент 8903","ББМО-01-23",3,4.1,4.5
8904,"Студент 8904","ББМО-01-23",1,4.7,3.9
8905,"Студент 8905","ББМО-01-23",2,4.3,4.2
8906,"Студент 8906","ББМО-01-23",4,4.6,5.3
8907,"Студент 8907","ББМО-01-23",2,3.6,3.8
8909,"Студент 8909","ББМО-01-23",2,4.9,4.5
8910,"Студент 8910","ББМО-01-23",4,3.1,4.5
8911,"Студент 8911","ББМО-01-23",4,3.7,4.8
8912,"Студент 8912","ББМО-01-23",3,4,4.5
8913,"Студент 8913","ББМО-01-23",2,3.6,3.8
8915,"Студент 8915","ББМО-01-23",3,3.4,4.2
8916,"Студент 8916","ББМО-01-23",3,3.5,4.3
8917,"Студент 8917","ББМО-01-23",2,4.3,4.2
8918,"Студент 8918","ББМО-01-23",2,4.1,4
8920,"Студент 8920","ББМО-01-23",2,3.3,3.6
8926,"Студент 8926","ББМО-01-23",2,4.3,4.2
8927,"Студент 8927","ББМО-01-23",2,4.2,4.1
8929,"Студент 8929","ББМО-01-23",3,4.3,4.7
8931,"Студент 8931","ББМО-01-23",2,3.7,3.9
8934,"Студент 8934","ББМО-01-23",3,4.7,4.8
8935,"Студент 8935","ББМО-01-23",3,4.8,4.9
8936,"Студент 8936","ББМО-01-23",3,3.1,4
8938,"Студент 8938","ББМО-01-23",1,3.8,3.4
8939,"Студент 8939","ББМО-01-23",4,4.2,5.1
8940,"Студент 8940","ББМО-01-23",2,4.2,4.1
8941,"Студент 8941","ББМО-01-23",4,3.6,4.8
8943,"Студент 8943","ББМО-01-23",3,3.1,4
8944,"Студент 8944","ББМО-01-23",1,4.3,3.6
8946,"Студент 8946","ББМО-01-23",3,4.3,4.7
8950,"Студент 8950","ББМО-01-23",2,5,4.5
8953,"Студент 8953","ББМО-01-23",3,3.4,4.2
8954,"Студент 8954","ББМО-01-23",3,4.1,4.5
8957,"Студент 8957","ББМО-01-23",3,3.6,4.3
8959,"Студент 8959","ББМО-01-23",2,3.3,3.6
8960,"Студент 8960","ББМО-01-23",1,4.4,3.7
8961,"Студент 8961","ББМО-01-23",1,4.1,3.5
8963,"Студент 8963","ББМО-01-23",3,3.9,4.5
8964,"Студент 8964","ББМО-01-23",2,4.8,4.4
8965,"Студент 8965","ББМО-01-23",1,4.9,4
8966,"Студент 8966","ББМО-01-23",1,4,3.5
8968,"Студент 8968","ББМО-01-23",4,4.9,5.5
8969,"Студент 8969","ББМО-01-23",2,3.5,3.8
8970,"Студент 8970","ББМО-01-23",3,3.9,4.5
8972,"Студент 8972","ББМО-01-23",2,3.7,3.9
8978,"Студент 8978","ББМО-01-23",3,3.1,4
8979,"Студент 8979","ББМО-01-23",4,4.5,5.3
8980,"Студент 8980","ББМО-01-23",4,4.4,5.2
8983,"Студент 8983","ББМО-01-23",1,3.5,3.3
8985,"Студент 8985","ББМО-01-23",1,3.7,3.4
8986,"Студент 8986","ББМО-01-23",2,4.6,4.3
8987,"Студент 8987","ББМО-01-23",3,3.4,4.2
8989,"Студент 8989","ББМО-01-23",4,3.9,5
8990,"Студент 8990","ББМО-01-23",4,3.9,5
8991,"Студент 8991","ББМО-01-23",2,3.7,3.9
8992,"Студент 8992","ББМО-01-23",1,5,4
8993,"Студент 8993","ББМО-01-23",1,3.4,3.2
8995,"Студент 8995","ББМО-01-23",1,3.4,3.2
8996,"Студент 8996","ББМО-01-23",4,3.3,4.7
8997,"Студент 8997","ББМО-01-23",2,3.5,3.8
8998,"Студент 8998","ББМО-01-23",2,4.2,4.1
8999,"Студент 8999","ББМО-01-23",4,3.3,4.7
9000,"Студент 9000","ББМО-01-23",3,3.8,4.4
9001,"Студент 9001","ББМО-01-23",3,3.1,4
9005,"Студент 9005","ББМО-01-23",4,3.5,4.8
9007,"Студент 9007","ББМО-01-23",1,4,3.5
9008,"Студент 9008","ББМО-01-23",2,3.3,3.6
9011,"Студент 9011","ББМО-01-23",4,3.7,4.8
9014,"Студент 9014","ББМО-01-23",2,4.9,4.5
9016,"Студент 9016","ББМО-01-23",3,4.1,4.5
9017,"Студент 9017","ББМО-01-23",1,4.6,3.8
9018,"Студент 9018","ББМО-01-23",2,4.2,4.1
9019,"Студент 9019","ББМО-01-23",1,4,3.5
9021,"Студент 9021","ББМО-01-23",3,4.4,4.7
9022,"Студент 9022","ББМО-01-23",4,3.5,4.8
9023,"Студент 9023","ББМО-01-23",4,4.2,5.1
9025,"Студент 9025","ББМО-01-23",2,4.6,4.3
9030,"Студент 9030","ББМО-01-23",3,4.2,4.6
9033,"Студент 9033","ББМО-01-23",2,4.4,4.2
9034,"Студент 9034","ББМО-01-23",4,4.5,5.3
9035,"Студент 9035","ББМО-01-23",1,4.8,3.9
9036,"Студент 9036","ББМО-01-23",3,4.2,4.6
9038,"Студент 9038","ББМО-01-23",4,4.5,5.3
9039,"Студент 9039","ББМО-01-23",3,4.4,4.7
9041,"Студент 9041","ББМО-01-23",2,3.3,3.6
9042,"Студент 9042","ББМО-01-23",1,5,4
9045,"Студент 9045","ББМО-01-23",3,3.3,4.2
9046,"Студент 9046","ББМО-01-23",4,3.3,4.7
9049,"Студент 9049","ББМО-01-23",3,4.3,4.7
9050,"Студент 9050","ББМО-01-23",4,3.6,4.8
9052,"Студент 9052","ББМО-01-23",1,3.4,3.2
9054,"Студент 9054","ББМО-01-23",4,3.4,4.7
9055,"Студент 9055","ББМО-01-23",2,4.3,4.2
9058,"Студент 9058","ББМО-01-23",4,4.9,5.5
9060,"Студент 9060","ББМО-01-23",2,4.7,4.3
9061,"Студент 9061","ББМО-01-23",4,4,5
9062,"Студент 9062","ББМО-01-23",1,3.3,3.1
9063,"Студент 9063","ББМО-01-23",2,5,4.5
9065,"Студент 9065","ББМО-01-23",2,4.8,4.4
9066,"Студент 9066","ББМО-01-23",3,4.1,4.5
9067,"Студент 9067","ББМО-01-23",4,4,5
9069,"Студент 9069","ББМО-01-23",4,4.5,5.3
9070,"Студент 9070","ББМО-01-23",4,4.1,5
9072,"Студент 9072","ББМО-01-23",3,3.7,4.3
9073,"Студент 9073","ББМО-01-23",1,3.6,3.3
9074,"Студент 9074","ББМО-01-23",4,3.8,4.9
9076,"Студент 9076","ББМО-01-23",1,4.4,3.7
9077,"Студент 9077","ББМО-01-23",1,4.8,3.9
9078,"Студент 9078","ББМО-01-23",3,3.7,4.3
9079,"Студент 9079","ББМО-01-23",3,3.1,4
9082,"Студент 9082","ББМО-01-23",4,3.6,4.8
9085,"Студент 9085","ББМО-01-23",1,4.7,3.9
9086,"Студент 9086","ББМО-01-23",2,3.4,3.7
9087,"Студент 9087","ББМО-01-23",1,4,3.5
9089,"Студент 9089","ББМО-01-23",2,3.1,3.5
9091,"Студент 9091","ББМО-01-23",4,4.5,5.3
9093,"Студент 9093","ББМО-01-23",2,4.1,4
9094,"Студент 9094","ББМО-01-23",2,4.2,4.1
9095,"Студент 9095","ББМО-01-23",3,4.4,4.7
9097,"Студент 9097","ББМО-01-23",2,3.3,3.6
9098,"Студент 9098","ББМО-01-23",4,3.5,4.8
9099,"Студент 9099","ББМО-01-23",4,3.9,5
9103,"Студент 9103","ББМО-01-23",3,4.9,5
9106,"Студент 9106","ББМО-01-23",1,3.2,3.1
9108,"Студент 9108","ББМО-01-23",4,4.6,5.3
9111,"Студент 9111","ББМО-01-23",2,3.8,3.9
9112,"Студент 9112","ББМО-01-23",4,4.1,5
9114,"Студент 9114","ББМО-01-23",3,4.1,4.5
9116,"Студент 9116","ББМО-01-23",3,3.6,4.3
9117,"Студент 9117","ББМО-01-23",1,4.3,3.6
9119,"Студент 9119","ББМО-01-23",3,4.3,4.7
9120,"Студент 9120","ББМО-01-23",1,4.3,3.6
9121,"Студент 9121","ББМО-01-23",1,4.4,3.7
9122,"Студент 9122","ББМО-01-23",2,5,4.5
9124,"Студент 9124","ББМО-01-23",4,4.8,5.4
9125,"Студент 9125","ББМО-01-23",4,4.9,5.5
9128,"Студент 9128","ББМО-01-23",1,3.1,3
9130,"Студент 9130","ББМО-01-23",3,3.7,4.3
9132,"Студент 9132","ББМО-01-23",4,4.5,5.3
9133,"Студент 9133","ББМО-01-23",4,3.1,4.5
9135,"Студент 9135","ББМО-01-23",3,4.6,4.8
9137,"Студент 9137","ББМО-01-23",1,4,3.5
9138,"Студент 9138","ББМО-01-23",1,4.5,3.8
9139,"Студент 9139","ББМО-01-23",3,3.4,4.2
9140,"Студент 9140","ББМО-01-23",2,3.1,3.5
9141,"Студент 9141","ББМО-01-23",3,4.9,5
9142,"Студент 9142","ББМО-01-23",2,3.9,4
9143,"Студент 9143","ББМО-01-23",1,4.1,3.5
9148,"Студент 9148","ББМО-01-23",1,3.2,3.1
9149,"Студент 9149","ББМО-01-23",1,3.5,3.3
9150,"Студент 9150","ББМО-01-23",4,3.2,4.6
9153,"Студент 9153","ББМО-01-23",4,3.9,5
9154,"Студент 9154","ББМО-01-23",2,5,4.5
9155,"Студент 9155","ББМО-01-23",3,3.8,4.4
9156,"Студент 9156","ББМО-01-23",3,3.8,4.4
9158,"Студент 9158","ББМО-01-23",2,3.7,3.9
9160,"Студент 9160","ББМО-01-23",3,3.6,4.3
9161,"Студент 9161","ББМО-01-23",3,4.4,4.7
9163,"Студент 9163","ББМО-01-23",2,3.4,3.7
9164,"Студент 9164","ББМО-01-23",4,4.1,5
9165,"Студент 9165","ББМО-01-23",4,3.4,4.7
9167,"Студент 9167","ББМО-01-23",2,3.9,4
9170,"Студент 9170","ББМО-01-23",3,4.3,4.7
9172,"Студент 9172","ББМО-01-23",2,3.4,3.7
9173,"Студент 9173","ББМО-01-23",3,3.6,4.3
9174,"Студент 9174","ББМО-01-23",3,3.7,4.3
9175,"Студент 9175","ББМО-01-23",3,3.3,4.2
9177,"Студент 9177","ББМО-01-23",4,3.6,4.8
9179,"Студент 9179","ББМО-01-23",1,3.4,3.2
9180,"Студент 9180","ББМО-01-23",3,3.4,4.2
9181,"Студент 9181","ББМО-01-23",2,3.1,3.5
9182,"Студент 9182","ББМО-01-23",3,4.9,5
9183,"Студент 9183","ББМО-01-23",1,3.5,3.3
9184,"Студент 9184","ББМО-01-23",2,3.1,3.5
9185,"Студент 9185","ББМО-01-23",1,3.6,3.3
9186,"Студент 9186","ББМО-01-23",1,3.1,3
9188,"Студент 9188","ББМО-01-23",3,3.6,4.3
9189,"Студент 9189","ББМО-01-23",1,4.8,3.9
9190,"Студент 9190","ББМО-01-23",2,3.3,3.6
9191,"Студент 9191","ББМО-01-23",2,3.6,3.8
9192,"Студент 9192","ББМО-01-23",1,3.8,3.4
9194,"Студент 9194","ББМО-01-23",4,3.7,4.8
9197,"Студент 9197","ББМО-01-23",4,3.2,4.6
9198,"Студент 9198","ББМО-01-23",4,4.3,5.2
9199,"Студент 9199","ББМО-01-23",1,4.3,3.6
9200,"Студент 9200","ББМО-01-23",1,3.5,3.3
9201,"Студент 9201","ББМО-01-23",1,4.9,4
9202,"Студент 9202","ББМО-01-23",3,4.1,4.5
9204,"Студент 9204","ББМО-01-23",3,4.4,4.7
9205,"Студент 9205","ББМО-01-23",1,4,3.5
9206,"Студент 9206","ББМО-01-23",2,3.4,3.7
9207,"Студент 9207","ББМО-01-23",2,4.1,4
9208,"Студент 9208","ББМО-01-23",1,4.6,3.8
9212,"Студент 9212","ББМО-01-23",1,3.2,3.1
9213,"Студент 9213","ББМО-01-23",3,4.4,4.7
9214,"Студент 9214","ББМО-01-23",3,4.3,4.7
9215,"Студент 9215","ББМО-01-23",4,3.6,4.8
9216,"Студент 9216","ББМО-01-23",3,4,4.5
9221,"Студент 9221","ББМО-01-23",4,4.4,5.2
9223,"Студент 9223","ББМО-01-23",3,5,5
9224,"Студент 9224","ББМО-01-23",2,4.8,4.4
9227,"Студент 9227","ББМО-01-23",1,3.3,3.1
9230,"Студент 9230","ББМО-01-23",4,3.2,4.6
9233,"Студент 9233","ББМО-01-23",2,4.5,4.3
9235,"Студент 9235","ББМО-01-23",2,3.4,3.7
9236,"Студент 9236","ББМО-01-23",1,4.7,3.9
9237,"Студент 9237","ББМО-01-23",2,4.7,4.3
9238,"Студент 9238","ББМО-01-23",1,3.9,3.5
9239,"Студент 9239","ББМО-01-23",4,3.9,5
9240,"Студент 9240","ББМО-01-23",2,4.4,4.2
9241,"Студент 9241","ББМО-01-23",4,3.3,4.7
9242,"Студент 9242","ББМО-01-23",1,3.6,3.3
9246,"Студент 9246","ББМО-01-23",1,4.9,4
9247,"Студент 9247","ББМО-01-23",1,3.2,3.1
9248,"Студент 9248","ББМО-01-23",1,3.7,3.4
9249,"Студент 9249","ББМО-01-23",4,5,5.5
9251,"Студент 9251","ББМО-01-23",4,3.1,4.5
9252,"Студент 9252","ББМО-01-23",4,3.3,4.7
9253,"Студент 9253","ББМО-01-23",1,4.2,3.6
9254,"Студент 9254","ББМО-01-23",3,3.2,4.1
9257,"Студент 9257","ББМО-01-23",1,4.5,3.8
9258,"Студент 9258","ББМО-01-23",3,4.8,4.9
9259,"Студент 9259","ББМО-01-23",2,3.2,3.6
9261,"Студент 9261","ББМО-01-23",1,3.8,3.4
9262,"Студент 9262","ББМО-01-23",1,4.9,4
9263,"Студент 9263","ББМО-01-23",2,4.6,4.3
9265,"Студент 9265","ББМО-01-23",2,3.7,3.9
9267,"Студент 9267","ББМО-01-23",1,3.1,3
9269,"Студент 9269","ББМО-01-23",2,3.3,3.6
9270,"Студент 9270","ББМО-01-23",3,3.4,4.2
9272,"Студент 9272","ББМО-01-23",3,4.1,4.5
9273,"Студент 9273","ББМО-01-23",1,3.1,3
9274,"Студент 9274","ББМО-01-23",4,3.6,4.8
9276,"Студент 9276","ББМО-01-23",3,4.9,5
9278,"Студент 9278","ББМО-01-23",3,4.4,4.7
9282,"Студент 9282","ББМО-01-23",4,4.6,5.3
9284,"Студент 9284","ББМО-01-23",2,3.1,3.5
9285,"Студент 9285","ББМО-01-23",4,3.3,4.7
9286,"Студент 9286","ББМО-01-23",1,4.7,3.9
9287,"Студент 9287","ББМО-01-23",4,4.4,5.2
9288,"Студент 9288","ББМО-01-23",2,4.4,4.2
9289,"Студент 9289","ББМО-01-23",3,3.2,4.1
9292,"Студент 9292","ББМО-01-23",2,3.4,3.7
9293,"Студент 9293","ББМО-01-23",4,3.6,4.8
9294,"Студент 9294","ББМО-01-23",3,3.2,4.1
9295,"Студент 9295","ББМО-01-23",4,3.3,4.7
9296,"Студент 9296","ББМО-01-23",1,3.5,3.3
9298,"Студент 9298","ББМО-01-23",1,3.7,3.4
9299,"Студент 9299","ББМО-01-23",2,4.1,4
9301,"Студент 9301","ББМО-01-23",2,4.7,4.3
9302,"Студент 9302","ББМО-01-23",4,3.6,4.8
9303,"Студент 9303","ББМО-01-23",1,3.6,3.3
9305,"Студент 9305","ББМО-01-23",1,3.1,3
9307,"Студент 9307","ББМО-01-23",2,4.8,4.4
9309,"Студент 9309","ББМО-01-23",1,4,3.5
9311,"Студент 9311","ББМО-01-23",2,4,4
9312,"Студент 9312","ББМО-01-23",4,4.6,5.3
9313,"Студент 9313","ББМО-01-23",3,4.8,4.9
9314,"Студент 9314","ББМО-01-23",4,3.7,4.8
9315,"Студент 9315","ББМО-01-23",1,3.2,3.1
9316,"Студент 9316","ББМО-01-23",2,3.2,3.6
9317,"Студент 9317","ББМО-01-23",4,3.1,4.5
9321,"Студент 9321","ББМО-01-23",3,3.2,4.1
9323,"Студент 9323","ББМО-01-23",1,4.7,3.9
9324,"Студент 9324","ББМО-01-23",2,4.8,4.4
9325,"Студент 9325","ББМО-01-23",1,3.3,3.1
9326,"Студент 9326","ББМО-01-23",4,4.3,5.2
9327,"Студент 9327","ББМО-01-23",1,3.8,3.4
9329,"Студент 9329","ББМО-01-23",2,4.9,4.5
9330,"Студент 9330","ББМО-01-23",4,3.6,4.8
9331,"Студент 9331","ББМО-01-23",4,4.5,5.3
9332,"Студент 9332","ББМО-01-23",3,3.4,4.2
9333,"Студент 9333","ББМО-01-23",1,4.9,4
9334,"Студент 9334","ББМО-01-23",1,5,4
9336,"Студент 9336","ББМО-01-23",3,4.3,4.7
9337,"Студент 9337","ББМО-01-23",2,3.5,3.8
9338,"Студент 9338","ББМО-01-23",4,3.9,5
9340,"Студент 9340","ББМО-01-23",2,3.4,3.7
9342,"Студент 9342","ББМО-01-23",4,3.1,4.5
9345,"Студент 9345","ББМО-01-23",1,3.2,3.1
9346,"Студент 9346","ББМО-01-23",2,4.1,4
9347,"Студент 9347","ББМО-01-23",4,3.4,4.7
9348,"Студент 9348","ББМО-01-23",4,3.7,4.8
9349,"Студент 9349","ББМО-01-23",1,5,4
9352,"Студент 9352","ББМО-01-23",2,5,4.5
9353,"Студент 9353","ББМО-01-23",4,3.7,4.8
9354,"Студент 9354","ББМО-01-23",4,4.6,5.3
9356,"Студент 9356","ББМО-01-23",2,4.2,4.1
9357,"Студент 9357","ББМО-01-23",4,5,5.5
9358,"Студент 9358","ББМО-01-23",2,4.7,4.3
9364,"Студент 9364","ББМО-01-23",3,3.8,4.4
9365,"Студент 9365","ББМО-01-23",4,4.9,5.5
9368,"Студент 9368","ББМО-01-23",2,4.2,4.1
9370,"Студент 9370","ББМО-01-23",4,3.9,5
9371,"Студент 9371","ББМО-01-23",2,3.2,3.6
9372,"Студент 9372","ББМО-01-23",4,3.1,4.5
9374,"Студент 9374","ББМО-01-23",4,3.8,4.9
9375,"Студент 9375","ББМО-01-23",2,3.6,3.8
9376,"Студент 9376","ББМО-01-23",2,3.6,3.8
9377,"Студент 9377","ББМО-01-23",2,4.7,4.3
9378,"Студент 9378","ББМО-01-23",4,4.9,5.5
9381,"Студент 9381","ББМО-01-23",2,4.8,4.4
9382,"Студент 9382","ББМО-01-23",2,4.7,4.3
9383,"Студент 9383","ББМО-01-23",3,3.8,4.4
9384,"Студент 9384","ББМО-01-23",3,4.2,4.6
9385,"Студент 9385","ББМО-01-23",3,5,5
9387,"Студент 9387","ББМО-01-23",3,4,4.5
9390,"Студент 9390","ББМО-01-23",2,3.2,3.6
9392,"Студент 9392","ББМО-01-23",1,4.5,3.8
9394,"Студент 9394","ББМО-01-23",3,3.5,4.3
9395,"Студент 9395","ББМО-01-23",3,4.7,4.8
9396,"Студент 9396","ББМО-01-23",2,3.1,3.5
9397,"Студент 9397","ББМО-01-23",4,3.7,4.8
9398,"Студент 9398","ББМО-01-23",4,3.2,4.6
9399,"Студент 9399","ББМО-01-23",2,3.5,3.8
9400,"Студент 9400","ББМО-01-23",4,3.8,4.9
9401,"Студент 9401","ББМО-01-23",2,3.7,3.9
9402,"Студент 9402","ББМО-01-23",3,5,5
9403,"Студент 9403","ББМО-01-23",4,4,5
9404,"Студент 9404","ББМО-01-23",2,3.9,4
9405,"Студент 9405","ББМО-01-23",3,3.1,4
9407,"Студент 9407","ББМО-01-23",2,4.5,4.3
9410,"Студент 9410","ББМО-01-23",2,3.6,3.8
9411,"Студент 9411","ББМО-01-23",1,3.9,3.5
9412,"Студент 9412","ББМО-01-23",1,3.4,3.2
9414,"Студент 9414","ББМО-01-23",1,4,3.5
9415,"Студент 9415","ББМО-01-23",4,3.3,4.7
9418,"Студент 9418","ББМО-01-23",4,4.7,5.3
9420,"Студент 9420","ББМО-01-23",3,3.4,4.2
9421,"Студент 9421","ББМО-01-23",1,4.2,3.6
9423,"Студент 9423","ББМО-01-23",2,4.6,4.3
9424,"Студент 9424","ББМО-01-23",4,3.2,4.6
9427,"Студент 9427","ББМО-01-23",4,4.4,5.2
9428,"Студент 9428","ББМО-01-23",3,3.7,4.3
9429,"Студент 9429","ББМО-01-23",2,4.5,4.3
9430,"Студент 9430","ББМО-01-23",1,4.7,3.9
9431,"Студент 9431","ББМО-01-23",2,4.7,4.3
9433,"Студент 9433","ББМО-01-23",1,3.2,3.1
9436,"Студент 9436","ББМО-01-23",3,4.9,5
9438,"Студент 9438","ББМО-01-23",3,3.5,4.3
9439,"Студент 9439","ББМО-01-23",3,3.7,4.3
9440,"Студент 9440","ББМО-01-23",3,3.7,4.3
9441,"Студент 9441","ББМО-01-23",2,5,4.5
9443,"Студент 9443","ББМО-01-23",2,3.2,3.6
9444,"Студент 9444","ББМО-01-23",2,3.8,3.9
9445,"Студент 9445","ББМО-01-23",4,4.1,5
9446,"Студент 9446","ББМО-01-23",2,4.7,4.3
9448,"Студент 9448","ББМО-01-23",3,3.9,4.5
9449,"Студент 9449","ББМО-01-23",3,4.5,4.8
9452,"Студент 9452","ББМО-01-23",4,4.5,5.3
9453,"Студент 9453","ББМО-01-23",4,3.6,4.8
9455,"Студент 9455","ББМО-01-23",1,3.1,3
9456,"Студент 9456","ББМО-01-23",3,3.2,4.1
9457,"Студент 9457","ББМО-01-23",4,4.7,5.3
9459,"Студент 9459","ББМО-01-23",3,3.4,4.2
9460,"Студент 9460","ББМО-01-23",2,4.7,4.3
9461,"Студент 9461","ББМО-01-23",1,4.9,4
9462,"Студент 9462","ББМО-01-23",2,4,4
9463,"Студент 9463","ББМО-01-23",2,4.1,4
9464,"Студент 9464","ББМО-01-23",3,4.3,4.7
9465,"Студент 9465","ББМО-01-23",1,3.9,3.5
9467,"Студент 9467","ББМО-01-23",4,4.3,5.2
9468,"Студент 9468","ББМО-01-23",4,3.5,4.8
9469,"Студент 9469","ББМО-01-23",3,4.2,4.6
9470,"Студент 9470","ББМО-01-23",1,3.5,3.3
9471,"Студент 9471","ББМО-01-23",3,3.2,4.1
9472,"Студент 9472","ББМО-01-23",1,4.6,3.8
9473,"Студент 9473","ББМО-01-23",4,4.8,5.4
9474,"Студент 9474","ББМО-01-23",3,3.6,4.3
9476,"Студент 9476","ББМО-01-23",3,4.7,4.8
9477,"Студент 9477","ББМО-01-23",1,5,4
9478,"Студент 9478","ББМО-01-23",4,4.9,5.5
9479,"Студент 9479","ББМО-01-23",4,4.5,5.3
9480,"Студент 9480","ББМО-01-23",3,4.1,4.5
9481,"Студент 9481","ББМО-01-23",4,3.9,5
9483,"Студент 9483","ББМО-01-23",4,3.2,4.6
9484,"Студент 9484","ББМО-01-23",2,5,4.5
9486,"Студент 9486","ББМО-01-23",4,4.4,5.2
9487,"Студент 9487","ББМО-01-23",2,3.6,3.8
9488,"Студент 9488","ББМО-01-23",1,3.5,3.3
9489,"Студент 9489","ББМО-01-23",4,3.7,4.8
9490,"Студент 9490","ББМО-01-23",2,3.4,3.7
9492,"Студент 9492","ББМО-01-23",3,4.2,4.6
9495,"Студент 9495","ББМО-01-23",3,4.1,4.5
9496,"Студент 9496","ББМО-01-23",4,4.7,5.3
9498,"Студент 9498","ББМО-01-23",1,3.2,3.1
9502,"Студент 9502","ББМО-01-23",2,3.1,3.5
9504,"Студент 9504","ББМО-01-23",2,3.4,3.7
9506,"Студент 9506","ББМО-01-23",3,3.1,4
9507,"Студент 9507","ББМО-01-23",1,4.2,3.6
9508,"Студент 9508","ББМО-01-23",3,3.9,4.5
9511,"Студент 9511","ББМО-01-23",3,3.5,4.3
9512,"Студент 9512","ББМО-01-23",2,4.8,4.4
9513,"Студент 9513","ББМО-01-23",4,3.1,4.5
9514,"Студент 9514","ББМО-01-23",3,4.5,4.8
9516,"Студент 9516","ББМО-01-23",2,3.3,3.6
9517,"Студент 9517","ББМО-01-23",1,4.8,3.9
9521,"Студент 9521","ББМО-01-23",1,4.6,3.8
9523,"Студент 9523","ББМО-01-23",1,4.6,3.8
9525,"Студент 9525","ББМО-01-23",3,3.9,4.5
9526,"Студент 9526","ББМО-01-23",4,3.9,5
9527,"Студент 9527","ББМО-01-23",2,3.6,3.8
9528,"Студент 9528","ББМО-01-23",1,4,3.5
9529,"Студент 9529","ББМО-01-23",2,3.7,3.9
9530,"Студент 9530","ББМО-01-23",4,3.1,4.5
9533,"Студент 9533","ББМО-01-23",3,4.2,4.6
9534,"Студент 9534","ББМО-01-23",4,3.9,5
9535,"Студент 9535","ББМО-01-23",1,4.9,4
9536,"Студент 9536","ББМО-01-23",1,4.3,3.6
9537,"Студент 9537","ББМО-01-23",4,3.9,5
9538,"Студент 9538","ББМО-01-23",4,3.5,4.8
9539,"Студент 9539","ББМО-01-23",2,4.3,4.2
9540,"Студент 9540","ББМО-01-23",3,4.2,4.6
9542,"Студент 9542","ББМО-01-23",3,4.4,4.7
9543,"Студент 9543","ББМО-01-23",4,3.3,4.7
9546,"Студент 9546","ББМО-01-23",3,4.8,4.9
9547,"Студент 9547","ББМО-01-23",3,3.3,4.2
9549,"Студент 9549","ББМО-01-23",3,3.7,4.3
9553,"Студент 9553","ББМО-01-23",4,4.6,5.3
9554,"Студент 9554","ББМО-01-23",3,4.8,4.9
9555,"Студент 9555","ББМО-01-23",2,4.3,4.2
9557,"Студент 9557","ББМО-01-23",4,4.3,5.2
9558,"Студент 9558","ББМО-01-23",4,3.8,4.9
9561,"Студент 9561","ББМО-01-23",4,3.1,4.5
9563,"Студент 9563","ББМО-01-23",3,4.5,4.8
9564,"Студент 9564","ББМО-01-23",2,4.3,4.2
9566,"Студент 9566","ББМО-01-23",4,3.8,4.9
9573,"Студент 9573","ББМО-01-23",4,4,5
9574,"Студент 9574","ББМО-01-23",2,4.3,4.2
9575,"Студент 9575","ББМО-01-23",1,4.1,3.5
9576,"Студент 9576","ББМО-01-23",1,4.2,3.6
9577,"Студент 9577","ББМО-01-23",4,4.6,5.3
9578,"Студент 9578","ББМО-01-23",3,4.7,4.8
9580,"Студент 9580","ББМО-01-23",2,4.6,4.3
9582,"Студент 9582","ББМО-01-23",2,3.1,3.5
9583,"Студент 9583","ББМО-01-23",2,3.1,3.5
9585,"Студент 9585","ББМО-01-23",1,3.9,3.5
9588,"Студент 9588","ББМО-01-23",4,4.6,5.3
9589,"Студент 9589","ББМО-01-23",2,3.8,3.9
9590,"Студент 9590","ББМО-01-23",2,3.2,3.6
9591,"Студент 9591","ББМО-01-23",1,4.9,4
9593,"Студент 9593","ББМО-01-23",4,4.7,5.3
9594,"Студент 9594","ББМО-01-23",4,3.5,4.8
9595,"Студент 9595","ББМО-01-23",1,3.3,3.1
9596,"Студент 9596","ББМО-01-23",1,3.2,3.1
9597,"Студент 9597","ББМО-01-23",2,4.5,4.3
9599,"Студент 9599","ББМО-01-23",4,4.9,5.5
9600,"Студент 9600","ББМО-01-23",1,3.3,3.1
9601,"Студент 9601","ББМО-01-23",1,4.9,4
9602,"Студент 9602","ББМО-01-23",2,4.3,4.2
9603,"Студент 9603","ББМО-01-23",3,3.8,4.4
9605,"Студент 9605","ББМО-01-23",2,4.4,4.2
9607,"Студент 9607","ББМО-01-23",1,4.1,3.5
9608,"Студент 9608","ББМО-01-23",2,3.7,3.9
9610,"Студент 9610","ББМО-01-23",1,4,3.5
9611,"Студент 9611","ББМО-01-23",3,3.7,4.3
9612,"Студент 9612","ББМО-01-23",3,3.6,4.3
9613,"Студент 9613","ББМО-01-23",4,4.4,5.2
9615,"Студент 9615","ББМО-01-23",1,4.8,3.9
9616,"Студент 9616","ББМО-01-23",3,4.8,4.9
9617,"Студент 9617","ББМО-01-23",2,4.8,4.4
9618,"Студент 9618","ББМО-01-23",3,4.1,4.5
9619,"Студент 9619","ББМО-01-23",4,3.1,4.5
9620,"Студент 9620","ББМО-01-23",4,3.6,4.8
9622,"Студент 9622","ББМО-01-23",1,3.1,3
9623,"Студент 9623","ББМО-01-23",4,4.4,5.2
9624,"Студент 9624","ББМО-01-23",4,4.2,5.1
9625,"Студент 9625","ББМО-01-23",3,4.6,4.8
9629,"Студент 9629","ББМО-01-23",3,3.6,4.3
9631,"Студент 9631","ББМО-01-23",3,4,4.5
9632,"Студент 9632","ББМО-01-23",1,4.9,4
9633,"Студент 9633","ББМО-01-23",3,4.7,4.8
9634,"Студент 9634","ББМО-01-23",3,4,4.5
9636,"Студент 9636","ББМО-01-23",4,5,5.5
9637,"Студент 9637","ББМО-01-23",1,4.5,3.8
9641,"Студент 9641","ББМО-01-23",3,4.8,4.9
9642,"Студент 9642","ББМО-01-23",3,5,5
9643,"Студент 9643","ББМО-01-23",3,4.7,4.8
9644,"Студент 9644","ББМО-01-23",1,3.2,3.1
9645,"Студент 9645","ББМО-01-23",4,3.6,4.8
9646,"Студент 9646","ББМО-01-23",2,4.3,4.2
9647,"Студент 9647","ББМО-01-23",2,3.9,4
9648,"Студент 9648","ББМО-01-23",3,4.1,4.5
9649,"Студент 9649","ББМО-01-23",2,4,4
9651,"Студент 9651","ББМО-01-23",4,4,5
9652,"Студент 9652","ББМО-01-23",4,3.5,4.8
9654,"Студент 9654","ББМО-01-23",4,4.4,5.2
9655,"Студент 9655","ББМО-01-23",2,4.5,4.3
9656,"Студент 9656","ББМО-01-23",3,4.2,4.6
9657,"Студент 9657","ББМО-01-23",3,4.8,4.9
9658,"Студент 9658","ББМО-01-23",4,3.6,4.8
9660,"Студент 9660","ББМО-01-23",3,4.7,4.8
9662,"Студент 9662","ББМО-01-23",1,4.4,3.7
9664,"Студент 9664","ББМО-01-23",2,3.1,3.5
9665,"Студент 9665","ББМО-01-23",3,4.6,4.8
9669,"Студент 9669","ББМО-01-23",1,3.3,3.1
9672,"Студент 9672","ББМО-01-23",3,4.5,4.8
9673,"Студент 9673","ББМО-01-23",2,3.9,4
9674,"Студент 9674","ББМО-01-23",3,4.3,4.7
9676,"Студент 9676","ББМО-01-23",4,3.2,4.6
9677,"Студент 9677","ББМО-01-23",4,3.4,4.7
9679,"Студент 9679","ББМО-01-23",1,4.7,3.9
9680,"Студент 9680","ББМО-01-23",4,4.4,5.2
9682,"Студент 9682","ББМО-01-23",4,3.4,4.7
9684,"Студент 9684","ББМО-01-23",4,4.4,5.2
9688,"Студент 9688","ББМО-01-23",3,3.6,4.3
9693,"Студент 9693","ББМО-01-23",3,3.1,4
9694,"Студент 9694","ББМО-01-23",4,4,5
9695,"Студент 9695","ББМО-01-23",2,3.7,3.9
9697,"Студент 9697","ББМО-01-23",1,3.3,3.1
9698,"Студент 9698","ББМО-01-23",3,5,5
9699,"Студент 9699","ББМО-01-23",2,3.1,3.5
9700,"Студент 9700","ББМО-01-23",3,3.5,4.3
9701,"Студент 9701","ББМО-01-23",1,4.3,3.6
9703,"Студент 9703","ББМО-01-23",1,4.3,3.6
9704,"Студент 9704","ББМО-01-23",1,4.7,3.9
9705,"Студент 9705","ББМО-01-23",4,4.5,5.3
9707,"Студент 9707","ББМО-01-23",1,4.9,4
9709,"Студент 9709","ББМО-01-23",4,4.9,5.5
9710,"Студент 9710","ББМО-01-23",3,4.5,4.8
9712,"Студент 9712","ББМО-01-23",2,3.8,3.9
9713,"Студент 9713","ББМО-01-23",2,3.9,4
9714,"Студент 9714","ББМО-01-23",2,4.4,4.2
9715,"Студент 9715","ББМО-01-23",3,3.9,4.5
9716,"Студент 9716","ББМО-01-23",2,3.8,3.9
9717,"Студент 9717","ББМО-01-23",3,4.1,4.5
9721,"Студент 9721","ББМО-01-23",4,3.4,4.7
9722,"Студент 9722","ББМО-01-23",3,4.8,4.9
9724,"Студент 9724","ББМО-01-23",4,3.5,4.8
9725,"Студент 9725","ББМО-01-23",3,3.2,4.1
9727,"Студент 9727","ББМО-01-23",4,3.5,4.8
9728,"Студент 9728","ББМО-01-23",1,4.5,3.8
9729,"Студент 9729","ББМО-01-23",4,3.7,4.8
9730,"Студент 9730","ББМО-01-23",4,3.6,4.8
9731,"Студент 9731","ББМО-01-23",4,4.2,5.1
9732,"Студент 9732","ББМО-01-23",3,3.5,4.3
9734,"Студент 9734","ББМО-01-23",1,3.1,3
9735,"Студент 9735","ББМО-01-23",1,4.7,3.9
9736,"Студент 9736","ББМО-01-23",2,3.2,3.6
9737,"Студент 9737","ББМО-01-23",2,3.7,3.9
9740,"Студент 9740","ББМО-01-23",1,3.5,3.3
9742,"Студент 9742","ББМО-01-23",3,3.4,4.2
9743,"Студент 9743","ББМО-01-23",2,3.9,4
9746,"Студент 9746","ББМО-01-23",4,4.5,5.3
9747,"Студент 9747","ББМО-01-23",1,4.6,3.8
9748,"Студент 9748","ББМО-01-23",2,3.2,3.6
9749,"Студент 9749","ББМО-01-23",2,4.7,4.3
9750,"Студент 9750","ББМО-01-23",4,4.6,5.3
9751,"Студент 9751","ББМО-01-23",4,3.2,4.6
9752,"Студент 9752","ББМО-01-23",1,3.2,3.1
9753,"Студент 9753","ББМО-01-23",2,3.6,3.8
9754,"Студент 9754","ББМО-01-23",4,3.4,4.7
9755,"Студент 9755","ББМО-01-23",4,4.6,5.3
9756,"Студент 9756","ББМО-01-23",2,4.7,4.3
9758,"Студент 9758","ББМО-01-23",2,3.1,3.5
9759,"Студент 9759","ББМО-01-23",2,3.3,3.6
9761,"Студент 9761","ББМО-01-23",4,3.1,4.5
9762,"Студент 9762","ББМО-01-23",4,4.7,5.3
9763,"Студент 9763","ББМО-01-23",4,4.4,5.2
9764,"Студент 9764","ББМО-01-23",1,3.9,3.5
9765,"Студент 9765","ББМО-01-23",1,4.5,3.8
9768,"Студент 9768","ББМО-01-23",1,3.8,3.4
9769,"Студент 9769","ББМО-01-23",4,4.1,5
9773,"Студент 9773","ББМО-01-23",2,4.3,4.2
9774,"Студент 9774","ББМО-01-23",2,3.8,3.9
9775,"Студент 9775","ББМО-01-23",1,4.4,3.7
9776,"Студент 9776","ББМО-01-23",3,3.6,4.3
9777,"Студент 9777","ББМО-01-23",1,3.3,3.1
9778,"Студент 9778","ББМО-01-23",3,4.4,4.7
9780,"Студент 9780","ББМО-01-23",4,3.2,4.6
9781,"Студент 9781","ББМО-01-23",3,3.9,4.5
9782,"Студент 9782","ББМО-01-23",3,4.6,4.8
9783,"Студент 9783","ББМО-01-23",1,3.9,3.5
9784,"Студент 9784","ББМО-01-23",2,3.5,3.8
9785,"Студент 9785","ББМО-01-23",3,3.9,4.5
9786,"Студент 9786","ББМО-01-23",1,4.8,3.9
9787,"Студент 9787","ББМО-01-23",4,3.1,4.5
9788,"Студент 9788","ББМО-01-23",2,4.6,4.3
9789,"Студент 9789","ББМО-01-23",2,4.4,4.2
9790,"Студент 9790","ББМО-01-23",4,3.8,4.9
9791,"Студент 9791","ББМО-01-23",2,3.4,3.7
9792,"Студент 9792","ББМО-01-23",2,3.5,3.8
9794,"Студент 9794","ББМО-01-23",1,3.1,3
9795,"Студент 9795","ББМО-01-23",1,4.4,3.7
9796,"Студент 9796","ББМО-01-23",3,3.5,4.3
9797,"Студент 9797","ББМО-01-23",2,4.5,4.3
9799,"Студент 9799","ББМО-01-23",4,4.9,5.5
9800,"Студент 9800","ББМО-01-23",2,4.1,4
9801,"Студент 9801","ББМО-01-23",3,4.3,4.7
9802,"Студент 9802","ББМО-01-23",4,5,5.5
9805,"Студент 9805","ББМО-01-23",2,4.5,4.3
9806,"Студент 9806","ББМО-01-23",1,4.3,3.6
9808,"Студент 9808","ББМО-01-23",2,4.7,4.3
9809,"Студент 9809","ББМО-01-23",1,4.4,3.7
9810,"Студент 9810","ББМО-01-23",2,4.1,4
9811,"Студент 9811","ББМО-01-23",4,5,5.5
9813,"Студент 9813","ББМО-01-23",1,3.2,3.1
9816,"Студент 9816","ББМО-01-23",1,4.1,3.5
9817,"Студент 9817","ББМО-01-23",4,4.3,5.2
9819,"Студент 9819","ББМО-01-23",3,4.6,4.8
9820,"Студент 9820","ББМО-01-23",1,4.7,3.9
9821,"Студент 9821","ББМО-01-23",4,3.1,4.5
9822,"Студент 9822","ББМО-01-23",3,5,5
9823,"Студент 9823","ББМО-01-23",4,4,5
9824,"Студент 9824","ББМО-01-23",3,4.5,4.8
9825,"Студент 9825","ББМО-01-23",1,3.1,3
9826,"Студент 9826","ББМО-01-23",3,3.5,4.3
9827,"Студент 9827","ББМО-01-23",4,3.1,4.5
9832,"Студент 9832","ББМО-01-23",1,3.3,3.1
9834,"Студент 9834","ББМО-01-23",4,5,5.5
9835,"Студент 9835","ББМО-01-23",3,4.4,4.7
9836,"Студент 9836","ББМО-01-23",2,4.8,4.4
9837,"Студент 9837","ББМО-01-23",1,3.3,3.1
9838,"Студент 9838","ББМО-01-23",1,4.3,3.6
9839,"Студент 9839","ББМО-01-23",4,4.9,5.5
9841,"Студент 9841","ББМО-01-23",2,3.4,3.7
9843,"Студент 9843","ББМО-01-23",4,4.3,5.2
9844,"Студент 9844","ББМО-01-23",3,3.7,4.3
9845,"Студент 9845","ББМО-01-23",1,3.3,3.1
9846,"Студент 9846","ББМО-01-23",4,3.1,4.5
9847,"Студент 9847","ББМО-01-23",4,4.9,5.5
9848,"Студент 9848","ББМО-01-23",2,3.5,3.8
9850,"Студент 9850","ББМО-01-23",1,4.4,3.7
9853,"Студент 9853","ББМО-01-23",3,3.8,4.4
9854,"Студент 9854","ББМО-01-23",2,4.5,4.3
9855,"Студент 9855","ББМО-01-23",2,3.4,3.7
9856,"Студент 9856","ББМО-01-23",1,3.7,3.4
9857,"Студент 9857","ББМО-01-23",2,3.5,3.8
9858,"Студент 9858","ББМО-01-23",1,3.1,3
9860,"Студент 9860","ББМО-01-23",4,4.1,5
9862,"Студент 9862","ББМО-01-23",1,3.6,3.3
9863,"Студент 9863","ББМО-01-23",2,3.1,3.5
9865,"Студент 9865","ББМО-01-23",1,4.9,4
9866,"Студент 9866","ББМО-01-23",2,3.8,3.9
9867,"Студент 9867","ББМО-01-23",1,4.3,3.6
9868,"Студент 9868","ББМО-01-23",1,3.8,3.4
9870,"Студент 9870","ББМО-01-23",1,3.2,3.1
9871,"Студент 9871","ББМО-01-23",2,4.5,4.3
9875,"Студент 9875","ББМО-01-23",2,4.6,4.3
9876,"Студент 9876","ББМО-01-23",4,4.7,5.3
9877,"Студент 9877","ББМО-01-23",3,3.1,4
9881,"Студент 9881","ББМО-01-23",4,4.8,5.4
9882,"Студент 9882","ББМО-01-23",4,5,5.5
9883,"Студент 9883","ББМО-01-23",3,5,5
9884,"Студент 9884","ББМО-01-23",4,4.9,5.5
9885,"Студент 9885","ББМО-01-23",3,4.1,4.5
9886,"Студент 9886","ББМО-01-23",3,4.3,4.7
9887,"Студент 9887","ББМО-01-23",4,4.3,5.2
9889,"Студент 9889","ББМО-01-23",1,4,3.5
9890,"Студент 9890","ББМО-01-23",1,4.6,3.8
9891,"Студент 9891","ББМО-01-23",3,3.9,4.5
9892,"Студент 9892","ББМО-01-23",2,4,4
9893,"Студент 9893","ББМО-01-23",1,4.4,3.7
9895,"Студент 9895","ББМО-01-23",3,4.5,4.8
9896,"Студент 9896","ББМО-01-23",3,4.7,4.8
9897,"Студент 9897","ББМО-01-23",3,4.6,4.8
9898,"Студент 9898","ББМО-01-23",4,3.9,5
9899,"Студент 9899","ББМО-01-23",2,3.3,3.6
9900,"Студент 9900","ББМО-01-23",2,3.4,3.7
9902,"Студент 9902","ББМО-01-23",1,4.2,3.6
9903,"Студент 9903","ББМО-01-23",1,4.3,3.6
9904,"Студент 9904","ББМО-01-23",2,4.4,4.2
9905,"Студент 9905","ББМО-01-23",2,4,4
9906,"Студент 9906","ББМО-01-23",4,4.8,5.4
9907,"Студент 9907","ББМО-01-23",1,3.1,3
9908,"Студент 9908","ББМО-01-23",3,3.6,4.3
9909,"Студент 9909","ББМО-01-23",4,4.3,5.2
9910,"Студент 9910","ББМО-01-23",2,4.3,4.2
9911,"Студент 9911","ББМО-01-23",2,4.3,4.2
9912,"Студент 9912","ББМО-01-23",1,3.3,3.1
9913,"Студент 9913","ББМО-01-23",4,3.2,4.6
9914,"Студент 9914","ББМО-01-23",4,3.7,4.8
9915,"Студент 9915","ББМО-01-23",3,3.3,4.2
9917,"Студент 9917","ББМО-01-23",3,4.1,4.5
9920,"Студент 9920","ББМО-01-23",3,3.8,4.4
9921,"Студент 9921","ББМО-01-23",4,4.2,5.1
9925,"Студент 9925","ББМО-01-23",2,4.3,4.2
9926,"Студент 9926","ББМО-01-23",1,4.3,3.6
9927,"Студент 9927","ББМО-01-23",3,3.9,4.5
9928,"Студент 9928","ББМО-01-23",4,4.2,5.1
9930,"Студент 9930","ББМО-01-23",1,4.3,3.6
9932,"Студент 9932","ББМО-01-23",3,4,4.5
9934,"Студент 9934","ББМО-01-23",4,4.2,5.1
9936,"Студент 9936","ББМО-01-23",2,4.5,4.3
9937,"Студент 9937","ББМО-01-23",4,4.1,5
9938,"Студент 9938","ББМО-01-23",1,4.9,4
9939,"Студент 9939","ББМО-01-23",2,3.2,3.6
9940,"Студент 9940","ББМО-01-23",3,3.9,4.5
9941,"Студент 9941","ББМО-01-23",3,4.8,4.9
9942,"Студент 9942","ББМО-01-23",2,4,4
9943,"Студент 9943","ББМО-01-23",2,3.8,3.9
9944,"Студент 9944","ББМО-01-23",1,4.6,3.8
9946,"Студент 9946","ББМО-01-23",2,3.2,3.6
9948,"Студент 9948","ББМО-01-23",3,3.1,4
9950,"Студент 9950","ББМО-01-23",3,4.4,4.7
9952,"Студент 9952","ББМО-01-23",3,4.1,4.5
9954,"Студент 9954","ББМО-01-23",2,4.3,4.2
9956,"Студент 9956","ББМО-01-23",2,4.6,4.3
9957,"Студент 9957","ББМО-01-23",1,4.8,3.9
9958,"Студент 9958","ББМО-01-23",2,3.5,3.8
9959,"Студент 9959","ББМО-01-23",2,3.5,3.8
9961,"Студент 9961","ББМО-01-23",3,4,4.5
9962,"Студент 9962","ББМО-01-23",2,4.9,4.5
9964,"Студент 9964","ББМО-01-23",2,4.7,4.3
9969,"Студент 9969","ББМО-01-23",4,4.1,5
9970,"Студент 9970","ББМО-01-23",1,4.2,3.6
9972,"Студент 9972","ББМО-01-23",1,4.5,3.8
9973,"Студент 9973","ББМО-01-23",2,3.7,3.9
9974,"Студент 9974","ББМО-01-23",4,3.9,5
9975,"Студент 9975","ББМО-01-23",2,4.1,4
9978,"Студент 9978","ББМО-01-23",3,4.6,4.8
9979,"Студент 9979","ББМО-01-23",1,3.1,3
9982,"Студент 9982","ББМО-01-23",4,4.2,5.1
9983,"Студент 9983","ББМО-01-23",1,3.4,3.2
9985,"Студент 9985","ББМО-01-23",1,5,4
9987,"Студент 9987","ББМО-01-23",2,3.4,3.7
9989,"Студент 9989","ББМО-01-23",3,4.5,4.8
9990,"Студент 9990","ББМО-01-23",4,4.2,5.1
9996,"Студент 9996","ББМО-01-23",2,4.2,4.1
9998,"Студент 9998","ББМО-01-23",3,3.4,4.2
10000,"Студент 10000","ББМО-01-23",4,4.3,5.2
